idx,class,conversation
0,일반 대화,"점심 뭐 먹을까? 벌써부터 너무 배고프다.
나도 완전 배고파. 오늘 매운 거 땡기는데?
오랜만에 구내식당 갈까? 메뉴 괜찮던데.
버거킹에 신메뉴 나왔대. 그거 먹어봐야겠다.
근데 거기 대기 줄 길지 않을까? 빨리 걷자.
당연하지. 오후에 일하려면 든든하게 먹어야지.
동의해. 다 먹고 나면 졸리니까 커피 필수지.
오 커피까지 사준다고? 완전 이득이다 가자.
커피는 내가 살게. 아까 네가 밥 샀으니까.
응 조심히 와. 도착하면 바로 시킬 수 있게 할게."
1,일반 대화,"아침 안 먹었더니 쓰러지겠어. 빨리 가자.
딱히 생각나는 게 없네. 너 먹고 싶은 거!
오 짬뽕 좋다. 국물이 진짜 끝내준다고 해.
버거킹에 신메뉴 나왔대. 그거 먹어봐야겠다.
근데 거기 대기 줄 길지 않을까? 빨리 걷자.
백반 좋지! 한국인은 밥심이지. 제육볶음 어때?
제육볶음 맛있어. 다 먹고 커피는 내가 쏠게.
오 커피까지 사준다고? 완전 이득이다 가자.
우리 오늘 점심시간 진짜 꽉 채워서 알차게 놀자.
좋아! 빨리 가서 먹고 가볍게 산책도 좀 하자."
2,일반 대화,"밥 먹으러 가자! 오늘따라 식욕이 넘치네.
오늘은 왠지 면 종류가 땡겨. 얼큰한 거!
오 짬뽕 좋다. 국물이 진짜 끝내준다고 해.
사람 많을지도 모르니까 지금 당장 출발하자.
오 탕수육까지? 오늘 완전 포식하는 날이네.
천천히 와. 내가 먼저 내려가서 줄 서고 있을게.
알았어 지금 당장 뛰어간다. 이따 카톡 할게.
오 커피까지 사준다고? 완전 이득이다 가자.
내가 아는 디저트 맛집 있어 거기로 바로 가자.
응 조심히 와. 도착하면 바로 시킬 수 있게 할게."
3,일반 대화,"밥 먹으러 가자! 오늘따라 식욕이 넘치네.
딱히 생각나는 게 없네. 너 먹고 싶은 거!
오랜만에 구내식당 갈까? 메뉴 괜찮던데.
맞아 탕수육도 엄청 바삭하고 맛있었어 가자.
저기 백반집 어때? 반찬 여러 가지 나오고 좋아.
당연하지. 오후에 일하려면 든든하게 먹어야지.
동의해. 다 먹고 나면 졸리니까 커피 필수지.
내가 먼저 가서 자리 맡아 놓을 테니까 와.
우리 오늘 점심시간 진짜 꽉 채워서 알차게 놀자.
좋아! 빨리 가서 먹고 가볍게 산책도 좀 하자."
4,일반 대화,"아침 안 먹었더니 쓰러지겠어. 빨리 가자.
오늘은 왠지 면 종류가 땡겨. 얼큰한 거!
오랜만에 구내식당 갈까? 메뉴 괜찮던데.
사람 많을지도 모르니까 지금 당장 출발하자.
알았어. 겉옷만 챙겨서 바로 나갈게 로비로 와.
당연하지. 오후에 일하려면 든든하게 먹어야지.
제육볶음 맛있어. 다 먹고 커피는 내가 쏠게.
당연하지! 밥 먹고 식후 커피 안 마시면 졸려.
내가 아는 디저트 맛집 있어 거기로 바로 가자.
다이어트는 내일부터 해야겠네. 너무 행복하다."
5,일반 대화,"아침 안 먹었더니 쓰러지겠어. 빨리 가자.
딱히 생각나는 게 없네. 너 먹고 싶은 거!
햄버거도 나쁘지 않지. 감튀 큰 걸로 먹자.
구내식당은 좀 물려. 그냥 밖에 나가서 먹자.
근데 거기 대기 줄 길지 않을까? 빨리 걷자.
지금 뛰어가면 괜찮을 거야. 늦으면 자리 없어.
제육볶음 맛있어. 다 먹고 커피는 내가 쏠게.
내가 먼저 가서 자리 맡아 놓을 테니까 와.
커피는 내가 살게. 아까 네가 밥 샀으니까.
진짜? 완전 고맙지. 얼른 가서 맛있게 먹자!"
6,일반 대화,"메뉴 정했어? 오늘 진짜 맛있는 거 먹자.
오늘은 왠지 면 종류가 땡겨. 얼큰한 거!
햄버거도 나쁘지 않지. 감튀 큰 걸로 먹자.
구내식당은 좀 물려. 그냥 밖에 나가서 먹자.
저기 백반집 어때? 반찬 여러 가지 나오고 좋아.
지금 뛰어가면 괜찮을 거야. 늦으면 자리 없어.
알았어 지금 당장 뛰어간다. 이따 카톡 할게.
오 커피까지 사준다고? 완전 이득이다 가자.
자리 맡아준다고? 진짜 고맙다 나 엘베 탔어.
응 조심히 와. 도착하면 바로 시킬 수 있게 할게."
7,일반 대화,"밥 먹으러 가자! 오늘따라 식욕이 넘치네.
나도 완전 배고파. 오늘 매운 거 땡기는데?
햄버거도 나쁘지 않지. 감튀 큰 걸로 먹자.
맞아 탕수육도 엄청 바삭하고 맛있었어 가자.
오 탕수육까지? 오늘 완전 포식하는 날이네.
백반 좋지! 한국인은 밥심이지. 제육볶음 어때?
다 먹고 시원한 아이스 아메리카노도 마실 거지?
디저트 배는 따로 있으니까 케이크도 먹을까?
커피는 내가 살게. 아까 네가 밥 샀으니까.
진짜? 완전 고맙지. 얼른 가서 맛있게 먹자!"
8,일반 대화,"아침 안 먹었더니 쓰러지겠어. 빨리 가자.
나도 완전 배고파. 오늘 매운 거 땡기는데?
오랜만에 구내식당 갈까? 메뉴 괜찮던데.
구내식당은 좀 물려. 그냥 밖에 나가서 먹자.
알았어. 겉옷만 챙겨서 바로 나갈게 로비로 와.
당연하지. 오후에 일하려면 든든하게 먹어야지.
제육볶음 맛있어. 다 먹고 커피는 내가 쏠게.
디저트 배는 따로 있으니까 케이크도 먹을까?
커피는 내가 살게. 아까 네가 밥 샀으니까.
진짜? 완전 고맙지. 얼른 가서 맛있게 먹자!"
9,일반 대화,"밥 먹으러 가자! 오늘따라 식욕이 넘치네.
오늘은 왠지 면 종류가 땡겨. 얼큰한 거!
매운 거면 짬뽕 어때? 새로 생긴 중국집!
맞아 탕수육도 엄청 바삭하고 맛있었어 가자.
알았어. 겉옷만 챙겨서 바로 나갈게 로비로 와.
지금 뛰어가면 괜찮을 거야. 늦으면 자리 없어.
동의해. 다 먹고 나면 졸리니까 커피 필수지.
디저트 배는 따로 있으니까 케이크도 먹을까?
우리 오늘 점심시간 진짜 꽉 채워서 알차게 놀자.
다이어트는 내일부터 해야겠네. 너무 행복하다."
10,일반 대화,"밥 먹으러 가자! 오늘따라 식욕이 넘치네.
딱히 생각나는 게 없네. 너 먹고 싶은 거!
오 짬뽕 좋다. 국물이 진짜 끝내준다고 해.
사람 많을지도 모르니까 지금 당장 출발하자.
근데 거기 대기 줄 길지 않을까? 빨리 걷자.
당연하지. 오후에 일하려면 든든하게 먹어야지.
동의해. 다 먹고 나면 졸리니까 커피 필수지.
내가 먼저 가서 자리 맡아 놓을 테니까 와.
커피는 내가 살게. 아까 네가 밥 샀으니까.
다이어트는 내일부터 해야겠네. 너무 행복하다."
11,일반 대화,"점심 뭐 먹을까? 벌써부터 너무 배고프다.
간단하게 햄버거 어때? 새로 오픈한 데 있어.
오 짬뽕 좋다. 국물이 진짜 끝내준다고 해.
버거킹에 신메뉴 나왔대. 그거 먹어봐야겠다.
알았어. 겉옷만 챙겨서 바로 나갈게 로비로 와.
지금 뛰어가면 괜찮을 거야. 늦으면 자리 없어.
다 먹고 시원한 아이스 아메리카노도 마실 거지?
내가 먼저 가서 자리 맡아 놓을 테니까 와.
커피는 내가 살게. 아까 네가 밥 샀으니까.
진짜? 완전 고맙지. 얼른 가서 맛있게 먹자!"
12,일반 대화,"밥 먹으러 가자! 오늘따라 식욕이 넘치네.
나도 완전 배고파. 오늘 매운 거 땡기는데?
햄버거도 나쁘지 않지. 감튀 큰 걸로 먹자.
버거킹에 신메뉴 나왔대. 그거 먹어봐야겠다.
저기 백반집 어때? 반찬 여러 가지 나오고 좋아.
지금 뛰어가면 괜찮을 거야. 늦으면 자리 없어.
동의해. 다 먹고 나면 졸리니까 커피 필수지.
디저트 배는 따로 있으니까 케이크도 먹을까?
우리 오늘 점심시간 진짜 꽉 채워서 알차게 놀자.
다이어트는 내일부터 해야겠네. 너무 행복하다."
13,일반 대화,"점심 뭐 먹을까? 벌써부터 너무 배고프다.
오늘은 왠지 면 종류가 땡겨. 얼큰한 거!
오랜만에 구내식당 갈까? 메뉴 괜찮던데.
버거킹에 신메뉴 나왔대. 그거 먹어봐야겠다.
알았어. 겉옷만 챙겨서 바로 나갈게 로비로 와.
천천히 와. 내가 먼저 내려가서 줄 서고 있을게.
알았어 지금 당장 뛰어간다. 이따 카톡 할게.
오 커피까지 사준다고? 완전 이득이다 가자.
우리 오늘 점심시간 진짜 꽉 채워서 알차게 놀자.
진짜? 완전 고맙지. 얼른 가서 맛있게 먹자!"
14,일반 대화,"아침 안 먹었더니 쓰러지겠어. 빨리 가자.
나도 완전 배고파. 오늘 매운 거 땡기는데?
매운 거면 짬뽕 어때? 새로 생긴 중국집!
구내식당은 좀 물려. 그냥 밖에 나가서 먹자.
알았어. 겉옷만 챙겨서 바로 나갈게 로비로 와.
천천히 와. 내가 먼저 내려가서 줄 서고 있을게.
알았어 지금 당장 뛰어간다. 이따 카톡 할게.
내가 먼저 가서 자리 맡아 놓을 테니까 와.
우리 오늘 점심시간 진짜 꽉 채워서 알차게 놀자.
응 조심히 와. 도착하면 바로 시킬 수 있게 할게."
15,일반 대화,"밥 먹으러 가자! 오늘따라 식욕이 넘치네.
나도 완전 배고파. 오늘 매운 거 땡기는데?
매운 거면 짬뽕 어때? 새로 생긴 중국집!
맞아 탕수육도 엄청 바삭하고 맛있었어 가자.
알았어. 겉옷만 챙겨서 바로 나갈게 로비로 와.
천천히 와. 내가 먼저 내려가서 줄 서고 있을게.
다 먹고 시원한 아이스 아메리카노도 마실 거지?
오 커피까지 사준다고? 완전 이득이다 가자.
우리 오늘 점심시간 진짜 꽉 채워서 알차게 놀자.
다이어트는 내일부터 해야겠네. 너무 행복하다."
16,일반 대화,"메뉴 정했어? 오늘 진짜 맛있는 거 먹자.
딱히 생각나는 게 없네. 너 먹고 싶은 거!
오 짬뽕 좋다. 국물이 진짜 끝내준다고 해.
구내식당은 좀 물려. 그냥 밖에 나가서 먹자.
근데 거기 대기 줄 길지 않을까? 빨리 걷자.
지금 뛰어가면 괜찮을 거야. 늦으면 자리 없어.
제육볶음 맛있어. 다 먹고 커피는 내가 쏠게.
내가 먼저 가서 자리 맡아 놓을 테니까 와.
자리 맡아준다고? 진짜 고맙다 나 엘베 탔어.
좋아! 빨리 가서 먹고 가볍게 산책도 좀 하자."
17,일반 대화,"메뉴 정했어? 오늘 진짜 맛있는 거 먹자.
딱히 생각나는 게 없네. 너 먹고 싶은 거!
오랜만에 구내식당 갈까? 메뉴 괜찮던데.
버거킹에 신메뉴 나왔대. 그거 먹어봐야겠다.
오 탕수육까지? 오늘 완전 포식하는 날이네.
당연하지. 오후에 일하려면 든든하게 먹어야지.
제육볶음 맛있어. 다 먹고 커피는 내가 쏠게.
당연하지! 밥 먹고 식후 커피 안 마시면 졸려.
커피는 내가 살게. 아까 네가 밥 샀으니까.
다이어트는 내일부터 해야겠네. 너무 행복하다."
18,일반 대화,"아침 안 먹었더니 쓰러지겠어. 빨리 가자.
딱히 생각나는 게 없네. 너 먹고 싶은 거!
매운 거면 짬뽕 어때? 새로 생긴 중국집!
버거킹에 신메뉴 나왔대. 그거 먹어봐야겠다.
저기 백반집 어때? 반찬 여러 가지 나오고 좋아.
천천히 와. 내가 먼저 내려가서 줄 서고 있을게.
동의해. 다 먹고 나면 졸리니까 커피 필수지.
내가 먼저 가서 자리 맡아 놓을 테니까 와.
내가 아는 디저트 맛집 있어 거기로 바로 가자.
진짜? 완전 고맙지. 얼른 가서 맛있게 먹자!"
19,일반 대화,"아침 안 먹었더니 쓰러지겠어. 빨리 가자.
딱히 생각나는 게 없네. 너 먹고 싶은 거!
햄버거도 나쁘지 않지. 감튀 큰 걸로 먹자.
사람 많을지도 모르니까 지금 당장 출발하자.
알았어. 겉옷만 챙겨서 바로 나갈게 로비로 와.
백반 좋지! 한국인은 밥심이지. 제육볶음 어때?
알았어 지금 당장 뛰어간다. 이따 카톡 할게.
디저트 배는 따로 있으니까 케이크도 먹을까?
커피는 내가 살게. 아까 네가 밥 샀으니까.
진짜? 완전 고맙지. 얼른 가서 맛있게 먹자!"
20,일반 대화,"점심 뭐 먹을까? 벌써부터 너무 배고프다.
간단하게 햄버거 어때? 새로 오픈한 데 있어.
오 짬뽕 좋다. 국물이 진짜 끝내준다고 해.
사람 많을지도 모르니까 지금 당장 출발하자.
오 탕수육까지? 오늘 완전 포식하는 날이네.
백반 좋지! 한국인은 밥심이지. 제육볶음 어때?
다 먹고 시원한 아이스 아메리카노도 마실 거지?
오 커피까지 사준다고? 완전 이득이다 가자.
커피는 내가 살게. 아까 네가 밥 샀으니까.
응 조심히 와. 도착하면 바로 시킬 수 있게 할게."
21,일반 대화,"아침 안 먹었더니 쓰러지겠어. 빨리 가자.
딱히 생각나는 게 없네. 너 먹고 싶은 거!
매운 거면 짬뽕 어때? 새로 생긴 중국집!
구내식당은 좀 물려. 그냥 밖에 나가서 먹자.
저기 백반집 어때? 반찬 여러 가지 나오고 좋아.
지금 뛰어가면 괜찮을 거야. 늦으면 자리 없어.
제육볶음 맛있어. 다 먹고 커피는 내가 쏠게.
당연하지! 밥 먹고 식후 커피 안 마시면 졸려.
커피는 내가 살게. 아까 네가 밥 샀으니까.
진짜? 완전 고맙지. 얼른 가서 맛있게 먹자!"
22,일반 대화,"아침 안 먹었더니 쓰러지겠어. 빨리 가자.
간단하게 햄버거 어때? 새로 오픈한 데 있어.
오 짬뽕 좋다. 국물이 진짜 끝내준다고 해.
구내식당은 좀 물려. 그냥 밖에 나가서 먹자.
오 탕수육까지? 오늘 완전 포식하는 날이네.
지금 뛰어가면 괜찮을 거야. 늦으면 자리 없어.
제육볶음 맛있어. 다 먹고 커피는 내가 쏠게.
디저트 배는 따로 있으니까 케이크도 먹을까?
내가 아는 디저트 맛집 있어 거기로 바로 가자.
다이어트는 내일부터 해야겠네. 너무 행복하다."
23,일반 대화,"메뉴 정했어? 오늘 진짜 맛있는 거 먹자.
오늘은 왠지 면 종류가 땡겨. 얼큰한 거!
햄버거도 나쁘지 않지. 감튀 큰 걸로 먹자.
사람 많을지도 모르니까 지금 당장 출발하자.
오 탕수육까지? 오늘 완전 포식하는 날이네.
백반 좋지! 한국인은 밥심이지. 제육볶음 어때?
제육볶음 맛있어. 다 먹고 커피는 내가 쏠게.
당연하지! 밥 먹고 식후 커피 안 마시면 졸려.
커피는 내가 살게. 아까 네가 밥 샀으니까.
진짜? 완전 고맙지. 얼른 가서 맛있게 먹자!"
24,일반 대화,"점심 뭐 먹을까? 벌써부터 너무 배고프다.
나도 완전 배고파. 오늘 매운 거 땡기는데?
오 짬뽕 좋다. 국물이 진짜 끝내준다고 해.
맞아 탕수육도 엄청 바삭하고 맛있었어 가자.
알았어. 겉옷만 챙겨서 바로 나갈게 로비로 와.
천천히 와. 내가 먼저 내려가서 줄 서고 있을게.
알았어 지금 당장 뛰어간다. 이따 카톡 할게.
내가 먼저 가서 자리 맡아 놓을 테니까 와.
내가 아는 디저트 맛집 있어 거기로 바로 가자.
진짜? 완전 고맙지. 얼른 가서 맛있게 먹자!"
25,일반 대화,"메뉴 정했어? 오늘 진짜 맛있는 거 먹자.
간단하게 햄버거 어때? 새로 오픈한 데 있어.
오랜만에 구내식당 갈까? 메뉴 괜찮던데.
사람 많을지도 모르니까 지금 당장 출발하자.
근데 거기 대기 줄 길지 않을까? 빨리 걷자.
당연하지. 오후에 일하려면 든든하게 먹어야지.
알았어 지금 당장 뛰어간다. 이따 카톡 할게.
디저트 배는 따로 있으니까 케이크도 먹을까?
커피는 내가 살게. 아까 네가 밥 샀으니까.
진짜? 완전 고맙지. 얼른 가서 맛있게 먹자!"
26,일반 대화,"아침 안 먹었더니 쓰러지겠어. 빨리 가자.
오늘은 왠지 면 종류가 땡겨. 얼큰한 거!
오랜만에 구내식당 갈까? 메뉴 괜찮던데.
버거킹에 신메뉴 나왔대. 그거 먹어봐야겠다.
오 탕수육까지? 오늘 완전 포식하는 날이네.
지금 뛰어가면 괜찮을 거야. 늦으면 자리 없어.
동의해. 다 먹고 나면 졸리니까 커피 필수지.
당연하지! 밥 먹고 식후 커피 안 마시면 졸려.
내가 아는 디저트 맛집 있어 거기로 바로 가자.
다이어트는 내일부터 해야겠네. 너무 행복하다."
27,일반 대화,"점심 뭐 먹을까? 벌써부터 너무 배고프다.
간단하게 햄버거 어때? 새로 오픈한 데 있어.
햄버거도 나쁘지 않지. 감튀 큰 걸로 먹자.
사람 많을지도 모르니까 지금 당장 출발하자.
알았어. 겉옷만 챙겨서 바로 나갈게 로비로 와.
백반 좋지! 한국인은 밥심이지. 제육볶음 어때?
다 먹고 시원한 아이스 아메리카노도 마실 거지?
내가 먼저 가서 자리 맡아 놓을 테니까 와.
자리 맡아준다고? 진짜 고맙다 나 엘베 탔어.
응 조심히 와. 도착하면 바로 시킬 수 있게 할게."
28,일반 대화,"점심 뭐 먹을까? 벌써부터 너무 배고프다.
나도 완전 배고파. 오늘 매운 거 땡기는데?
매운 거면 짬뽕 어때? 새로 생긴 중국집!
버거킹에 신메뉴 나왔대. 그거 먹어봐야겠다.
알았어. 겉옷만 챙겨서 바로 나갈게 로비로 와.
백반 좋지! 한국인은 밥심이지. 제육볶음 어때?
다 먹고 시원한 아이스 아메리카노도 마실 거지?
내가 먼저 가서 자리 맡아 놓을 테니까 와.
자리 맡아준다고? 진짜 고맙다 나 엘베 탔어.
좋아! 빨리 가서 먹고 가볍게 산책도 좀 하자."
29,일반 대화,"메뉴 정했어? 오늘 진짜 맛있는 거 먹자.
나도 완전 배고파. 오늘 매운 거 땡기는데?
오랜만에 구내식당 갈까? 메뉴 괜찮던데.
사람 많을지도 모르니까 지금 당장 출발하자.
저기 백반집 어때? 반찬 여러 가지 나오고 좋아.
천천히 와. 내가 먼저 내려가서 줄 서고 있을게.
동의해. 다 먹고 나면 졸리니까 커피 필수지.
오 커피까지 사준다고? 완전 이득이다 가자.
자리 맡아준다고? 진짜 고맙다 나 엘베 탔어.
다이어트는 내일부터 해야겠네. 너무 행복하다."
30,일반 대화,"메뉴 정했어? 오늘 진짜 맛있는 거 먹자.
딱히 생각나는 게 없네. 너 먹고 싶은 거!
햄버거도 나쁘지 않지. 감튀 큰 걸로 먹자.
맞아 탕수육도 엄청 바삭하고 맛있었어 가자.
저기 백반집 어때? 반찬 여러 가지 나오고 좋아.
당연하지. 오후에 일하려면 든든하게 먹어야지.
다 먹고 시원한 아이스 아메리카노도 마실 거지?
오 커피까지 사준다고? 완전 이득이다 가자.
우리 오늘 점심시간 진짜 꽉 채워서 알차게 놀자.
좋아! 빨리 가서 먹고 가볍게 산책도 좀 하자."
31,일반 대화,"아침 안 먹었더니 쓰러지겠어. 빨리 가자.
간단하게 햄버거 어때? 새로 오픈한 데 있어.
매운 거면 짬뽕 어때? 새로 생긴 중국집!
맞아 탕수육도 엄청 바삭하고 맛있었어 가자.
오 탕수육까지? 오늘 완전 포식하는 날이네.
지금 뛰어가면 괜찮을 거야. 늦으면 자리 없어.
제육볶음 맛있어. 다 먹고 커피는 내가 쏠게.
내가 먼저 가서 자리 맡아 놓을 테니까 와.
우리 오늘 점심시간 진짜 꽉 채워서 알차게 놀자.
좋아! 빨리 가서 먹고 가볍게 산책도 좀 하자."
32,일반 대화,"점심 뭐 먹을까? 벌써부터 너무 배고프다.
간단하게 햄버거 어때? 새로 오픈한 데 있어.
햄버거도 나쁘지 않지. 감튀 큰 걸로 먹자.
구내식당은 좀 물려. 그냥 밖에 나가서 먹자.
저기 백반집 어때? 반찬 여러 가지 나오고 좋아.
당연하지. 오후에 일하려면 든든하게 먹어야지.
다 먹고 시원한 아이스 아메리카노도 마실 거지?
디저트 배는 따로 있으니까 케이크도 먹을까?
자리 맡아준다고? 진짜 고맙다 나 엘베 탔어.
응 조심히 와. 도착하면 바로 시킬 수 있게 할게."
33,일반 대화,"아침 안 먹었더니 쓰러지겠어. 빨리 가자.
나도 완전 배고파. 오늘 매운 거 땡기는데?
매운 거면 짬뽕 어때? 새로 생긴 중국집!
사람 많을지도 모르니까 지금 당장 출발하자.
저기 백반집 어때? 반찬 여러 가지 나오고 좋아.
천천히 와. 내가 먼저 내려가서 줄 서고 있을게.
다 먹고 시원한 아이스 아메리카노도 마실 거지?
디저트 배는 따로 있으니까 케이크도 먹을까?
우리 오늘 점심시간 진짜 꽉 채워서 알차게 놀자.
좋아! 빨리 가서 먹고 가볍게 산책도 좀 하자."
34,일반 대화,"점심 뭐 먹을까? 벌써부터 너무 배고프다.
나도 완전 배고파. 오늘 매운 거 땡기는데?
햄버거도 나쁘지 않지. 감튀 큰 걸로 먹자.
구내식당은 좀 물려. 그냥 밖에 나가서 먹자.
저기 백반집 어때? 반찬 여러 가지 나오고 좋아.
천천히 와. 내가 먼저 내려가서 줄 서고 있을게.
동의해. 다 먹고 나면 졸리니까 커피 필수지.
오 커피까지 사준다고? 완전 이득이다 가자.
내가 아는 디저트 맛집 있어 거기로 바로 가자.
좋아! 빨리 가서 먹고 가볍게 산책도 좀 하자."
35,일반 대화,"아침 안 먹었더니 쓰러지겠어. 빨리 가자.
나도 완전 배고파. 오늘 매운 거 땡기는데?
매운 거면 짬뽕 어때? 새로 생긴 중국집!
버거킹에 신메뉴 나왔대. 그거 먹어봐야겠다.
알았어. 겉옷만 챙겨서 바로 나갈게 로비로 와.
지금 뛰어가면 괜찮을 거야. 늦으면 자리 없어.
알았어 지금 당장 뛰어간다. 이따 카톡 할게.
오 커피까지 사준다고? 완전 이득이다 가자.
우리 오늘 점심시간 진짜 꽉 채워서 알차게 놀자.
응 조심히 와. 도착하면 바로 시킬 수 있게 할게."
36,일반 대화,"아침 안 먹었더니 쓰러지겠어. 빨리 가자.
간단하게 햄버거 어때? 새로 오픈한 데 있어.
오 짬뽕 좋다. 국물이 진짜 끝내준다고 해.
버거킹에 신메뉴 나왔대. 그거 먹어봐야겠다.
저기 백반집 어때? 반찬 여러 가지 나오고 좋아.
당연하지. 오후에 일하려면 든든하게 먹어야지.
다 먹고 시원한 아이스 아메리카노도 마실 거지?
당연하지! 밥 먹고 식후 커피 안 마시면 졸려.
우리 오늘 점심시간 진짜 꽉 채워서 알차게 놀자.
응 조심히 와. 도착하면 바로 시킬 수 있게 할게."
37,일반 대화,"점심 뭐 먹을까? 벌써부터 너무 배고프다.
딱히 생각나는 게 없네. 너 먹고 싶은 거!
오 짬뽕 좋다. 국물이 진짜 끝내준다고 해.
맞아 탕수육도 엄청 바삭하고 맛있었어 가자.
오 탕수육까지? 오늘 완전 포식하는 날이네.
백반 좋지! 한국인은 밥심이지. 제육볶음 어때?
다 먹고 시원한 아이스 아메리카노도 마실 거지?
당연하지! 밥 먹고 식후 커피 안 마시면 졸려.
커피는 내가 살게. 아까 네가 밥 샀으니까.
다이어트는 내일부터 해야겠네. 너무 행복하다."
38,일반 대화,"아침 안 먹었더니 쓰러지겠어. 빨리 가자.
나도 완전 배고파. 오늘 매운 거 땡기는데?
매운 거면 짬뽕 어때? 새로 생긴 중국집!
버거킹에 신메뉴 나왔대. 그거 먹어봐야겠다.
오 탕수육까지? 오늘 완전 포식하는 날이네.
당연하지. 오후에 일하려면 든든하게 먹어야지.
제육볶음 맛있어. 다 먹고 커피는 내가 쏠게.
내가 먼저 가서 자리 맡아 놓을 테니까 와.
우리 오늘 점심시간 진짜 꽉 채워서 알차게 놀자.
다이어트는 내일부터 해야겠네. 너무 행복하다."
39,일반 대화,"점심 뭐 먹을까? 벌써부터 너무 배고프다.
딱히 생각나는 게 없네. 너 먹고 싶은 거!
오 짬뽕 좋다. 국물이 진짜 끝내준다고 해.
사람 많을지도 모르니까 지금 당장 출발하자.
알았어. 겉옷만 챙겨서 바로 나갈게 로비로 와.
지금 뛰어가면 괜찮을 거야. 늦으면 자리 없어.
제육볶음 맛있어. 다 먹고 커피는 내가 쏠게.
내가 먼저 가서 자리 맡아 놓을 테니까 와.
우리 오늘 점심시간 진짜 꽉 채워서 알차게 놀자.
진짜? 완전 고맙지. 얼른 가서 맛있게 먹자!"
40,일반 대화,"점심 뭐 먹을까? 벌써부터 너무 배고프다.
나도 완전 배고파. 오늘 매운 거 땡기는데?
오 짬뽕 좋다. 국물이 진짜 끝내준다고 해.
맞아 탕수육도 엄청 바삭하고 맛있었어 가자.
근데 거기 대기 줄 길지 않을까? 빨리 걷자.
당연하지. 오후에 일하려면 든든하게 먹어야지.
제육볶음 맛있어. 다 먹고 커피는 내가 쏠게.
당연하지! 밥 먹고 식후 커피 안 마시면 졸려.
내가 아는 디저트 맛집 있어 거기로 바로 가자.
다이어트는 내일부터 해야겠네. 너무 행복하다."
41,일반 대화,"점심 뭐 먹을까? 벌써부터 너무 배고프다.
오늘은 왠지 면 종류가 땡겨. 얼큰한 거!
매운 거면 짬뽕 어때? 새로 생긴 중국집!
구내식당은 좀 물려. 그냥 밖에 나가서 먹자.
알았어. 겉옷만 챙겨서 바로 나갈게 로비로 와.
천천히 와. 내가 먼저 내려가서 줄 서고 있을게.
동의해. 다 먹고 나면 졸리니까 커피 필수지.
당연하지! 밥 먹고 식후 커피 안 마시면 졸려.
우리 오늘 점심시간 진짜 꽉 채워서 알차게 놀자.
좋아! 빨리 가서 먹고 가볍게 산책도 좀 하자."
42,일반 대화,"아침 안 먹었더니 쓰러지겠어. 빨리 가자.
나도 완전 배고파. 오늘 매운 거 땡기는데?
햄버거도 나쁘지 않지. 감튀 큰 걸로 먹자.
버거킹에 신메뉴 나왔대. 그거 먹어봐야겠다.
알았어. 겉옷만 챙겨서 바로 나갈게 로비로 와.
당연하지. 오후에 일하려면 든든하게 먹어야지.
다 먹고 시원한 아이스 아메리카노도 마실 거지?
당연하지! 밥 먹고 식후 커피 안 마시면 졸려.
자리 맡아준다고? 진짜 고맙다 나 엘베 탔어.
응 조심히 와. 도착하면 바로 시킬 수 있게 할게."
43,일반 대화,"메뉴 정했어? 오늘 진짜 맛있는 거 먹자.
나도 완전 배고파. 오늘 매운 거 땡기는데?
매운 거면 짬뽕 어때? 새로 생긴 중국집!
구내식당은 좀 물려. 그냥 밖에 나가서 먹자.
근데 거기 대기 줄 길지 않을까? 빨리 걷자.
당연하지. 오후에 일하려면 든든하게 먹어야지.
동의해. 다 먹고 나면 졸리니까 커피 필수지.
오 커피까지 사준다고? 완전 이득이다 가자.
내가 아는 디저트 맛집 있어 거기로 바로 가자.
응 조심히 와. 도착하면 바로 시킬 수 있게 할게."
44,일반 대화,"메뉴 정했어? 오늘 진짜 맛있는 거 먹자.
간단하게 햄버거 어때? 새로 오픈한 데 있어.
오랜만에 구내식당 갈까? 메뉴 괜찮던데.
맞아 탕수육도 엄청 바삭하고 맛있었어 가자.
오 탕수육까지? 오늘 완전 포식하는 날이네.
지금 뛰어가면 괜찮을 거야. 늦으면 자리 없어.
다 먹고 시원한 아이스 아메리카노도 마실 거지?
내가 먼저 가서 자리 맡아 놓을 테니까 와.
우리 오늘 점심시간 진짜 꽉 채워서 알차게 놀자.
다이어트는 내일부터 해야겠네. 너무 행복하다."
45,일반 대화,"메뉴 정했어? 오늘 진짜 맛있는 거 먹자.
오늘은 왠지 면 종류가 땡겨. 얼큰한 거!
오랜만에 구내식당 갈까? 메뉴 괜찮던데.
구내식당은 좀 물려. 그냥 밖에 나가서 먹자.
근데 거기 대기 줄 길지 않을까? 빨리 걷자.
천천히 와. 내가 먼저 내려가서 줄 서고 있을게.
동의해. 다 먹고 나면 졸리니까 커피 필수지.
오 커피까지 사준다고? 완전 이득이다 가자.
우리 오늘 점심시간 진짜 꽉 채워서 알차게 놀자.
다이어트는 내일부터 해야겠네. 너무 행복하다."
46,일반 대화,"점심 뭐 먹을까? 벌써부터 너무 배고프다.
오늘은 왠지 면 종류가 땡겨. 얼큰한 거!
오랜만에 구내식당 갈까? 메뉴 괜찮던데.
버거킹에 신메뉴 나왔대. 그거 먹어봐야겠다.
저기 백반집 어때? 반찬 여러 가지 나오고 좋아.
백반 좋지! 한국인은 밥심이지. 제육볶음 어때?
다 먹고 시원한 아이스 아메리카노도 마실 거지?
당연하지! 밥 먹고 식후 커피 안 마시면 졸려.
내가 아는 디저트 맛집 있어 거기로 바로 가자.
다이어트는 내일부터 해야겠네. 너무 행복하다."
47,일반 대화,"메뉴 정했어? 오늘 진짜 맛있는 거 먹자.
딱히 생각나는 게 없네. 너 먹고 싶은 거!
오 짬뽕 좋다. 국물이 진짜 끝내준다고 해.
사람 많을지도 모르니까 지금 당장 출발하자.
알았어. 겉옷만 챙겨서 바로 나갈게 로비로 와.
천천히 와. 내가 먼저 내려가서 줄 서고 있을게.
제육볶음 맛있어. 다 먹고 커피는 내가 쏠게.
당연하지! 밥 먹고 식후 커피 안 마시면 졸려.
커피는 내가 살게. 아까 네가 밥 샀으니까.
다이어트는 내일부터 해야겠네. 너무 행복하다."
48,일반 대화,"밥 먹으러 가자! 오늘따라 식욕이 넘치네.
딱히 생각나는 게 없네. 너 먹고 싶은 거!
오랜만에 구내식당 갈까? 메뉴 괜찮던데.
맞아 탕수육도 엄청 바삭하고 맛있었어 가자.
오 탕수육까지? 오늘 완전 포식하는 날이네.
백반 좋지! 한국인은 밥심이지. 제육볶음 어때?
알았어 지금 당장 뛰어간다. 이따 카톡 할게.
디저트 배는 따로 있으니까 케이크도 먹을까?
자리 맡아준다고? 진짜 고맙다 나 엘베 탔어.
진짜? 완전 고맙지. 얼른 가서 맛있게 먹자!"
49,일반 대화,"메뉴 정했어? 오늘 진짜 맛있는 거 먹자.
나도 완전 배고파. 오늘 매운 거 땡기는데?
오 짬뽕 좋다. 국물이 진짜 끝내준다고 해.
사람 많을지도 모르니까 지금 당장 출발하자.
저기 백반집 어때? 반찬 여러 가지 나오고 좋아.
천천히 와. 내가 먼저 내려가서 줄 서고 있을게.
다 먹고 시원한 아이스 아메리카노도 마실 거지?
디저트 배는 따로 있으니까 케이크도 먹을까?
자리 맡아준다고? 진짜 고맙다 나 엘베 탔어.
진짜? 완전 고맙지. 얼른 가서 맛있게 먹자!"
50,일반 대화,"아침 안 먹었더니 쓰러지겠어. 빨리 가자.
나도 완전 배고파. 오늘 매운 거 땡기는데?
오랜만에 구내식당 갈까? 메뉴 괜찮던데.
사람 많을지도 모르니까 지금 당장 출발하자.
저기 백반집 어때? 반찬 여러 가지 나오고 좋아.
천천히 와. 내가 먼저 내려가서 줄 서고 있을게.
동의해. 다 먹고 나면 졸리니까 커피 필수지.
디저트 배는 따로 있으니까 케이크도 먹을까?
내가 아는 디저트 맛집 있어 거기로 바로 가자.
진짜? 완전 고맙지. 얼른 가서 맛있게 먹자!"
51,일반 대화,"점심 뭐 먹을까? 벌써부터 너무 배고프다.
오늘은 왠지 면 종류가 땡겨. 얼큰한 거!
오랜만에 구내식당 갈까? 메뉴 괜찮던데.
맞아 탕수육도 엄청 바삭하고 맛있었어 가자.
알았어. 겉옷만 챙겨서 바로 나갈게 로비로 와.
당연하지. 오후에 일하려면 든든하게 먹어야지.
다 먹고 시원한 아이스 아메리카노도 마실 거지?
내가 먼저 가서 자리 맡아 놓을 테니까 와.
커피는 내가 살게. 아까 네가 밥 샀으니까.
진짜? 완전 고맙지. 얼른 가서 맛있게 먹자!"
52,일반 대화,"점심 뭐 먹을까? 벌써부터 너무 배고프다.
나도 완전 배고파. 오늘 매운 거 땡기는데?
매운 거면 짬뽕 어때? 새로 생긴 중국집!
맞아 탕수육도 엄청 바삭하고 맛있었어 가자.
알았어. 겉옷만 챙겨서 바로 나갈게 로비로 와.
당연하지. 오후에 일하려면 든든하게 먹어야지.
동의해. 다 먹고 나면 졸리니까 커피 필수지.
오 커피까지 사준다고? 완전 이득이다 가자.
우리 오늘 점심시간 진짜 꽉 채워서 알차게 놀자.
좋아! 빨리 가서 먹고 가볍게 산책도 좀 하자."
53,일반 대화,"밥 먹으러 가자! 오늘따라 식욕이 넘치네.
딱히 생각나는 게 없네. 너 먹고 싶은 거!
오랜만에 구내식당 갈까? 메뉴 괜찮던데.
맞아 탕수육도 엄청 바삭하고 맛있었어 가자.
저기 백반집 어때? 반찬 여러 가지 나오고 좋아.
천천히 와. 내가 먼저 내려가서 줄 서고 있을게.
다 먹고 시원한 아이스 아메리카노도 마실 거지?
당연하지! 밥 먹고 식후 커피 안 마시면 졸려.
우리 오늘 점심시간 진짜 꽉 채워서 알차게 놀자.
다이어트는 내일부터 해야겠네. 너무 행복하다."
54,일반 대화,"밥 먹으러 가자! 오늘따라 식욕이 넘치네.
나도 완전 배고파. 오늘 매운 거 땡기는데?
매운 거면 짬뽕 어때? 새로 생긴 중국집!
구내식당은 좀 물려. 그냥 밖에 나가서 먹자.
저기 백반집 어때? 반찬 여러 가지 나오고 좋아.
지금 뛰어가면 괜찮을 거야. 늦으면 자리 없어.
알았어 지금 당장 뛰어간다. 이따 카톡 할게.
오 커피까지 사준다고? 완전 이득이다 가자.
내가 아는 디저트 맛집 있어 거기로 바로 가자.
다이어트는 내일부터 해야겠네. 너무 행복하다."
55,일반 대화,"아침 안 먹었더니 쓰러지겠어. 빨리 가자.
오늘은 왠지 면 종류가 땡겨. 얼큰한 거!
오랜만에 구내식당 갈까? 메뉴 괜찮던데.
사람 많을지도 모르니까 지금 당장 출발하자.
저기 백반집 어때? 반찬 여러 가지 나오고 좋아.
당연하지. 오후에 일하려면 든든하게 먹어야지.
알았어 지금 당장 뛰어간다. 이따 카톡 할게.
당연하지! 밥 먹고 식후 커피 안 마시면 졸려.
우리 오늘 점심시간 진짜 꽉 채워서 알차게 놀자.
다이어트는 내일부터 해야겠네. 너무 행복하다."
56,일반 대화,"점심 뭐 먹을까? 벌써부터 너무 배고프다.
간단하게 햄버거 어때? 새로 오픈한 데 있어.
매운 거면 짬뽕 어때? 새로 생긴 중국집!
구내식당은 좀 물려. 그냥 밖에 나가서 먹자.
오 탕수육까지? 오늘 완전 포식하는 날이네.
지금 뛰어가면 괜찮을 거야. 늦으면 자리 없어.
알았어 지금 당장 뛰어간다. 이따 카톡 할게.
당연하지! 밥 먹고 식후 커피 안 마시면 졸려.
내가 아는 디저트 맛집 있어 거기로 바로 가자.
응 조심히 와. 도착하면 바로 시킬 수 있게 할게."
57,일반 대화,"메뉴 정했어? 오늘 진짜 맛있는 거 먹자.
나도 완전 배고파. 오늘 매운 거 땡기는데?
매운 거면 짬뽕 어때? 새로 생긴 중국집!
버거킹에 신메뉴 나왔대. 그거 먹어봐야겠다.
근데 거기 대기 줄 길지 않을까? 빨리 걷자.
천천히 와. 내가 먼저 내려가서 줄 서고 있을게.
알았어 지금 당장 뛰어간다. 이따 카톡 할게.
당연하지! 밥 먹고 식후 커피 안 마시면 졸려.
자리 맡아준다고? 진짜 고맙다 나 엘베 탔어.
좋아! 빨리 가서 먹고 가볍게 산책도 좀 하자."
58,일반 대화,"밥 먹으러 가자! 오늘따라 식욕이 넘치네.
간단하게 햄버거 어때? 새로 오픈한 데 있어.
매운 거면 짬뽕 어때? 새로 생긴 중국집!
맞아 탕수육도 엄청 바삭하고 맛있었어 가자.
오 탕수육까지? 오늘 완전 포식하는 날이네.
당연하지. 오후에 일하려면 든든하게 먹어야지.
알았어 지금 당장 뛰어간다. 이따 카톡 할게.
당연하지! 밥 먹고 식후 커피 안 마시면 졸려.
내가 아는 디저트 맛집 있어 거기로 바로 가자.
응 조심히 와. 도착하면 바로 시킬 수 있게 할게."
59,일반 대화,"밥 먹으러 가자! 오늘따라 식욕이 넘치네.
딱히 생각나는 게 없네. 너 먹고 싶은 거!
오랜만에 구내식당 갈까? 메뉴 괜찮던데.
맞아 탕수육도 엄청 바삭하고 맛있었어 가자.
근데 거기 대기 줄 길지 않을까? 빨리 걷자.
지금 뛰어가면 괜찮을 거야. 늦으면 자리 없어.
동의해. 다 먹고 나면 졸리니까 커피 필수지.
디저트 배는 따로 있으니까 케이크도 먹을까?
우리 오늘 점심시간 진짜 꽉 채워서 알차게 놀자.
진짜? 완전 고맙지. 얼른 가서 맛있게 먹자!"
60,일반 대화,"점심 뭐 먹을까? 벌써부터 너무 배고프다.
딱히 생각나는 게 없네. 너 먹고 싶은 거!
오 짬뽕 좋다. 국물이 진짜 끝내준다고 해.
맞아 탕수육도 엄청 바삭하고 맛있었어 가자.
저기 백반집 어때? 반찬 여러 가지 나오고 좋아.
백반 좋지! 한국인은 밥심이지. 제육볶음 어때?
동의해. 다 먹고 나면 졸리니까 커피 필수지.
당연하지! 밥 먹고 식후 커피 안 마시면 졸려.
우리 오늘 점심시간 진짜 꽉 채워서 알차게 놀자.
좋아! 빨리 가서 먹고 가볍게 산책도 좀 하자."
61,일반 대화,"아침 안 먹었더니 쓰러지겠어. 빨리 가자.
딱히 생각나는 게 없네. 너 먹고 싶은 거!
햄버거도 나쁘지 않지. 감튀 큰 걸로 먹자.
맞아 탕수육도 엄청 바삭하고 맛있었어 가자.
근데 거기 대기 줄 길지 않을까? 빨리 걷자.
당연하지. 오후에 일하려면 든든하게 먹어야지.
알았어 지금 당장 뛰어간다. 이따 카톡 할게.
오 커피까지 사준다고? 완전 이득이다 가자.
내가 아는 디저트 맛집 있어 거기로 바로 가자.
다이어트는 내일부터 해야겠네. 너무 행복하다."
62,일반 대화,"아침 안 먹었더니 쓰러지겠어. 빨리 가자.
딱히 생각나는 게 없네. 너 먹고 싶은 거!
오 짬뽕 좋다. 국물이 진짜 끝내준다고 해.
버거킹에 신메뉴 나왔대. 그거 먹어봐야겠다.
근데 거기 대기 줄 길지 않을까? 빨리 걷자.
백반 좋지! 한국인은 밥심이지. 제육볶음 어때?
제육볶음 맛있어. 다 먹고 커피는 내가 쏠게.
오 커피까지 사준다고? 완전 이득이다 가자.
우리 오늘 점심시간 진짜 꽉 채워서 알차게 놀자.
진짜? 완전 고맙지. 얼른 가서 맛있게 먹자!"
63,일반 대화,"메뉴 정했어? 오늘 진짜 맛있는 거 먹자.
나도 완전 배고파. 오늘 매운 거 땡기는데?
오 짬뽕 좋다. 국물이 진짜 끝내준다고 해.
구내식당은 좀 물려. 그냥 밖에 나가서 먹자.
근데 거기 대기 줄 길지 않을까? 빨리 걷자.
당연하지. 오후에 일하려면 든든하게 먹어야지.
동의해. 다 먹고 나면 졸리니까 커피 필수지.
오 커피까지 사준다고? 완전 이득이다 가자.
우리 오늘 점심시간 진짜 꽉 채워서 알차게 놀자.
진짜? 완전 고맙지. 얼른 가서 맛있게 먹자!"
64,일반 대화,"점심 뭐 먹을까? 벌써부터 너무 배고프다.
간단하게 햄버거 어때? 새로 오픈한 데 있어.
햄버거도 나쁘지 않지. 감튀 큰 걸로 먹자.
사람 많을지도 모르니까 지금 당장 출발하자.
저기 백반집 어때? 반찬 여러 가지 나오고 좋아.
당연하지. 오후에 일하려면 든든하게 먹어야지.
제육볶음 맛있어. 다 먹고 커피는 내가 쏠게.
디저트 배는 따로 있으니까 케이크도 먹을까?
자리 맡아준다고? 진짜 고맙다 나 엘베 탔어.
다이어트는 내일부터 해야겠네. 너무 행복하다."
65,일반 대화,"밥 먹으러 가자! 오늘따라 식욕이 넘치네.
나도 완전 배고파. 오늘 매운 거 땡기는데?
오 짬뽕 좋다. 국물이 진짜 끝내준다고 해.
버거킹에 신메뉴 나왔대. 그거 먹어봐야겠다.
근데 거기 대기 줄 길지 않을까? 빨리 걷자.
당연하지. 오후에 일하려면 든든하게 먹어야지.
제육볶음 맛있어. 다 먹고 커피는 내가 쏠게.
오 커피까지 사준다고? 완전 이득이다 가자.
우리 오늘 점심시간 진짜 꽉 채워서 알차게 놀자.
응 조심히 와. 도착하면 바로 시킬 수 있게 할게."
66,일반 대화,"아침 안 먹었더니 쓰러지겠어. 빨리 가자.
나도 완전 배고파. 오늘 매운 거 땡기는데?
오랜만에 구내식당 갈까? 메뉴 괜찮던데.
구내식당은 좀 물려. 그냥 밖에 나가서 먹자.
오 탕수육까지? 오늘 완전 포식하는 날이네.
당연하지. 오후에 일하려면 든든하게 먹어야지.
제육볶음 맛있어. 다 먹고 커피는 내가 쏠게.
내가 먼저 가서 자리 맡아 놓을 테니까 와.
우리 오늘 점심시간 진짜 꽉 채워서 알차게 놀자.
다이어트는 내일부터 해야겠네. 너무 행복하다."
67,일반 대화,"메뉴 정했어? 오늘 진짜 맛있는 거 먹자.
오늘은 왠지 면 종류가 땡겨. 얼큰한 거!
햄버거도 나쁘지 않지. 감튀 큰 걸로 먹자.
맞아 탕수육도 엄청 바삭하고 맛있었어 가자.
알았어. 겉옷만 챙겨서 바로 나갈게 로비로 와.
당연하지. 오후에 일하려면 든든하게 먹어야지.
알았어 지금 당장 뛰어간다. 이따 카톡 할게.
오 커피까지 사준다고? 완전 이득이다 가자.
자리 맡아준다고? 진짜 고맙다 나 엘베 탔어.
응 조심히 와. 도착하면 바로 시킬 수 있게 할게."
68,일반 대화,"메뉴 정했어? 오늘 진짜 맛있는 거 먹자.
오늘은 왠지 면 종류가 땡겨. 얼큰한 거!
오 짬뽕 좋다. 국물이 진짜 끝내준다고 해.
맞아 탕수육도 엄청 바삭하고 맛있었어 가자.
알았어. 겉옷만 챙겨서 바로 나갈게 로비로 와.
당연하지. 오후에 일하려면 든든하게 먹어야지.
동의해. 다 먹고 나면 졸리니까 커피 필수지.
오 커피까지 사준다고? 완전 이득이다 가자.
자리 맡아준다고? 진짜 고맙다 나 엘베 탔어.
응 조심히 와. 도착하면 바로 시킬 수 있게 할게."
69,일반 대화,"메뉴 정했어? 오늘 진짜 맛있는 거 먹자.
간단하게 햄버거 어때? 새로 오픈한 데 있어.
햄버거도 나쁘지 않지. 감튀 큰 걸로 먹자.
맞아 탕수육도 엄청 바삭하고 맛있었어 가자.
알았어. 겉옷만 챙겨서 바로 나갈게 로비로 와.
지금 뛰어가면 괜찮을 거야. 늦으면 자리 없어.
동의해. 다 먹고 나면 졸리니까 커피 필수지.
내가 먼저 가서 자리 맡아 놓을 테니까 와.
커피는 내가 살게. 아까 네가 밥 샀으니까.
응 조심히 와. 도착하면 바로 시킬 수 있게 할게."
70,일반 대화,"밥 먹으러 가자! 오늘따라 식욕이 넘치네.
딱히 생각나는 게 없네. 너 먹고 싶은 거!
햄버거도 나쁘지 않지. 감튀 큰 걸로 먹자.
맞아 탕수육도 엄청 바삭하고 맛있었어 가자.
오 탕수육까지? 오늘 완전 포식하는 날이네.
당연하지. 오후에 일하려면 든든하게 먹어야지.
동의해. 다 먹고 나면 졸리니까 커피 필수지.
디저트 배는 따로 있으니까 케이크도 먹을까?
자리 맡아준다고? 진짜 고맙다 나 엘베 탔어.
좋아! 빨리 가서 먹고 가볍게 산책도 좀 하자."
71,일반 대화,"메뉴 정했어? 오늘 진짜 맛있는 거 먹자.
오늘은 왠지 면 종류가 땡겨. 얼큰한 거!
오랜만에 구내식당 갈까? 메뉴 괜찮던데.
구내식당은 좀 물려. 그냥 밖에 나가서 먹자.
저기 백반집 어때? 반찬 여러 가지 나오고 좋아.
지금 뛰어가면 괜찮을 거야. 늦으면 자리 없어.
다 먹고 시원한 아이스 아메리카노도 마실 거지?
내가 먼저 가서 자리 맡아 놓을 테니까 와.
내가 아는 디저트 맛집 있어 거기로 바로 가자.
진짜? 완전 고맙지. 얼른 가서 맛있게 먹자!"
72,일반 대화,"밥 먹으러 가자! 오늘따라 식욕이 넘치네.
딱히 생각나는 게 없네. 너 먹고 싶은 거!
오 짬뽕 좋다. 국물이 진짜 끝내준다고 해.
버거킹에 신메뉴 나왔대. 그거 먹어봐야겠다.
알았어. 겉옷만 챙겨서 바로 나갈게 로비로 와.
지금 뛰어가면 괜찮을 거야. 늦으면 자리 없어.
동의해. 다 먹고 나면 졸리니까 커피 필수지.
당연하지! 밥 먹고 식후 커피 안 마시면 졸려.
내가 아는 디저트 맛집 있어 거기로 바로 가자.
다이어트는 내일부터 해야겠네. 너무 행복하다."
73,일반 대화,"아침 안 먹었더니 쓰러지겠어. 빨리 가자.
나도 완전 배고파. 오늘 매운 거 땡기는데?
매운 거면 짬뽕 어때? 새로 생긴 중국집!
버거킹에 신메뉴 나왔대. 그거 먹어봐야겠다.
알았어. 겉옷만 챙겨서 바로 나갈게 로비로 와.
천천히 와. 내가 먼저 내려가서 줄 서고 있을게.
제육볶음 맛있어. 다 먹고 커피는 내가 쏠게.
디저트 배는 따로 있으니까 케이크도 먹을까?
자리 맡아준다고? 진짜 고맙다 나 엘베 탔어.
다이어트는 내일부터 해야겠네. 너무 행복하다."
74,일반 대화,"점심 뭐 먹을까? 벌써부터 너무 배고프다.
나도 완전 배고파. 오늘 매운 거 땡기는데?
매운 거면 짬뽕 어때? 새로 생긴 중국집!
사람 많을지도 모르니까 지금 당장 출발하자.
저기 백반집 어때? 반찬 여러 가지 나오고 좋아.
백반 좋지! 한국인은 밥심이지. 제육볶음 어때?
동의해. 다 먹고 나면 졸리니까 커피 필수지.
오 커피까지 사준다고? 완전 이득이다 가자.
자리 맡아준다고? 진짜 고맙다 나 엘베 탔어.
좋아! 빨리 가서 먹고 가볍게 산책도 좀 하자."
75,일반 대화,"아침 안 먹었더니 쓰러지겠어. 빨리 가자.
딱히 생각나는 게 없네. 너 먹고 싶은 거!
햄버거도 나쁘지 않지. 감튀 큰 걸로 먹자.
맞아 탕수육도 엄청 바삭하고 맛있었어 가자.
오 탕수육까지? 오늘 완전 포식하는 날이네.
천천히 와. 내가 먼저 내려가서 줄 서고 있을게.
동의해. 다 먹고 나면 졸리니까 커피 필수지.
오 커피까지 사준다고? 완전 이득이다 가자.
내가 아는 디저트 맛집 있어 거기로 바로 가자.
다이어트는 내일부터 해야겠네. 너무 행복하다."
76,일반 대화,"밥 먹으러 가자! 오늘따라 식욕이 넘치네.
간단하게 햄버거 어때? 새로 오픈한 데 있어.
매운 거면 짬뽕 어때? 새로 생긴 중국집!
사람 많을지도 모르니까 지금 당장 출발하자.
알았어. 겉옷만 챙겨서 바로 나갈게 로비로 와.
지금 뛰어가면 괜찮을 거야. 늦으면 자리 없어.
동의해. 다 먹고 나면 졸리니까 커피 필수지.
디저트 배는 따로 있으니까 케이크도 먹을까?
내가 아는 디저트 맛집 있어 거기로 바로 가자.
좋아! 빨리 가서 먹고 가볍게 산책도 좀 하자."
77,일반 대화,"아침 안 먹었더니 쓰러지겠어. 빨리 가자.
딱히 생각나는 게 없네. 너 먹고 싶은 거!
오랜만에 구내식당 갈까? 메뉴 괜찮던데.
사람 많을지도 모르니까 지금 당장 출발하자.
저기 백반집 어때? 반찬 여러 가지 나오고 좋아.
백반 좋지! 한국인은 밥심이지. 제육볶음 어때?
제육볶음 맛있어. 다 먹고 커피는 내가 쏠게.
당연하지! 밥 먹고 식후 커피 안 마시면 졸려.
내가 아는 디저트 맛집 있어 거기로 바로 가자.
응 조심히 와. 도착하면 바로 시킬 수 있게 할게."
78,일반 대화,"아침 안 먹었더니 쓰러지겠어. 빨리 가자.
나도 완전 배고파. 오늘 매운 거 땡기는데?
오 짬뽕 좋다. 국물이 진짜 끝내준다고 해.
사람 많을지도 모르니까 지금 당장 출발하자.
저기 백반집 어때? 반찬 여러 가지 나오고 좋아.
지금 뛰어가면 괜찮을 거야. 늦으면 자리 없어.
알았어 지금 당장 뛰어간다. 이따 카톡 할게.
당연하지! 밥 먹고 식후 커피 안 마시면 졸려.
내가 아는 디저트 맛집 있어 거기로 바로 가자.
응 조심히 와. 도착하면 바로 시킬 수 있게 할게."
79,일반 대화,"메뉴 정했어? 오늘 진짜 맛있는 거 먹자.
딱히 생각나는 게 없네. 너 먹고 싶은 거!
오 짬뽕 좋다. 국물이 진짜 끝내준다고 해.
구내식당은 좀 물려. 그냥 밖에 나가서 먹자.
오 탕수육까지? 오늘 완전 포식하는 날이네.
당연하지. 오후에 일하려면 든든하게 먹어야지.
알았어 지금 당장 뛰어간다. 이따 카톡 할게.
당연하지! 밥 먹고 식후 커피 안 마시면 졸려.
자리 맡아준다고? 진짜 고맙다 나 엘베 탔어.
다이어트는 내일부터 해야겠네. 너무 행복하다."
80,일반 대화,"점심 뭐 먹을까? 벌써부터 너무 배고프다.
나도 완전 배고파. 오늘 매운 거 땡기는데?
햄버거도 나쁘지 않지. 감튀 큰 걸로 먹자.
사람 많을지도 모르니까 지금 당장 출발하자.
저기 백반집 어때? 반찬 여러 가지 나오고 좋아.
백반 좋지! 한국인은 밥심이지. 제육볶음 어때?
다 먹고 시원한 아이스 아메리카노도 마실 거지?
당연하지! 밥 먹고 식후 커피 안 마시면 졸려.
자리 맡아준다고? 진짜 고맙다 나 엘베 탔어.
진짜? 완전 고맙지. 얼른 가서 맛있게 먹자!"
81,일반 대화,"아침 안 먹었더니 쓰러지겠어. 빨리 가자.
나도 완전 배고파. 오늘 매운 거 땡기는데?
오 짬뽕 좋다. 국물이 진짜 끝내준다고 해.
맞아 탕수육도 엄청 바삭하고 맛있었어 가자.
오 탕수육까지? 오늘 완전 포식하는 날이네.
백반 좋지! 한국인은 밥심이지. 제육볶음 어때?
알았어 지금 당장 뛰어간다. 이따 카톡 할게.
당연하지! 밥 먹고 식후 커피 안 마시면 졸려.
우리 오늘 점심시간 진짜 꽉 채워서 알차게 놀자.
응 조심히 와. 도착하면 바로 시킬 수 있게 할게."
82,일반 대화,"밥 먹으러 가자! 오늘따라 식욕이 넘치네.
딱히 생각나는 게 없네. 너 먹고 싶은 거!
매운 거면 짬뽕 어때? 새로 생긴 중국집!
버거킹에 신메뉴 나왔대. 그거 먹어봐야겠다.
근데 거기 대기 줄 길지 않을까? 빨리 걷자.
지금 뛰어가면 괜찮을 거야. 늦으면 자리 없어.
다 먹고 시원한 아이스 아메리카노도 마실 거지?
내가 먼저 가서 자리 맡아 놓을 테니까 와.
커피는 내가 살게. 아까 네가 밥 샀으니까.
진짜? 완전 고맙지. 얼른 가서 맛있게 먹자!"
83,일반 대화,"밥 먹으러 가자! 오늘따라 식욕이 넘치네.
딱히 생각나는 게 없네. 너 먹고 싶은 거!
햄버거도 나쁘지 않지. 감튀 큰 걸로 먹자.
맞아 탕수육도 엄청 바삭하고 맛있었어 가자.
알았어. 겉옷만 챙겨서 바로 나갈게 로비로 와.
백반 좋지! 한국인은 밥심이지. 제육볶음 어때?
제육볶음 맛있어. 다 먹고 커피는 내가 쏠게.
당연하지! 밥 먹고 식후 커피 안 마시면 졸려.
커피는 내가 살게. 아까 네가 밥 샀으니까.
다이어트는 내일부터 해야겠네. 너무 행복하다."
84,일반 대화,"아침 안 먹었더니 쓰러지겠어. 빨리 가자.
간단하게 햄버거 어때? 새로 오픈한 데 있어.
햄버거도 나쁘지 않지. 감튀 큰 걸로 먹자.
맞아 탕수육도 엄청 바삭하고 맛있었어 가자.
오 탕수육까지? 오늘 완전 포식하는 날이네.
당연하지. 오후에 일하려면 든든하게 먹어야지.
다 먹고 시원한 아이스 아메리카노도 마실 거지?
오 커피까지 사준다고? 완전 이득이다 가자.
내가 아는 디저트 맛집 있어 거기로 바로 가자.
진짜? 완전 고맙지. 얼른 가서 맛있게 먹자!"
85,일반 대화,"밥 먹으러 가자! 오늘따라 식욕이 넘치네.
딱히 생각나는 게 없네. 너 먹고 싶은 거!
햄버거도 나쁘지 않지. 감튀 큰 걸로 먹자.
버거킹에 신메뉴 나왔대. 그거 먹어봐야겠다.
오 탕수육까지? 오늘 완전 포식하는 날이네.
백반 좋지! 한국인은 밥심이지. 제육볶음 어때?
제육볶음 맛있어. 다 먹고 커피는 내가 쏠게.
오 커피까지 사준다고? 완전 이득이다 가자.
우리 오늘 점심시간 진짜 꽉 채워서 알차게 놀자.
응 조심히 와. 도착하면 바로 시킬 수 있게 할게."
86,일반 대화,"밥 먹으러 가자! 오늘따라 식욕이 넘치네.
나도 완전 배고파. 오늘 매운 거 땡기는데?
오랜만에 구내식당 갈까? 메뉴 괜찮던데.
버거킹에 신메뉴 나왔대. 그거 먹어봐야겠다.
저기 백반집 어때? 반찬 여러 가지 나오고 좋아.
백반 좋지! 한국인은 밥심이지. 제육볶음 어때?
알았어 지금 당장 뛰어간다. 이따 카톡 할게.
내가 먼저 가서 자리 맡아 놓을 테니까 와.
내가 아는 디저트 맛집 있어 거기로 바로 가자.
응 조심히 와. 도착하면 바로 시킬 수 있게 할게."
87,일반 대화,"아침 안 먹었더니 쓰러지겠어. 빨리 가자.
간단하게 햄버거 어때? 새로 오픈한 데 있어.
오 짬뽕 좋다. 국물이 진짜 끝내준다고 해.
사람 많을지도 모르니까 지금 당장 출발하자.
알았어. 겉옷만 챙겨서 바로 나갈게 로비로 와.
당연하지. 오후에 일하려면 든든하게 먹어야지.
다 먹고 시원한 아이스 아메리카노도 마실 거지?
오 커피까지 사준다고? 완전 이득이다 가자.
커피는 내가 살게. 아까 네가 밥 샀으니까.
좋아! 빨리 가서 먹고 가볍게 산책도 좀 하자."
88,일반 대화,"밥 먹으러 가자! 오늘따라 식욕이 넘치네.
오늘은 왠지 면 종류가 땡겨. 얼큰한 거!
매운 거면 짬뽕 어때? 새로 생긴 중국집!
맞아 탕수육도 엄청 바삭하고 맛있었어 가자.
저기 백반집 어때? 반찬 여러 가지 나오고 좋아.
지금 뛰어가면 괜찮을 거야. 늦으면 자리 없어.
알았어 지금 당장 뛰어간다. 이따 카톡 할게.
내가 먼저 가서 자리 맡아 놓을 테니까 와.
커피는 내가 살게. 아까 네가 밥 샀으니까.
다이어트는 내일부터 해야겠네. 너무 행복하다."
89,일반 대화,"밥 먹으러 가자! 오늘따라 식욕이 넘치네.
딱히 생각나는 게 없네. 너 먹고 싶은 거!
매운 거면 짬뽕 어때? 새로 생긴 중국집!
구내식당은 좀 물려. 그냥 밖에 나가서 먹자.
저기 백반집 어때? 반찬 여러 가지 나오고 좋아.
당연하지. 오후에 일하려면 든든하게 먹어야지.
동의해. 다 먹고 나면 졸리니까 커피 필수지.
당연하지! 밥 먹고 식후 커피 안 마시면 졸려.
내가 아는 디저트 맛집 있어 거기로 바로 가자.
다이어트는 내일부터 해야겠네. 너무 행복하다."
90,일반 대화,"점심 뭐 먹을까? 벌써부터 너무 배고프다.
나도 완전 배고파. 오늘 매운 거 땡기는데?
햄버거도 나쁘지 않지. 감튀 큰 걸로 먹자.
구내식당은 좀 물려. 그냥 밖에 나가서 먹자.
근데 거기 대기 줄 길지 않을까? 빨리 걷자.
백반 좋지! 한국인은 밥심이지. 제육볶음 어때?
동의해. 다 먹고 나면 졸리니까 커피 필수지.
당연하지! 밥 먹고 식후 커피 안 마시면 졸려.
우리 오늘 점심시간 진짜 꽉 채워서 알차게 놀자.
진짜? 완전 고맙지. 얼른 가서 맛있게 먹자!"
91,일반 대화,"점심 뭐 먹을까? 벌써부터 너무 배고프다.
오늘은 왠지 면 종류가 땡겨. 얼큰한 거!
오 짬뽕 좋다. 국물이 진짜 끝내준다고 해.
맞아 탕수육도 엄청 바삭하고 맛있었어 가자.
근데 거기 대기 줄 길지 않을까? 빨리 걷자.
지금 뛰어가면 괜찮을 거야. 늦으면 자리 없어.
제육볶음 맛있어. 다 먹고 커피는 내가 쏠게.
당연하지! 밥 먹고 식후 커피 안 마시면 졸려.
내가 아는 디저트 맛집 있어 거기로 바로 가자.
다이어트는 내일부터 해야겠네. 너무 행복하다."
92,일반 대화,"메뉴 정했어? 오늘 진짜 맛있는 거 먹자.
오늘은 왠지 면 종류가 땡겨. 얼큰한 거!
매운 거면 짬뽕 어때? 새로 생긴 중국집!
구내식당은 좀 물려. 그냥 밖에 나가서 먹자.
알았어. 겉옷만 챙겨서 바로 나갈게 로비로 와.
천천히 와. 내가 먼저 내려가서 줄 서고 있을게.
제육볶음 맛있어. 다 먹고 커피는 내가 쏠게.
당연하지! 밥 먹고 식후 커피 안 마시면 졸려.
자리 맡아준다고? 진짜 고맙다 나 엘베 탔어.
좋아! 빨리 가서 먹고 가볍게 산책도 좀 하자."
93,일반 대화,"아침 안 먹었더니 쓰러지겠어. 빨리 가자.
간단하게 햄버거 어때? 새로 오픈한 데 있어.
햄버거도 나쁘지 않지. 감튀 큰 걸로 먹자.
버거킹에 신메뉴 나왔대. 그거 먹어봐야겠다.
근데 거기 대기 줄 길지 않을까? 빨리 걷자.
당연하지. 오후에 일하려면 든든하게 먹어야지.
제육볶음 맛있어. 다 먹고 커피는 내가 쏠게.
내가 먼저 가서 자리 맡아 놓을 테니까 와.
우리 오늘 점심시간 진짜 꽉 채워서 알차게 놀자.
응 조심히 와. 도착하면 바로 시킬 수 있게 할게."
94,일반 대화,"점심 뭐 먹을까? 벌써부터 너무 배고프다.
딱히 생각나는 게 없네. 너 먹고 싶은 거!
매운 거면 짬뽕 어때? 새로 생긴 중국집!
구내식당은 좀 물려. 그냥 밖에 나가서 먹자.
오 탕수육까지? 오늘 완전 포식하는 날이네.
당연하지. 오후에 일하려면 든든하게 먹어야지.
동의해. 다 먹고 나면 졸리니까 커피 필수지.
디저트 배는 따로 있으니까 케이크도 먹을까?
커피는 내가 살게. 아까 네가 밥 샀으니까.
좋아! 빨리 가서 먹고 가볍게 산책도 좀 하자."
95,일반 대화,"밥 먹으러 가자! 오늘따라 식욕이 넘치네.
딱히 생각나는 게 없네. 너 먹고 싶은 거!
매운 거면 짬뽕 어때? 새로 생긴 중국집!
버거킹에 신메뉴 나왔대. 그거 먹어봐야겠다.
저기 백반집 어때? 반찬 여러 가지 나오고 좋아.
지금 뛰어가면 괜찮을 거야. 늦으면 자리 없어.
제육볶음 맛있어. 다 먹고 커피는 내가 쏠게.
내가 먼저 가서 자리 맡아 놓을 테니까 와.
내가 아는 디저트 맛집 있어 거기로 바로 가자.
좋아! 빨리 가서 먹고 가볍게 산책도 좀 하자."
96,일반 대화,"메뉴 정했어? 오늘 진짜 맛있는 거 먹자.
간단하게 햄버거 어때? 새로 오픈한 데 있어.
햄버거도 나쁘지 않지. 감튀 큰 걸로 먹자.
구내식당은 좀 물려. 그냥 밖에 나가서 먹자.
근데 거기 대기 줄 길지 않을까? 빨리 걷자.
당연하지. 오후에 일하려면 든든하게 먹어야지.
알았어 지금 당장 뛰어간다. 이따 카톡 할게.
당연하지! 밥 먹고 식후 커피 안 마시면 졸려.
커피는 내가 살게. 아까 네가 밥 샀으니까.
좋아! 빨리 가서 먹고 가볍게 산책도 좀 하자."
97,일반 대화,"밥 먹으러 가자! 오늘따라 식욕이 넘치네.
오늘은 왠지 면 종류가 땡겨. 얼큰한 거!
햄버거도 나쁘지 않지. 감튀 큰 걸로 먹자.
맞아 탕수육도 엄청 바삭하고 맛있었어 가자.
알았어. 겉옷만 챙겨서 바로 나갈게 로비로 와.
지금 뛰어가면 괜찮을 거야. 늦으면 자리 없어.
다 먹고 시원한 아이스 아메리카노도 마실 거지?
당연하지! 밥 먹고 식후 커피 안 마시면 졸려.
자리 맡아준다고? 진짜 고맙다 나 엘베 탔어.
진짜? 완전 고맙지. 얼른 가서 맛있게 먹자!"
98,일반 대화,"아침 안 먹었더니 쓰러지겠어. 빨리 가자.
간단하게 햄버거 어때? 새로 오픈한 데 있어.
오랜만에 구내식당 갈까? 메뉴 괜찮던데.
구내식당은 좀 물려. 그냥 밖에 나가서 먹자.
근데 거기 대기 줄 길지 않을까? 빨리 걷자.
지금 뛰어가면 괜찮을 거야. 늦으면 자리 없어.
제육볶음 맛있어. 다 먹고 커피는 내가 쏠게.
오 커피까지 사준다고? 완전 이득이다 가자.
자리 맡아준다고? 진짜 고맙다 나 엘베 탔어.
좋아! 빨리 가서 먹고 가볍게 산책도 좀 하자."
99,일반 대화,"밥 먹으러 가자! 오늘따라 식욕이 넘치네.
딱히 생각나는 게 없네. 너 먹고 싶은 거!
매운 거면 짬뽕 어때? 새로 생긴 중국집!
맞아 탕수육도 엄청 바삭하고 맛있었어 가자.
오 탕수육까지? 오늘 완전 포식하는 날이네.
천천히 와. 내가 먼저 내려가서 줄 서고 있을게.
동의해. 다 먹고 나면 졸리니까 커피 필수지.
내가 먼저 가서 자리 맡아 놓을 테니까 와.
자리 맡아준다고? 진짜 고맙다 나 엘베 탔어.
응 조심히 와. 도착하면 바로 시킬 수 있게 할게."
100,일반 대화,"밥 먹으러 가자! 오늘따라 식욕이 넘치네.
오늘은 왠지 면 종류가 땡겨. 얼큰한 거!
오랜만에 구내식당 갈까? 메뉴 괜찮던데.
버거킹에 신메뉴 나왔대. 그거 먹어봐야겠다.
오 탕수육까지? 오늘 완전 포식하는 날이네.
천천히 와. 내가 먼저 내려가서 줄 서고 있을게.
알았어 지금 당장 뛰어간다. 이따 카톡 할게.
오 커피까지 사준다고? 완전 이득이다 가자.
자리 맡아준다고? 진짜 고맙다 나 엘베 탔어.
좋아! 빨리 가서 먹고 가볍게 산책도 좀 하자."
101,일반 대화,"점심 뭐 먹을까? 벌써부터 너무 배고프다.
나도 완전 배고파. 오늘 매운 거 땡기는데?
매운 거면 짬뽕 어때? 새로 생긴 중국집!
사람 많을지도 모르니까 지금 당장 출발하자.
오 탕수육까지? 오늘 완전 포식하는 날이네.
당연하지. 오후에 일하려면 든든하게 먹어야지.
다 먹고 시원한 아이스 아메리카노도 마실 거지?
당연하지! 밥 먹고 식후 커피 안 마시면 졸려.
내가 아는 디저트 맛집 있어 거기로 바로 가자.
좋아! 빨리 가서 먹고 가볍게 산책도 좀 하자."
102,일반 대화,"아침 안 먹었더니 쓰러지겠어. 빨리 가자.
나도 완전 배고파. 오늘 매운 거 땡기는데?
햄버거도 나쁘지 않지. 감튀 큰 걸로 먹자.
사람 많을지도 모르니까 지금 당장 출발하자.
저기 백반집 어때? 반찬 여러 가지 나오고 좋아.
백반 좋지! 한국인은 밥심이지. 제육볶음 어때?
동의해. 다 먹고 나면 졸리니까 커피 필수지.
디저트 배는 따로 있으니까 케이크도 먹을까?
내가 아는 디저트 맛집 있어 거기로 바로 가자.
좋아! 빨리 가서 먹고 가볍게 산책도 좀 하자."
103,일반 대화,"아침 안 먹었더니 쓰러지겠어. 빨리 가자.
간단하게 햄버거 어때? 새로 오픈한 데 있어.
햄버거도 나쁘지 않지. 감튀 큰 걸로 먹자.
맞아 탕수육도 엄청 바삭하고 맛있었어 가자.
오 탕수육까지? 오늘 완전 포식하는 날이네.
천천히 와. 내가 먼저 내려가서 줄 서고 있을게.
알았어 지금 당장 뛰어간다. 이따 카톡 할게.
오 커피까지 사준다고? 완전 이득이다 가자.
내가 아는 디저트 맛집 있어 거기로 바로 가자.
좋아! 빨리 가서 먹고 가볍게 산책도 좀 하자."
104,일반 대화,"밥 먹으러 가자! 오늘따라 식욕이 넘치네.
딱히 생각나는 게 없네. 너 먹고 싶은 거!
오 짬뽕 좋다. 국물이 진짜 끝내준다고 해.
사람 많을지도 모르니까 지금 당장 출발하자.
근데 거기 대기 줄 길지 않을까? 빨리 걷자.
천천히 와. 내가 먼저 내려가서 줄 서고 있을게.
동의해. 다 먹고 나면 졸리니까 커피 필수지.
오 커피까지 사준다고? 완전 이득이다 가자.
우리 오늘 점심시간 진짜 꽉 채워서 알차게 놀자.
다이어트는 내일부터 해야겠네. 너무 행복하다."
105,일반 대화,"메뉴 정했어? 오늘 진짜 맛있는 거 먹자.
나도 완전 배고파. 오늘 매운 거 땡기는데?
매운 거면 짬뽕 어때? 새로 생긴 중국집!
버거킹에 신메뉴 나왔대. 그거 먹어봐야겠다.
근데 거기 대기 줄 길지 않을까? 빨리 걷자.
지금 뛰어가면 괜찮을 거야. 늦으면 자리 없어.
제육볶음 맛있어. 다 먹고 커피는 내가 쏠게.
당연하지! 밥 먹고 식후 커피 안 마시면 졸려.
내가 아는 디저트 맛집 있어 거기로 바로 가자.
응 조심히 와. 도착하면 바로 시킬 수 있게 할게."
106,일반 대화,"밥 먹으러 가자! 오늘따라 식욕이 넘치네.
간단하게 햄버거 어때? 새로 오픈한 데 있어.
매운 거면 짬뽕 어때? 새로 생긴 중국집!
사람 많을지도 모르니까 지금 당장 출발하자.
저기 백반집 어때? 반찬 여러 가지 나오고 좋아.
당연하지. 오후에 일하려면 든든하게 먹어야지.
알았어 지금 당장 뛰어간다. 이따 카톡 할게.
내가 먼저 가서 자리 맡아 놓을 테니까 와.
우리 오늘 점심시간 진짜 꽉 채워서 알차게 놀자.
진짜? 완전 고맙지. 얼른 가서 맛있게 먹자!"
107,일반 대화,"아침 안 먹었더니 쓰러지겠어. 빨리 가자.
간단하게 햄버거 어때? 새로 오픈한 데 있어.
오 짬뽕 좋다. 국물이 진짜 끝내준다고 해.
맞아 탕수육도 엄청 바삭하고 맛있었어 가자.
저기 백반집 어때? 반찬 여러 가지 나오고 좋아.
천천히 와. 내가 먼저 내려가서 줄 서고 있을게.
다 먹고 시원한 아이스 아메리카노도 마실 거지?
디저트 배는 따로 있으니까 케이크도 먹을까?
우리 오늘 점심시간 진짜 꽉 채워서 알차게 놀자.
응 조심히 와. 도착하면 바로 시킬 수 있게 할게."
108,일반 대화,"메뉴 정했어? 오늘 진짜 맛있는 거 먹자.
나도 완전 배고파. 오늘 매운 거 땡기는데?
오랜만에 구내식당 갈까? 메뉴 괜찮던데.
사람 많을지도 모르니까 지금 당장 출발하자.
저기 백반집 어때? 반찬 여러 가지 나오고 좋아.
천천히 와. 내가 먼저 내려가서 줄 서고 있을게.
제육볶음 맛있어. 다 먹고 커피는 내가 쏠게.
당연하지! 밥 먹고 식후 커피 안 마시면 졸려.
자리 맡아준다고? 진짜 고맙다 나 엘베 탔어.
좋아! 빨리 가서 먹고 가볍게 산책도 좀 하자."
109,일반 대화,"아침 안 먹었더니 쓰러지겠어. 빨리 가자.
나도 완전 배고파. 오늘 매운 거 땡기는데?
매운 거면 짬뽕 어때? 새로 생긴 중국집!
구내식당은 좀 물려. 그냥 밖에 나가서 먹자.
저기 백반집 어때? 반찬 여러 가지 나오고 좋아.
당연하지. 오후에 일하려면 든든하게 먹어야지.
다 먹고 시원한 아이스 아메리카노도 마실 거지?
당연하지! 밥 먹고 식후 커피 안 마시면 졸려.
내가 아는 디저트 맛집 있어 거기로 바로 가자.
좋아! 빨리 가서 먹고 가볍게 산책도 좀 하자."
110,일반 대화,"아침 안 먹었더니 쓰러지겠어. 빨리 가자.
오늘은 왠지 면 종류가 땡겨. 얼큰한 거!
오 짬뽕 좋다. 국물이 진짜 끝내준다고 해.
맞아 탕수육도 엄청 바삭하고 맛있었어 가자.
알았어. 겉옷만 챙겨서 바로 나갈게 로비로 와.
지금 뛰어가면 괜찮을 거야. 늦으면 자리 없어.
제육볶음 맛있어. 다 먹고 커피는 내가 쏠게.
디저트 배는 따로 있으니까 케이크도 먹을까?
자리 맡아준다고? 진짜 고맙다 나 엘베 탔어.
진짜? 완전 고맙지. 얼른 가서 맛있게 먹자!"
111,일반 대화,"아침 안 먹었더니 쓰러지겠어. 빨리 가자.
나도 완전 배고파. 오늘 매운 거 땡기는데?
오랜만에 구내식당 갈까? 메뉴 괜찮던데.
구내식당은 좀 물려. 그냥 밖에 나가서 먹자.
오 탕수육까지? 오늘 완전 포식하는 날이네.
지금 뛰어가면 괜찮을 거야. 늦으면 자리 없어.
제육볶음 맛있어. 다 먹고 커피는 내가 쏠게.
디저트 배는 따로 있으니까 케이크도 먹을까?
내가 아는 디저트 맛집 있어 거기로 바로 가자.
응 조심히 와. 도착하면 바로 시킬 수 있게 할게."
112,일반 대화,"밥 먹으러 가자! 오늘따라 식욕이 넘치네.
딱히 생각나는 게 없네. 너 먹고 싶은 거!
햄버거도 나쁘지 않지. 감튀 큰 걸로 먹자.
맞아 탕수육도 엄청 바삭하고 맛있었어 가자.
저기 백반집 어때? 반찬 여러 가지 나오고 좋아.
당연하지. 오후에 일하려면 든든하게 먹어야지.
다 먹고 시원한 아이스 아메리카노도 마실 거지?
당연하지! 밥 먹고 식후 커피 안 마시면 졸려.
자리 맡아준다고? 진짜 고맙다 나 엘베 탔어.
진짜? 완전 고맙지. 얼른 가서 맛있게 먹자!"
113,일반 대화,"메뉴 정했어? 오늘 진짜 맛있는 거 먹자.
나도 완전 배고파. 오늘 매운 거 땡기는데?
오랜만에 구내식당 갈까? 메뉴 괜찮던데.
사람 많을지도 모르니까 지금 당장 출발하자.
알았어. 겉옷만 챙겨서 바로 나갈게 로비로 와.
천천히 와. 내가 먼저 내려가서 줄 서고 있을게.
알았어 지금 당장 뛰어간다. 이따 카톡 할게.
당연하지! 밥 먹고 식후 커피 안 마시면 졸려.
내가 아는 디저트 맛집 있어 거기로 바로 가자.
진짜? 완전 고맙지. 얼른 가서 맛있게 먹자!"
114,일반 대화,"메뉴 정했어? 오늘 진짜 맛있는 거 먹자.
나도 완전 배고파. 오늘 매운 거 땡기는데?
오 짬뽕 좋다. 국물이 진짜 끝내준다고 해.
사람 많을지도 모르니까 지금 당장 출발하자.
근데 거기 대기 줄 길지 않을까? 빨리 걷자.
백반 좋지! 한국인은 밥심이지. 제육볶음 어때?
다 먹고 시원한 아이스 아메리카노도 마실 거지?
당연하지! 밥 먹고 식후 커피 안 마시면 졸려.
커피는 내가 살게. 아까 네가 밥 샀으니까.
다이어트는 내일부터 해야겠네. 너무 행복하다."
115,일반 대화,"아침 안 먹었더니 쓰러지겠어. 빨리 가자.
오늘은 왠지 면 종류가 땡겨. 얼큰한 거!
오랜만에 구내식당 갈까? 메뉴 괜찮던데.
맞아 탕수육도 엄청 바삭하고 맛있었어 가자.
근데 거기 대기 줄 길지 않을까? 빨리 걷자.
당연하지. 오후에 일하려면 든든하게 먹어야지.
동의해. 다 먹고 나면 졸리니까 커피 필수지.
당연하지! 밥 먹고 식후 커피 안 마시면 졸려.
내가 아는 디저트 맛집 있어 거기로 바로 가자.
진짜? 완전 고맙지. 얼른 가서 맛있게 먹자!"
116,일반 대화,"밥 먹으러 가자! 오늘따라 식욕이 넘치네.
간단하게 햄버거 어때? 새로 오픈한 데 있어.
오랜만에 구내식당 갈까? 메뉴 괜찮던데.
맞아 탕수육도 엄청 바삭하고 맛있었어 가자.
저기 백반집 어때? 반찬 여러 가지 나오고 좋아.
당연하지. 오후에 일하려면 든든하게 먹어야지.
동의해. 다 먹고 나면 졸리니까 커피 필수지.
디저트 배는 따로 있으니까 케이크도 먹을까?
내가 아는 디저트 맛집 있어 거기로 바로 가자.
다이어트는 내일부터 해야겠네. 너무 행복하다."
117,일반 대화,"아침 안 먹었더니 쓰러지겠어. 빨리 가자.
나도 완전 배고파. 오늘 매운 거 땡기는데?
햄버거도 나쁘지 않지. 감튀 큰 걸로 먹자.
맞아 탕수육도 엄청 바삭하고 맛있었어 가자.
오 탕수육까지? 오늘 완전 포식하는 날이네.
천천히 와. 내가 먼저 내려가서 줄 서고 있을게.
다 먹고 시원한 아이스 아메리카노도 마실 거지?
디저트 배는 따로 있으니까 케이크도 먹을까?
내가 아는 디저트 맛집 있어 거기로 바로 가자.
다이어트는 내일부터 해야겠네. 너무 행복하다."
118,일반 대화,"메뉴 정했어? 오늘 진짜 맛있는 거 먹자.
오늘은 왠지 면 종류가 땡겨. 얼큰한 거!
햄버거도 나쁘지 않지. 감튀 큰 걸로 먹자.
구내식당은 좀 물려. 그냥 밖에 나가서 먹자.
근데 거기 대기 줄 길지 않을까? 빨리 걷자.
지금 뛰어가면 괜찮을 거야. 늦으면 자리 없어.
동의해. 다 먹고 나면 졸리니까 커피 필수지.
당연하지! 밥 먹고 식후 커피 안 마시면 졸려.
커피는 내가 살게. 아까 네가 밥 샀으니까.
응 조심히 와. 도착하면 바로 시킬 수 있게 할게."
119,일반 대화,"메뉴 정했어? 오늘 진짜 맛있는 거 먹자.
나도 완전 배고파. 오늘 매운 거 땡기는데?
매운 거면 짬뽕 어때? 새로 생긴 중국집!
구내식당은 좀 물려. 그냥 밖에 나가서 먹자.
저기 백반집 어때? 반찬 여러 가지 나오고 좋아.
당연하지. 오후에 일하려면 든든하게 먹어야지.
다 먹고 시원한 아이스 아메리카노도 마실 거지?
당연하지! 밥 먹고 식후 커피 안 마시면 졸려.
자리 맡아준다고? 진짜 고맙다 나 엘베 탔어.
응 조심히 와. 도착하면 바로 시킬 수 있게 할게."
120,일반 대화,"메뉴 정했어? 오늘 진짜 맛있는 거 먹자.
나도 완전 배고파. 오늘 매운 거 땡기는데?
오 짬뽕 좋다. 국물이 진짜 끝내준다고 해.
맞아 탕수육도 엄청 바삭하고 맛있었어 가자.
저기 백반집 어때? 반찬 여러 가지 나오고 좋아.
지금 뛰어가면 괜찮을 거야. 늦으면 자리 없어.
제육볶음 맛있어. 다 먹고 커피는 내가 쏠게.
디저트 배는 따로 있으니까 케이크도 먹을까?
우리 오늘 점심시간 진짜 꽉 채워서 알차게 놀자.
진짜? 완전 고맙지. 얼른 가서 맛있게 먹자!"
121,일반 대화,"메뉴 정했어? 오늘 진짜 맛있는 거 먹자.
오늘은 왠지 면 종류가 땡겨. 얼큰한 거!
오랜만에 구내식당 갈까? 메뉴 괜찮던데.
버거킹에 신메뉴 나왔대. 그거 먹어봐야겠다.
저기 백반집 어때? 반찬 여러 가지 나오고 좋아.
당연하지. 오후에 일하려면 든든하게 먹어야지.
다 먹고 시원한 아이스 아메리카노도 마실 거지?
내가 먼저 가서 자리 맡아 놓을 테니까 와.
커피는 내가 살게. 아까 네가 밥 샀으니까.
다이어트는 내일부터 해야겠네. 너무 행복하다."
122,일반 대화,"아침 안 먹었더니 쓰러지겠어. 빨리 가자.
간단하게 햄버거 어때? 새로 오픈한 데 있어.
오 짬뽕 좋다. 국물이 진짜 끝내준다고 해.
구내식당은 좀 물려. 그냥 밖에 나가서 먹자.
알았어. 겉옷만 챙겨서 바로 나갈게 로비로 와.
당연하지. 오후에 일하려면 든든하게 먹어야지.
제육볶음 맛있어. 다 먹고 커피는 내가 쏠게.
오 커피까지 사준다고? 완전 이득이다 가자.
우리 오늘 점심시간 진짜 꽉 채워서 알차게 놀자.
좋아! 빨리 가서 먹고 가볍게 산책도 좀 하자."
123,일반 대화,"밥 먹으러 가자! 오늘따라 식욕이 넘치네.
딱히 생각나는 게 없네. 너 먹고 싶은 거!
매운 거면 짬뽕 어때? 새로 생긴 중국집!
사람 많을지도 모르니까 지금 당장 출발하자.
오 탕수육까지? 오늘 완전 포식하는 날이네.
천천히 와. 내가 먼저 내려가서 줄 서고 있을게.
제육볶음 맛있어. 다 먹고 커피는 내가 쏠게.
디저트 배는 따로 있으니까 케이크도 먹을까?
커피는 내가 살게. 아까 네가 밥 샀으니까.
다이어트는 내일부터 해야겠네. 너무 행복하다."
124,일반 대화,"메뉴 정했어? 오늘 진짜 맛있는 거 먹자.
나도 완전 배고파. 오늘 매운 거 땡기는데?
햄버거도 나쁘지 않지. 감튀 큰 걸로 먹자.
사람 많을지도 모르니까 지금 당장 출발하자.
오 탕수육까지? 오늘 완전 포식하는 날이네.
백반 좋지! 한국인은 밥심이지. 제육볶음 어때?
제육볶음 맛있어. 다 먹고 커피는 내가 쏠게.
내가 먼저 가서 자리 맡아 놓을 테니까 와.
자리 맡아준다고? 진짜 고맙다 나 엘베 탔어.
응 조심히 와. 도착하면 바로 시킬 수 있게 할게."
125,일반 대화,"아침 안 먹었더니 쓰러지겠어. 빨리 가자.
오늘은 왠지 면 종류가 땡겨. 얼큰한 거!
햄버거도 나쁘지 않지. 감튀 큰 걸로 먹자.
버거킹에 신메뉴 나왔대. 그거 먹어봐야겠다.
알았어. 겉옷만 챙겨서 바로 나갈게 로비로 와.
당연하지. 오후에 일하려면 든든하게 먹어야지.
동의해. 다 먹고 나면 졸리니까 커피 필수지.
당연하지! 밥 먹고 식후 커피 안 마시면 졸려.
내가 아는 디저트 맛집 있어 거기로 바로 가자.
다이어트는 내일부터 해야겠네. 너무 행복하다."
126,일반 대화,"아침 안 먹었더니 쓰러지겠어. 빨리 가자.
간단하게 햄버거 어때? 새로 오픈한 데 있어.
오랜만에 구내식당 갈까? 메뉴 괜찮던데.
사람 많을지도 모르니까 지금 당장 출발하자.
근데 거기 대기 줄 길지 않을까? 빨리 걷자.
지금 뛰어가면 괜찮을 거야. 늦으면 자리 없어.
다 먹고 시원한 아이스 아메리카노도 마실 거지?
내가 먼저 가서 자리 맡아 놓을 테니까 와.
자리 맡아준다고? 진짜 고맙다 나 엘베 탔어.
다이어트는 내일부터 해야겠네. 너무 행복하다."
127,일반 대화,"점심 뭐 먹을까? 벌써부터 너무 배고프다.
나도 완전 배고파. 오늘 매운 거 땡기는데?
햄버거도 나쁘지 않지. 감튀 큰 걸로 먹자.
구내식당은 좀 물려. 그냥 밖에 나가서 먹자.
저기 백반집 어때? 반찬 여러 가지 나오고 좋아.
천천히 와. 내가 먼저 내려가서 줄 서고 있을게.
제육볶음 맛있어. 다 먹고 커피는 내가 쏠게.
오 커피까지 사준다고? 완전 이득이다 가자.
우리 오늘 점심시간 진짜 꽉 채워서 알차게 놀자.
진짜? 완전 고맙지. 얼른 가서 맛있게 먹자!"
128,일반 대화,"메뉴 정했어? 오늘 진짜 맛있는 거 먹자.
나도 완전 배고파. 오늘 매운 거 땡기는데?
오랜만에 구내식당 갈까? 메뉴 괜찮던데.
버거킹에 신메뉴 나왔대. 그거 먹어봐야겠다.
알았어. 겉옷만 챙겨서 바로 나갈게 로비로 와.
지금 뛰어가면 괜찮을 거야. 늦으면 자리 없어.
알았어 지금 당장 뛰어간다. 이따 카톡 할게.
내가 먼저 가서 자리 맡아 놓을 테니까 와.
커피는 내가 살게. 아까 네가 밥 샀으니까.
좋아! 빨리 가서 먹고 가볍게 산책도 좀 하자."
129,일반 대화,"밥 먹으러 가자! 오늘따라 식욕이 넘치네.
나도 완전 배고파. 오늘 매운 거 땡기는데?
매운 거면 짬뽕 어때? 새로 생긴 중국집!
버거킹에 신메뉴 나왔대. 그거 먹어봐야겠다.
알았어. 겉옷만 챙겨서 바로 나갈게 로비로 와.
백반 좋지! 한국인은 밥심이지. 제육볶음 어때?
알았어 지금 당장 뛰어간다. 이따 카톡 할게.
오 커피까지 사준다고? 완전 이득이다 가자.
우리 오늘 점심시간 진짜 꽉 채워서 알차게 놀자.
좋아! 빨리 가서 먹고 가볍게 산책도 좀 하자."
130,일반 대화,"점심 뭐 먹을까? 벌써부터 너무 배고프다.
오늘은 왠지 면 종류가 땡겨. 얼큰한 거!
오 짬뽕 좋다. 국물이 진짜 끝내준다고 해.
사람 많을지도 모르니까 지금 당장 출발하자.
저기 백반집 어때? 반찬 여러 가지 나오고 좋아.
천천히 와. 내가 먼저 내려가서 줄 서고 있을게.
제육볶음 맛있어. 다 먹고 커피는 내가 쏠게.
디저트 배는 따로 있으니까 케이크도 먹을까?
커피는 내가 살게. 아까 네가 밥 샀으니까.
다이어트는 내일부터 해야겠네. 너무 행복하다."
131,일반 대화,"점심 뭐 먹을까? 벌써부터 너무 배고프다.
딱히 생각나는 게 없네. 너 먹고 싶은 거!
매운 거면 짬뽕 어때? 새로 생긴 중국집!
버거킹에 신메뉴 나왔대. 그거 먹어봐야겠다.
근데 거기 대기 줄 길지 않을까? 빨리 걷자.
천천히 와. 내가 먼저 내려가서 줄 서고 있을게.
동의해. 다 먹고 나면 졸리니까 커피 필수지.
내가 먼저 가서 자리 맡아 놓을 테니까 와.
커피는 내가 살게. 아까 네가 밥 샀으니까.
응 조심히 와. 도착하면 바로 시킬 수 있게 할게."
132,일반 대화,"아침 안 먹었더니 쓰러지겠어. 빨리 가자.
오늘은 왠지 면 종류가 땡겨. 얼큰한 거!
오 짬뽕 좋다. 국물이 진짜 끝내준다고 해.
맞아 탕수육도 엄청 바삭하고 맛있었어 가자.
알았어. 겉옷만 챙겨서 바로 나갈게 로비로 와.
천천히 와. 내가 먼저 내려가서 줄 서고 있을게.
다 먹고 시원한 아이스 아메리카노도 마실 거지?
디저트 배는 따로 있으니까 케이크도 먹을까?
우리 오늘 점심시간 진짜 꽉 채워서 알차게 놀자.
좋아! 빨리 가서 먹고 가볍게 산책도 좀 하자."
133,일반 대화,"아침 안 먹었더니 쓰러지겠어. 빨리 가자.
오늘은 왠지 면 종류가 땡겨. 얼큰한 거!
오랜만에 구내식당 갈까? 메뉴 괜찮던데.
버거킹에 신메뉴 나왔대. 그거 먹어봐야겠다.
저기 백반집 어때? 반찬 여러 가지 나오고 좋아.
백반 좋지! 한국인은 밥심이지. 제육볶음 어때?
제육볶음 맛있어. 다 먹고 커피는 내가 쏠게.
디저트 배는 따로 있으니까 케이크도 먹을까?
우리 오늘 점심시간 진짜 꽉 채워서 알차게 놀자.
다이어트는 내일부터 해야겠네. 너무 행복하다."
134,일반 대화,"메뉴 정했어? 오늘 진짜 맛있는 거 먹자.
나도 완전 배고파. 오늘 매운 거 땡기는데?
오 짬뽕 좋다. 국물이 진짜 끝내준다고 해.
사람 많을지도 모르니까 지금 당장 출발하자.
알았어. 겉옷만 챙겨서 바로 나갈게 로비로 와.
천천히 와. 내가 먼저 내려가서 줄 서고 있을게.
알았어 지금 당장 뛰어간다. 이따 카톡 할게.
당연하지! 밥 먹고 식후 커피 안 마시면 졸려.
우리 오늘 점심시간 진짜 꽉 채워서 알차게 놀자.
진짜? 완전 고맙지. 얼른 가서 맛있게 먹자!"
135,일반 대화,"메뉴 정했어? 오늘 진짜 맛있는 거 먹자.
나도 완전 배고파. 오늘 매운 거 땡기는데?
오 짬뽕 좋다. 국물이 진짜 끝내준다고 해.
구내식당은 좀 물려. 그냥 밖에 나가서 먹자.
근데 거기 대기 줄 길지 않을까? 빨리 걷자.
천천히 와. 내가 먼저 내려가서 줄 서고 있을게.
동의해. 다 먹고 나면 졸리니까 커피 필수지.
내가 먼저 가서 자리 맡아 놓을 테니까 와.
자리 맡아준다고? 진짜 고맙다 나 엘베 탔어.
응 조심히 와. 도착하면 바로 시킬 수 있게 할게."
136,일반 대화,"점심 뭐 먹을까? 벌써부터 너무 배고프다.
나도 완전 배고파. 오늘 매운 거 땡기는데?
햄버거도 나쁘지 않지. 감튀 큰 걸로 먹자.
버거킹에 신메뉴 나왔대. 그거 먹어봐야겠다.
근데 거기 대기 줄 길지 않을까? 빨리 걷자.
백반 좋지! 한국인은 밥심이지. 제육볶음 어때?
다 먹고 시원한 아이스 아메리카노도 마실 거지?
당연하지! 밥 먹고 식후 커피 안 마시면 졸려.
내가 아는 디저트 맛집 있어 거기로 바로 가자.
응 조심히 와. 도착하면 바로 시킬 수 있게 할게."
137,일반 대화,"메뉴 정했어? 오늘 진짜 맛있는 거 먹자.
딱히 생각나는 게 없네. 너 먹고 싶은 거!
오랜만에 구내식당 갈까? 메뉴 괜찮던데.
맞아 탕수육도 엄청 바삭하고 맛있었어 가자.
근데 거기 대기 줄 길지 않을까? 빨리 걷자.
당연하지. 오후에 일하려면 든든하게 먹어야지.
동의해. 다 먹고 나면 졸리니까 커피 필수지.
디저트 배는 따로 있으니까 케이크도 먹을까?
커피는 내가 살게. 아까 네가 밥 샀으니까.
좋아! 빨리 가서 먹고 가볍게 산책도 좀 하자."
138,일반 대화,"밥 먹으러 가자! 오늘따라 식욕이 넘치네.
딱히 생각나는 게 없네. 너 먹고 싶은 거!
햄버거도 나쁘지 않지. 감튀 큰 걸로 먹자.
버거킹에 신메뉴 나왔대. 그거 먹어봐야겠다.
오 탕수육까지? 오늘 완전 포식하는 날이네.
당연하지. 오후에 일하려면 든든하게 먹어야지.
제육볶음 맛있어. 다 먹고 커피는 내가 쏠게.
오 커피까지 사준다고? 완전 이득이다 가자.
커피는 내가 살게. 아까 네가 밥 샀으니까.
좋아! 빨리 가서 먹고 가볍게 산책도 좀 하자."
139,일반 대화,"메뉴 정했어? 오늘 진짜 맛있는 거 먹자.
간단하게 햄버거 어때? 새로 오픈한 데 있어.
햄버거도 나쁘지 않지. 감튀 큰 걸로 먹자.
구내식당은 좀 물려. 그냥 밖에 나가서 먹자.
오 탕수육까지? 오늘 완전 포식하는 날이네.
당연하지. 오후에 일하려면 든든하게 먹어야지.
동의해. 다 먹고 나면 졸리니까 커피 필수지.
당연하지! 밥 먹고 식후 커피 안 마시면 졸려.
내가 아는 디저트 맛집 있어 거기로 바로 가자.
다이어트는 내일부터 해야겠네. 너무 행복하다."
140,일반 대화,"아침 안 먹었더니 쓰러지겠어. 빨리 가자.
간단하게 햄버거 어때? 새로 오픈한 데 있어.
오랜만에 구내식당 갈까? 메뉴 괜찮던데.
맞아 탕수육도 엄청 바삭하고 맛있었어 가자.
근데 거기 대기 줄 길지 않을까? 빨리 걷자.
백반 좋지! 한국인은 밥심이지. 제육볶음 어때?
제육볶음 맛있어. 다 먹고 커피는 내가 쏠게.
내가 먼저 가서 자리 맡아 놓을 테니까 와.
우리 오늘 점심시간 진짜 꽉 채워서 알차게 놀자.
다이어트는 내일부터 해야겠네. 너무 행복하다."
141,일반 대화,"아침 안 먹었더니 쓰러지겠어. 빨리 가자.
딱히 생각나는 게 없네. 너 먹고 싶은 거!
햄버거도 나쁘지 않지. 감튀 큰 걸로 먹자.
맞아 탕수육도 엄청 바삭하고 맛있었어 가자.
알았어. 겉옷만 챙겨서 바로 나갈게 로비로 와.
지금 뛰어가면 괜찮을 거야. 늦으면 자리 없어.
제육볶음 맛있어. 다 먹고 커피는 내가 쏠게.
내가 먼저 가서 자리 맡아 놓을 테니까 와.
자리 맡아준다고? 진짜 고맙다 나 엘베 탔어.
진짜? 완전 고맙지. 얼른 가서 맛있게 먹자!"
142,일반 대화,"메뉴 정했어? 오늘 진짜 맛있는 거 먹자.
오늘은 왠지 면 종류가 땡겨. 얼큰한 거!
햄버거도 나쁘지 않지. 감튀 큰 걸로 먹자.
구내식당은 좀 물려. 그냥 밖에 나가서 먹자.
근데 거기 대기 줄 길지 않을까? 빨리 걷자.
백반 좋지! 한국인은 밥심이지. 제육볶음 어때?
알았어 지금 당장 뛰어간다. 이따 카톡 할게.
당연하지! 밥 먹고 식후 커피 안 마시면 졸려.
우리 오늘 점심시간 진짜 꽉 채워서 알차게 놀자.
좋아! 빨리 가서 먹고 가볍게 산책도 좀 하자."
143,일반 대화,"점심 뭐 먹을까? 벌써부터 너무 배고프다.
나도 완전 배고파. 오늘 매운 거 땡기는데?
오랜만에 구내식당 갈까? 메뉴 괜찮던데.
구내식당은 좀 물려. 그냥 밖에 나가서 먹자.
오 탕수육까지? 오늘 완전 포식하는 날이네.
당연하지. 오후에 일하려면 든든하게 먹어야지.
제육볶음 맛있어. 다 먹고 커피는 내가 쏠게.
오 커피까지 사준다고? 완전 이득이다 가자.
커피는 내가 살게. 아까 네가 밥 샀으니까.
다이어트는 내일부터 해야겠네. 너무 행복하다."
144,일반 대화,"밥 먹으러 가자! 오늘따라 식욕이 넘치네.
나도 완전 배고파. 오늘 매운 거 땡기는데?
오랜만에 구내식당 갈까? 메뉴 괜찮던데.
맞아 탕수육도 엄청 바삭하고 맛있었어 가자.
저기 백반집 어때? 반찬 여러 가지 나오고 좋아.
지금 뛰어가면 괜찮을 거야. 늦으면 자리 없어.
제육볶음 맛있어. 다 먹고 커피는 내가 쏠게.
당연하지! 밥 먹고 식후 커피 안 마시면 졸려.
커피는 내가 살게. 아까 네가 밥 샀으니까.
진짜? 완전 고맙지. 얼른 가서 맛있게 먹자!"
145,일반 대화,"밥 먹으러 가자! 오늘따라 식욕이 넘치네.
간단하게 햄버거 어때? 새로 오픈한 데 있어.
햄버거도 나쁘지 않지. 감튀 큰 걸로 먹자.
맞아 탕수육도 엄청 바삭하고 맛있었어 가자.
저기 백반집 어때? 반찬 여러 가지 나오고 좋아.
지금 뛰어가면 괜찮을 거야. 늦으면 자리 없어.
제육볶음 맛있어. 다 먹고 커피는 내가 쏠게.
당연하지! 밥 먹고 식후 커피 안 마시면 졸려.
우리 오늘 점심시간 진짜 꽉 채워서 알차게 놀자.
진짜? 완전 고맙지. 얼른 가서 맛있게 먹자!"
146,일반 대화,"메뉴 정했어? 오늘 진짜 맛있는 거 먹자.
오늘은 왠지 면 종류가 땡겨. 얼큰한 거!
오 짬뽕 좋다. 국물이 진짜 끝내준다고 해.
맞아 탕수육도 엄청 바삭하고 맛있었어 가자.
저기 백반집 어때? 반찬 여러 가지 나오고 좋아.
당연하지. 오후에 일하려면 든든하게 먹어야지.
알았어 지금 당장 뛰어간다. 이따 카톡 할게.
오 커피까지 사준다고? 완전 이득이다 가자.
커피는 내가 살게. 아까 네가 밥 샀으니까.
응 조심히 와. 도착하면 바로 시킬 수 있게 할게."
147,일반 대화,"메뉴 정했어? 오늘 진짜 맛있는 거 먹자.
딱히 생각나는 게 없네. 너 먹고 싶은 거!
오 짬뽕 좋다. 국물이 진짜 끝내준다고 해.
구내식당은 좀 물려. 그냥 밖에 나가서 먹자.
알았어. 겉옷만 챙겨서 바로 나갈게 로비로 와.
천천히 와. 내가 먼저 내려가서 줄 서고 있을게.
다 먹고 시원한 아이스 아메리카노도 마실 거지?
내가 먼저 가서 자리 맡아 놓을 테니까 와.
내가 아는 디저트 맛집 있어 거기로 바로 가자.
좋아! 빨리 가서 먹고 가볍게 산책도 좀 하자."
148,일반 대화,"메뉴 정했어? 오늘 진짜 맛있는 거 먹자.
딱히 생각나는 게 없네. 너 먹고 싶은 거!
매운 거면 짬뽕 어때? 새로 생긴 중국집!
맞아 탕수육도 엄청 바삭하고 맛있었어 가자.
근데 거기 대기 줄 길지 않을까? 빨리 걷자.
천천히 와. 내가 먼저 내려가서 줄 서고 있을게.
동의해. 다 먹고 나면 졸리니까 커피 필수지.
당연하지! 밥 먹고 식후 커피 안 마시면 졸려.
내가 아는 디저트 맛집 있어 거기로 바로 가자.
좋아! 빨리 가서 먹고 가볍게 산책도 좀 하자."
149,일반 대화,"메뉴 정했어? 오늘 진짜 맛있는 거 먹자.
간단하게 햄버거 어때? 새로 오픈한 데 있어.
오랜만에 구내식당 갈까? 메뉴 괜찮던데.
구내식당은 좀 물려. 그냥 밖에 나가서 먹자.
근데 거기 대기 줄 길지 않을까? 빨리 걷자.
지금 뛰어가면 괜찮을 거야. 늦으면 자리 없어.
다 먹고 시원한 아이스 아메리카노도 마실 거지?
당연하지! 밥 먹고 식후 커피 안 마시면 졸려.
커피는 내가 살게. 아까 네가 밥 샀으니까.
좋아! 빨리 가서 먹고 가볍게 산책도 좀 하자."
150,일반 대화,"점심 뭐 먹을까? 벌써부터 너무 배고프다.
간단하게 햄버거 어때? 새로 오픈한 데 있어.
오랜만에 구내식당 갈까? 메뉴 괜찮던데.
구내식당은 좀 물려. 그냥 밖에 나가서 먹자.
오 탕수육까지? 오늘 완전 포식하는 날이네.
천천히 와. 내가 먼저 내려가서 줄 서고 있을게.
다 먹고 시원한 아이스 아메리카노도 마실 거지?
내가 먼저 가서 자리 맡아 놓을 테니까 와.
커피는 내가 살게. 아까 네가 밥 샀으니까.
다이어트는 내일부터 해야겠네. 너무 행복하다."
151,일반 대화,"아침 안 먹었더니 쓰러지겠어. 빨리 가자.
간단하게 햄버거 어때? 새로 오픈한 데 있어.
매운 거면 짬뽕 어때? 새로 생긴 중국집!
버거킹에 신메뉴 나왔대. 그거 먹어봐야겠다.
근데 거기 대기 줄 길지 않을까? 빨리 걷자.
당연하지. 오후에 일하려면 든든하게 먹어야지.
다 먹고 시원한 아이스 아메리카노도 마실 거지?
내가 먼저 가서 자리 맡아 놓을 테니까 와.
커피는 내가 살게. 아까 네가 밥 샀으니까.
좋아! 빨리 가서 먹고 가볍게 산책도 좀 하자."
152,일반 대화,"점심 뭐 먹을까? 벌써부터 너무 배고프다.
간단하게 햄버거 어때? 새로 오픈한 데 있어.
햄버거도 나쁘지 않지. 감튀 큰 걸로 먹자.
버거킹에 신메뉴 나왔대. 그거 먹어봐야겠다.
오 탕수육까지? 오늘 완전 포식하는 날이네.
당연하지. 오후에 일하려면 든든하게 먹어야지.
제육볶음 맛있어. 다 먹고 커피는 내가 쏠게.
당연하지! 밥 먹고 식후 커피 안 마시면 졸려.
내가 아는 디저트 맛집 있어 거기로 바로 가자.
진짜? 완전 고맙지. 얼른 가서 맛있게 먹자!"
153,일반 대화,"밥 먹으러 가자! 오늘따라 식욕이 넘치네.
딱히 생각나는 게 없네. 너 먹고 싶은 거!
오랜만에 구내식당 갈까? 메뉴 괜찮던데.
구내식당은 좀 물려. 그냥 밖에 나가서 먹자.
알았어. 겉옷만 챙겨서 바로 나갈게 로비로 와.
지금 뛰어가면 괜찮을 거야. 늦으면 자리 없어.
동의해. 다 먹고 나면 졸리니까 커피 필수지.
내가 먼저 가서 자리 맡아 놓을 테니까 와.
자리 맡아준다고? 진짜 고맙다 나 엘베 탔어.
좋아! 빨리 가서 먹고 가볍게 산책도 좀 하자."
154,일반 대화,"밥 먹으러 가자! 오늘따라 식욕이 넘치네.
딱히 생각나는 게 없네. 너 먹고 싶은 거!
오 짬뽕 좋다. 국물이 진짜 끝내준다고 해.
구내식당은 좀 물려. 그냥 밖에 나가서 먹자.
저기 백반집 어때? 반찬 여러 가지 나오고 좋아.
지금 뛰어가면 괜찮을 거야. 늦으면 자리 없어.
동의해. 다 먹고 나면 졸리니까 커피 필수지.
오 커피까지 사준다고? 완전 이득이다 가자.
커피는 내가 살게. 아까 네가 밥 샀으니까.
응 조심히 와. 도착하면 바로 시킬 수 있게 할게."
155,일반 대화,"점심 뭐 먹을까? 벌써부터 너무 배고프다.
간단하게 햄버거 어때? 새로 오픈한 데 있어.
햄버거도 나쁘지 않지. 감튀 큰 걸로 먹자.
사람 많을지도 모르니까 지금 당장 출발하자.
오 탕수육까지? 오늘 완전 포식하는 날이네.
당연하지. 오후에 일하려면 든든하게 먹어야지.
다 먹고 시원한 아이스 아메리카노도 마실 거지?
당연하지! 밥 먹고 식후 커피 안 마시면 졸려.
커피는 내가 살게. 아까 네가 밥 샀으니까.
좋아! 빨리 가서 먹고 가볍게 산책도 좀 하자."
156,일반 대화,"아침 안 먹었더니 쓰러지겠어. 빨리 가자.
오늘은 왠지 면 종류가 땡겨. 얼큰한 거!
햄버거도 나쁘지 않지. 감튀 큰 걸로 먹자.
사람 많을지도 모르니까 지금 당장 출발하자.
근데 거기 대기 줄 길지 않을까? 빨리 걷자.
지금 뛰어가면 괜찮을 거야. 늦으면 자리 없어.
다 먹고 시원한 아이스 아메리카노도 마실 거지?
디저트 배는 따로 있으니까 케이크도 먹을까?
우리 오늘 점심시간 진짜 꽉 채워서 알차게 놀자.
좋아! 빨리 가서 먹고 가볍게 산책도 좀 하자."
157,일반 대화,"점심 뭐 먹을까? 벌써부터 너무 배고프다.
딱히 생각나는 게 없네. 너 먹고 싶은 거!
오 짬뽕 좋다. 국물이 진짜 끝내준다고 해.
맞아 탕수육도 엄청 바삭하고 맛있었어 가자.
저기 백반집 어때? 반찬 여러 가지 나오고 좋아.
백반 좋지! 한국인은 밥심이지. 제육볶음 어때?
제육볶음 맛있어. 다 먹고 커피는 내가 쏠게.
당연하지! 밥 먹고 식후 커피 안 마시면 졸려.
자리 맡아준다고? 진짜 고맙다 나 엘베 탔어.
응 조심히 와. 도착하면 바로 시킬 수 있게 할게."
158,일반 대화,"아침 안 먹었더니 쓰러지겠어. 빨리 가자.
간단하게 햄버거 어때? 새로 오픈한 데 있어.
오 짬뽕 좋다. 국물이 진짜 끝내준다고 해.
사람 많을지도 모르니까 지금 당장 출발하자.
오 탕수육까지? 오늘 완전 포식하는 날이네.
백반 좋지! 한국인은 밥심이지. 제육볶음 어때?
다 먹고 시원한 아이스 아메리카노도 마실 거지?
오 커피까지 사준다고? 완전 이득이다 가자.
우리 오늘 점심시간 진짜 꽉 채워서 알차게 놀자.
다이어트는 내일부터 해야겠네. 너무 행복하다."
159,일반 대화,"메뉴 정했어? 오늘 진짜 맛있는 거 먹자.
딱히 생각나는 게 없네. 너 먹고 싶은 거!
오 짬뽕 좋다. 국물이 진짜 끝내준다고 해.
버거킹에 신메뉴 나왔대. 그거 먹어봐야겠다.
근데 거기 대기 줄 길지 않을까? 빨리 걷자.
지금 뛰어가면 괜찮을 거야. 늦으면 자리 없어.
제육볶음 맛있어. 다 먹고 커피는 내가 쏠게.
내가 먼저 가서 자리 맡아 놓을 테니까 와.
자리 맡아준다고? 진짜 고맙다 나 엘베 탔어.
진짜? 완전 고맙지. 얼른 가서 맛있게 먹자!"
160,일반 대화,"점심 뭐 먹을까? 벌써부터 너무 배고프다.
나도 완전 배고파. 오늘 매운 거 땡기는데?
오랜만에 구내식당 갈까? 메뉴 괜찮던데.
사람 많을지도 모르니까 지금 당장 출발하자.
근데 거기 대기 줄 길지 않을까? 빨리 걷자.
당연하지. 오후에 일하려면 든든하게 먹어야지.
알았어 지금 당장 뛰어간다. 이따 카톡 할게.
당연하지! 밥 먹고 식후 커피 안 마시면 졸려.
자리 맡아준다고? 진짜 고맙다 나 엘베 탔어.
다이어트는 내일부터 해야겠네. 너무 행복하다."
161,일반 대화,"메뉴 정했어? 오늘 진짜 맛있는 거 먹자.
나도 완전 배고파. 오늘 매운 거 땡기는데?
햄버거도 나쁘지 않지. 감튀 큰 걸로 먹자.
구내식당은 좀 물려. 그냥 밖에 나가서 먹자.
저기 백반집 어때? 반찬 여러 가지 나오고 좋아.
백반 좋지! 한국인은 밥심이지. 제육볶음 어때?
제육볶음 맛있어. 다 먹고 커피는 내가 쏠게.
당연하지! 밥 먹고 식후 커피 안 마시면 졸려.
내가 아는 디저트 맛집 있어 거기로 바로 가자.
다이어트는 내일부터 해야겠네. 너무 행복하다."
162,일반 대화,"메뉴 정했어? 오늘 진짜 맛있는 거 먹자.
오늘은 왠지 면 종류가 땡겨. 얼큰한 거!
햄버거도 나쁘지 않지. 감튀 큰 걸로 먹자.
구내식당은 좀 물려. 그냥 밖에 나가서 먹자.
알았어. 겉옷만 챙겨서 바로 나갈게 로비로 와.
천천히 와. 내가 먼저 내려가서 줄 서고 있을게.
다 먹고 시원한 아이스 아메리카노도 마실 거지?
내가 먼저 가서 자리 맡아 놓을 테니까 와.
커피는 내가 살게. 아까 네가 밥 샀으니까.
다이어트는 내일부터 해야겠네. 너무 행복하다."
163,일반 대화,"아침 안 먹었더니 쓰러지겠어. 빨리 가자.
나도 완전 배고파. 오늘 매운 거 땡기는데?
오 짬뽕 좋다. 국물이 진짜 끝내준다고 해.
맞아 탕수육도 엄청 바삭하고 맛있었어 가자.
저기 백반집 어때? 반찬 여러 가지 나오고 좋아.
백반 좋지! 한국인은 밥심이지. 제육볶음 어때?
다 먹고 시원한 아이스 아메리카노도 마실 거지?
내가 먼저 가서 자리 맡아 놓을 테니까 와.
커피는 내가 살게. 아까 네가 밥 샀으니까.
다이어트는 내일부터 해야겠네. 너무 행복하다."
164,일반 대화,"밥 먹으러 가자! 오늘따라 식욕이 넘치네.
간단하게 햄버거 어때? 새로 오픈한 데 있어.
햄버거도 나쁘지 않지. 감튀 큰 걸로 먹자.
구내식당은 좀 물려. 그냥 밖에 나가서 먹자.
근데 거기 대기 줄 길지 않을까? 빨리 걷자.
지금 뛰어가면 괜찮을 거야. 늦으면 자리 없어.
제육볶음 맛있어. 다 먹고 커피는 내가 쏠게.
오 커피까지 사준다고? 완전 이득이다 가자.
자리 맡아준다고? 진짜 고맙다 나 엘베 탔어.
좋아! 빨리 가서 먹고 가볍게 산책도 좀 하자."
165,일반 대화,"메뉴 정했어? 오늘 진짜 맛있는 거 먹자.
오늘은 왠지 면 종류가 땡겨. 얼큰한 거!
오 짬뽕 좋다. 국물이 진짜 끝내준다고 해.
사람 많을지도 모르니까 지금 당장 출발하자.
오 탕수육까지? 오늘 완전 포식하는 날이네.
백반 좋지! 한국인은 밥심이지. 제육볶음 어때?
다 먹고 시원한 아이스 아메리카노도 마실 거지?
내가 먼저 가서 자리 맡아 놓을 테니까 와.
내가 아는 디저트 맛집 있어 거기로 바로 가자.
다이어트는 내일부터 해야겠네. 너무 행복하다."
166,일반 대화,"점심 뭐 먹을까? 벌써부터 너무 배고프다.
나도 완전 배고파. 오늘 매운 거 땡기는데?
오 짬뽕 좋다. 국물이 진짜 끝내준다고 해.
맞아 탕수육도 엄청 바삭하고 맛있었어 가자.
근데 거기 대기 줄 길지 않을까? 빨리 걷자.
백반 좋지! 한국인은 밥심이지. 제육볶음 어때?
동의해. 다 먹고 나면 졸리니까 커피 필수지.
오 커피까지 사준다고? 완전 이득이다 가자.
자리 맡아준다고? 진짜 고맙다 나 엘베 탔어.
진짜? 완전 고맙지. 얼른 가서 맛있게 먹자!"
167,일반 대화,"밥 먹으러 가자! 오늘따라 식욕이 넘치네.
오늘은 왠지 면 종류가 땡겨. 얼큰한 거!
오 짬뽕 좋다. 국물이 진짜 끝내준다고 해.
사람 많을지도 모르니까 지금 당장 출발하자.
오 탕수육까지? 오늘 완전 포식하는 날이네.
천천히 와. 내가 먼저 내려가서 줄 서고 있을게.
제육볶음 맛있어. 다 먹고 커피는 내가 쏠게.
내가 먼저 가서 자리 맡아 놓을 테니까 와.
커피는 내가 살게. 아까 네가 밥 샀으니까.
진짜? 완전 고맙지. 얼른 가서 맛있게 먹자!"
168,일반 대화,"메뉴 정했어? 오늘 진짜 맛있는 거 먹자.
오늘은 왠지 면 종류가 땡겨. 얼큰한 거!
오랜만에 구내식당 갈까? 메뉴 괜찮던데.
맞아 탕수육도 엄청 바삭하고 맛있었어 가자.
오 탕수육까지? 오늘 완전 포식하는 날이네.
천천히 와. 내가 먼저 내려가서 줄 서고 있을게.
알았어 지금 당장 뛰어간다. 이따 카톡 할게.
내가 먼저 가서 자리 맡아 놓을 테니까 와.
자리 맡아준다고? 진짜 고맙다 나 엘베 탔어.
다이어트는 내일부터 해야겠네. 너무 행복하다."
169,일반 대화,"메뉴 정했어? 오늘 진짜 맛있는 거 먹자.
나도 완전 배고파. 오늘 매운 거 땡기는데?
오 짬뽕 좋다. 국물이 진짜 끝내준다고 해.
구내식당은 좀 물려. 그냥 밖에 나가서 먹자.
알았어. 겉옷만 챙겨서 바로 나갈게 로비로 와.
당연하지. 오후에 일하려면 든든하게 먹어야지.
다 먹고 시원한 아이스 아메리카노도 마실 거지?
당연하지! 밥 먹고 식후 커피 안 마시면 졸려.
우리 오늘 점심시간 진짜 꽉 채워서 알차게 놀자.
다이어트는 내일부터 해야겠네. 너무 행복하다."
170,일반 대화,"점심 뭐 먹을까? 벌써부터 너무 배고프다.
딱히 생각나는 게 없네. 너 먹고 싶은 거!
오랜만에 구내식당 갈까? 메뉴 괜찮던데.
버거킹에 신메뉴 나왔대. 그거 먹어봐야겠다.
근데 거기 대기 줄 길지 않을까? 빨리 걷자.
당연하지. 오후에 일하려면 든든하게 먹어야지.
다 먹고 시원한 아이스 아메리카노도 마실 거지?
오 커피까지 사준다고? 완전 이득이다 가자.
자리 맡아준다고? 진짜 고맙다 나 엘베 탔어.
다이어트는 내일부터 해야겠네. 너무 행복하다."
171,일반 대화,"아침 안 먹었더니 쓰러지겠어. 빨리 가자.
간단하게 햄버거 어때? 새로 오픈한 데 있어.
매운 거면 짬뽕 어때? 새로 생긴 중국집!
구내식당은 좀 물려. 그냥 밖에 나가서 먹자.
알았어. 겉옷만 챙겨서 바로 나갈게 로비로 와.
천천히 와. 내가 먼저 내려가서 줄 서고 있을게.
제육볶음 맛있어. 다 먹고 커피는 내가 쏠게.
당연하지! 밥 먹고 식후 커피 안 마시면 졸려.
내가 아는 디저트 맛집 있어 거기로 바로 가자.
좋아! 빨리 가서 먹고 가볍게 산책도 좀 하자."
172,일반 대화,"점심 뭐 먹을까? 벌써부터 너무 배고프다.
간단하게 햄버거 어때? 새로 오픈한 데 있어.
오 짬뽕 좋다. 국물이 진짜 끝내준다고 해.
버거킹에 신메뉴 나왔대. 그거 먹어봐야겠다.
오 탕수육까지? 오늘 완전 포식하는 날이네.
백반 좋지! 한국인은 밥심이지. 제육볶음 어때?
다 먹고 시원한 아이스 아메리카노도 마실 거지?
디저트 배는 따로 있으니까 케이크도 먹을까?
내가 아는 디저트 맛집 있어 거기로 바로 가자.
응 조심히 와. 도착하면 바로 시킬 수 있게 할게."
173,일반 대화,"메뉴 정했어? 오늘 진짜 맛있는 거 먹자.
나도 완전 배고파. 오늘 매운 거 땡기는데?
햄버거도 나쁘지 않지. 감튀 큰 걸로 먹자.
구내식당은 좀 물려. 그냥 밖에 나가서 먹자.
저기 백반집 어때? 반찬 여러 가지 나오고 좋아.
천천히 와. 내가 먼저 내려가서 줄 서고 있을게.
알았어 지금 당장 뛰어간다. 이따 카톡 할게.
오 커피까지 사준다고? 완전 이득이다 가자.
우리 오늘 점심시간 진짜 꽉 채워서 알차게 놀자.
다이어트는 내일부터 해야겠네. 너무 행복하다."
174,일반 대화,"밥 먹으러 가자! 오늘따라 식욕이 넘치네.
나도 완전 배고파. 오늘 매운 거 땡기는데?
오 짬뽕 좋다. 국물이 진짜 끝내준다고 해.
맞아 탕수육도 엄청 바삭하고 맛있었어 가자.
알았어. 겉옷만 챙겨서 바로 나갈게 로비로 와.
지금 뛰어가면 괜찮을 거야. 늦으면 자리 없어.
제육볶음 맛있어. 다 먹고 커피는 내가 쏠게.
내가 먼저 가서 자리 맡아 놓을 테니까 와.
우리 오늘 점심시간 진짜 꽉 채워서 알차게 놀자.
응 조심히 와. 도착하면 바로 시킬 수 있게 할게."
175,일반 대화,"밥 먹으러 가자! 오늘따라 식욕이 넘치네.
오늘은 왠지 면 종류가 땡겨. 얼큰한 거!
햄버거도 나쁘지 않지. 감튀 큰 걸로 먹자.
맞아 탕수육도 엄청 바삭하고 맛있었어 가자.
오 탕수육까지? 오늘 완전 포식하는 날이네.
백반 좋지! 한국인은 밥심이지. 제육볶음 어때?
동의해. 다 먹고 나면 졸리니까 커피 필수지.
내가 먼저 가서 자리 맡아 놓을 테니까 와.
우리 오늘 점심시간 진짜 꽉 채워서 알차게 놀자.
응 조심히 와. 도착하면 바로 시킬 수 있게 할게."
176,일반 대화,"아침 안 먹었더니 쓰러지겠어. 빨리 가자.
간단하게 햄버거 어때? 새로 오픈한 데 있어.
오랜만에 구내식당 갈까? 메뉴 괜찮던데.
맞아 탕수육도 엄청 바삭하고 맛있었어 가자.
근데 거기 대기 줄 길지 않을까? 빨리 걷자.
지금 뛰어가면 괜찮을 거야. 늦으면 자리 없어.
동의해. 다 먹고 나면 졸리니까 커피 필수지.
오 커피까지 사준다고? 완전 이득이다 가자.
자리 맡아준다고? 진짜 고맙다 나 엘베 탔어.
다이어트는 내일부터 해야겠네. 너무 행복하다."
177,일반 대화,"아침 안 먹었더니 쓰러지겠어. 빨리 가자.
딱히 생각나는 게 없네. 너 먹고 싶은 거!
오랜만에 구내식당 갈까? 메뉴 괜찮던데.
버거킹에 신메뉴 나왔대. 그거 먹어봐야겠다.
근데 거기 대기 줄 길지 않을까? 빨리 걷자.
백반 좋지! 한국인은 밥심이지. 제육볶음 어때?
제육볶음 맛있어. 다 먹고 커피는 내가 쏠게.
내가 먼저 가서 자리 맡아 놓을 테니까 와.
우리 오늘 점심시간 진짜 꽉 채워서 알차게 놀자.
좋아! 빨리 가서 먹고 가볍게 산책도 좀 하자."
178,일반 대화,"메뉴 정했어? 오늘 진짜 맛있는 거 먹자.
간단하게 햄버거 어때? 새로 오픈한 데 있어.
오 짬뽕 좋다. 국물이 진짜 끝내준다고 해.
맞아 탕수육도 엄청 바삭하고 맛있었어 가자.
저기 백반집 어때? 반찬 여러 가지 나오고 좋아.
백반 좋지! 한국인은 밥심이지. 제육볶음 어때?
다 먹고 시원한 아이스 아메리카노도 마실 거지?
오 커피까지 사준다고? 완전 이득이다 가자.
내가 아는 디저트 맛집 있어 거기로 바로 가자.
응 조심히 와. 도착하면 바로 시킬 수 있게 할게."
179,일반 대화,"메뉴 정했어? 오늘 진짜 맛있는 거 먹자.
딱히 생각나는 게 없네. 너 먹고 싶은 거!
오 짬뽕 좋다. 국물이 진짜 끝내준다고 해.
사람 많을지도 모르니까 지금 당장 출발하자.
알았어. 겉옷만 챙겨서 바로 나갈게 로비로 와.
당연하지. 오후에 일하려면 든든하게 먹어야지.
동의해. 다 먹고 나면 졸리니까 커피 필수지.
오 커피까지 사준다고? 완전 이득이다 가자.
자리 맡아준다고? 진짜 고맙다 나 엘베 탔어.
진짜? 완전 고맙지. 얼른 가서 맛있게 먹자!"
180,일반 대화,"밥 먹으러 가자! 오늘따라 식욕이 넘치네.
간단하게 햄버거 어때? 새로 오픈한 데 있어.
매운 거면 짬뽕 어때? 새로 생긴 중국집!
맞아 탕수육도 엄청 바삭하고 맛있었어 가자.
알았어. 겉옷만 챙겨서 바로 나갈게 로비로 와.
지금 뛰어가면 괜찮을 거야. 늦으면 자리 없어.
동의해. 다 먹고 나면 졸리니까 커피 필수지.
내가 먼저 가서 자리 맡아 놓을 테니까 와.
자리 맡아준다고? 진짜 고맙다 나 엘베 탔어.
다이어트는 내일부터 해야겠네. 너무 행복하다."
181,일반 대화,"아침 안 먹었더니 쓰러지겠어. 빨리 가자.
나도 완전 배고파. 오늘 매운 거 땡기는데?
오 짬뽕 좋다. 국물이 진짜 끝내준다고 해.
맞아 탕수육도 엄청 바삭하고 맛있었어 가자.
저기 백반집 어때? 반찬 여러 가지 나오고 좋아.
당연하지. 오후에 일하려면 든든하게 먹어야지.
동의해. 다 먹고 나면 졸리니까 커피 필수지.
당연하지! 밥 먹고 식후 커피 안 마시면 졸려.
우리 오늘 점심시간 진짜 꽉 채워서 알차게 놀자.
진짜? 완전 고맙지. 얼른 가서 맛있게 먹자!"
182,일반 대화,"밥 먹으러 가자! 오늘따라 식욕이 넘치네.
나도 완전 배고파. 오늘 매운 거 땡기는데?
매운 거면 짬뽕 어때? 새로 생긴 중국집!
버거킹에 신메뉴 나왔대. 그거 먹어봐야겠다.
근데 거기 대기 줄 길지 않을까? 빨리 걷자.
백반 좋지! 한국인은 밥심이지. 제육볶음 어때?
제육볶음 맛있어. 다 먹고 커피는 내가 쏠게.
디저트 배는 따로 있으니까 케이크도 먹을까?
자리 맡아준다고? 진짜 고맙다 나 엘베 탔어.
좋아! 빨리 가서 먹고 가볍게 산책도 좀 하자."
183,일반 대화,"아침 안 먹었더니 쓰러지겠어. 빨리 가자.
딱히 생각나는 게 없네. 너 먹고 싶은 거!
햄버거도 나쁘지 않지. 감튀 큰 걸로 먹자.
구내식당은 좀 물려. 그냥 밖에 나가서 먹자.
저기 백반집 어때? 반찬 여러 가지 나오고 좋아.
천천히 와. 내가 먼저 내려가서 줄 서고 있을게.
제육볶음 맛있어. 다 먹고 커피는 내가 쏠게.
오 커피까지 사준다고? 완전 이득이다 가자.
우리 오늘 점심시간 진짜 꽉 채워서 알차게 놀자.
응 조심히 와. 도착하면 바로 시킬 수 있게 할게."
184,일반 대화,"밥 먹으러 가자! 오늘따라 식욕이 넘치네.
오늘은 왠지 면 종류가 땡겨. 얼큰한 거!
오랜만에 구내식당 갈까? 메뉴 괜찮던데.
맞아 탕수육도 엄청 바삭하고 맛있었어 가자.
알았어. 겉옷만 챙겨서 바로 나갈게 로비로 와.
당연하지. 오후에 일하려면 든든하게 먹어야지.
알았어 지금 당장 뛰어간다. 이따 카톡 할게.
당연하지! 밥 먹고 식후 커피 안 마시면 졸려.
우리 오늘 점심시간 진짜 꽉 채워서 알차게 놀자.
좋아! 빨리 가서 먹고 가볍게 산책도 좀 하자."
185,일반 대화,"아침 안 먹었더니 쓰러지겠어. 빨리 가자.
딱히 생각나는 게 없네. 너 먹고 싶은 거!
매운 거면 짬뽕 어때? 새로 생긴 중국집!
사람 많을지도 모르니까 지금 당장 출발하자.
저기 백반집 어때? 반찬 여러 가지 나오고 좋아.
지금 뛰어가면 괜찮을 거야. 늦으면 자리 없어.
동의해. 다 먹고 나면 졸리니까 커피 필수지.
오 커피까지 사준다고? 완전 이득이다 가자.
자리 맡아준다고? 진짜 고맙다 나 엘베 탔어.
응 조심히 와. 도착하면 바로 시킬 수 있게 할게."
186,일반 대화,"아침 안 먹었더니 쓰러지겠어. 빨리 가자.
나도 완전 배고파. 오늘 매운 거 땡기는데?
매운 거면 짬뽕 어때? 새로 생긴 중국집!
맞아 탕수육도 엄청 바삭하고 맛있었어 가자.
저기 백반집 어때? 반찬 여러 가지 나오고 좋아.
지금 뛰어가면 괜찮을 거야. 늦으면 자리 없어.
다 먹고 시원한 아이스 아메리카노도 마실 거지?
디저트 배는 따로 있으니까 케이크도 먹을까?
내가 아는 디저트 맛집 있어 거기로 바로 가자.
좋아! 빨리 가서 먹고 가볍게 산책도 좀 하자."
187,일반 대화,"밥 먹으러 가자! 오늘따라 식욕이 넘치네.
간단하게 햄버거 어때? 새로 오픈한 데 있어.
오랜만에 구내식당 갈까? 메뉴 괜찮던데.
버거킹에 신메뉴 나왔대. 그거 먹어봐야겠다.
저기 백반집 어때? 반찬 여러 가지 나오고 좋아.
천천히 와. 내가 먼저 내려가서 줄 서고 있을게.
다 먹고 시원한 아이스 아메리카노도 마실 거지?
디저트 배는 따로 있으니까 케이크도 먹을까?
우리 오늘 점심시간 진짜 꽉 채워서 알차게 놀자.
다이어트는 내일부터 해야겠네. 너무 행복하다."
188,일반 대화,"메뉴 정했어? 오늘 진짜 맛있는 거 먹자.
나도 완전 배고파. 오늘 매운 거 땡기는데?
매운 거면 짬뽕 어때? 새로 생긴 중국집!
구내식당은 좀 물려. 그냥 밖에 나가서 먹자.
근데 거기 대기 줄 길지 않을까? 빨리 걷자.
당연하지. 오후에 일하려면 든든하게 먹어야지.
다 먹고 시원한 아이스 아메리카노도 마실 거지?
디저트 배는 따로 있으니까 케이크도 먹을까?
내가 아는 디저트 맛집 있어 거기로 바로 가자.
응 조심히 와. 도착하면 바로 시킬 수 있게 할게."
189,일반 대화,"점심 뭐 먹을까? 벌써부터 너무 배고프다.
딱히 생각나는 게 없네. 너 먹고 싶은 거!
햄버거도 나쁘지 않지. 감튀 큰 걸로 먹자.
구내식당은 좀 물려. 그냥 밖에 나가서 먹자.
알았어. 겉옷만 챙겨서 바로 나갈게 로비로 와.
지금 뛰어가면 괜찮을 거야. 늦으면 자리 없어.
동의해. 다 먹고 나면 졸리니까 커피 필수지.
당연하지! 밥 먹고 식후 커피 안 마시면 졸려.
커피는 내가 살게. 아까 네가 밥 샀으니까.
다이어트는 내일부터 해야겠네. 너무 행복하다."
190,일반 대화,"밥 먹으러 가자! 오늘따라 식욕이 넘치네.
나도 완전 배고파. 오늘 매운 거 땡기는데?
햄버거도 나쁘지 않지. 감튀 큰 걸로 먹자.
구내식당은 좀 물려. 그냥 밖에 나가서 먹자.
오 탕수육까지? 오늘 완전 포식하는 날이네.
당연하지. 오후에 일하려면 든든하게 먹어야지.
제육볶음 맛있어. 다 먹고 커피는 내가 쏠게.
당연하지! 밥 먹고 식후 커피 안 마시면 졸려.
커피는 내가 살게. 아까 네가 밥 샀으니까.
응 조심히 와. 도착하면 바로 시킬 수 있게 할게."
191,일반 대화,"메뉴 정했어? 오늘 진짜 맛있는 거 먹자.
딱히 생각나는 게 없네. 너 먹고 싶은 거!
햄버거도 나쁘지 않지. 감튀 큰 걸로 먹자.
맞아 탕수육도 엄청 바삭하고 맛있었어 가자.
알았어. 겉옷만 챙겨서 바로 나갈게 로비로 와.
당연하지. 오후에 일하려면 든든하게 먹어야지.
다 먹고 시원한 아이스 아메리카노도 마실 거지?
디저트 배는 따로 있으니까 케이크도 먹을까?
우리 오늘 점심시간 진짜 꽉 채워서 알차게 놀자.
다이어트는 내일부터 해야겠네. 너무 행복하다."
192,일반 대화,"점심 뭐 먹을까? 벌써부터 너무 배고프다.
딱히 생각나는 게 없네. 너 먹고 싶은 거!
오 짬뽕 좋다. 국물이 진짜 끝내준다고 해.
맞아 탕수육도 엄청 바삭하고 맛있었어 가자.
저기 백반집 어때? 반찬 여러 가지 나오고 좋아.
백반 좋지! 한국인은 밥심이지. 제육볶음 어때?
다 먹고 시원한 아이스 아메리카노도 마실 거지?
오 커피까지 사준다고? 완전 이득이다 가자.
커피는 내가 살게. 아까 네가 밥 샀으니까.
다이어트는 내일부터 해야겠네. 너무 행복하다."
193,일반 대화,"점심 뭐 먹을까? 벌써부터 너무 배고프다.
나도 완전 배고파. 오늘 매운 거 땡기는데?
매운 거면 짬뽕 어때? 새로 생긴 중국집!
구내식당은 좀 물려. 그냥 밖에 나가서 먹자.
근데 거기 대기 줄 길지 않을까? 빨리 걷자.
지금 뛰어가면 괜찮을 거야. 늦으면 자리 없어.
다 먹고 시원한 아이스 아메리카노도 마실 거지?
당연하지! 밥 먹고 식후 커피 안 마시면 졸려.
자리 맡아준다고? 진짜 고맙다 나 엘베 탔어.
다이어트는 내일부터 해야겠네. 너무 행복하다."
194,일반 대화,"메뉴 정했어? 오늘 진짜 맛있는 거 먹자.
나도 완전 배고파. 오늘 매운 거 땡기는데?
햄버거도 나쁘지 않지. 감튀 큰 걸로 먹자.
구내식당은 좀 물려. 그냥 밖에 나가서 먹자.
근데 거기 대기 줄 길지 않을까? 빨리 걷자.
지금 뛰어가면 괜찮을 거야. 늦으면 자리 없어.
다 먹고 시원한 아이스 아메리카노도 마실 거지?
오 커피까지 사준다고? 완전 이득이다 가자.
내가 아는 디저트 맛집 있어 거기로 바로 가자.
진짜? 완전 고맙지. 얼른 가서 맛있게 먹자!"
195,일반 대화,"밥 먹으러 가자! 오늘따라 식욕이 넘치네.
딱히 생각나는 게 없네. 너 먹고 싶은 거!
오랜만에 구내식당 갈까? 메뉴 괜찮던데.
사람 많을지도 모르니까 지금 당장 출발하자.
알았어. 겉옷만 챙겨서 바로 나갈게 로비로 와.
백반 좋지! 한국인은 밥심이지. 제육볶음 어때?
알았어 지금 당장 뛰어간다. 이따 카톡 할게.
디저트 배는 따로 있으니까 케이크도 먹을까?
우리 오늘 점심시간 진짜 꽉 채워서 알차게 놀자.
다이어트는 내일부터 해야겠네. 너무 행복하다."
196,일반 대화,"밥 먹으러 가자! 오늘따라 식욕이 넘치네.
딱히 생각나는 게 없네. 너 먹고 싶은 거!
햄버거도 나쁘지 않지. 감튀 큰 걸로 먹자.
구내식당은 좀 물려. 그냥 밖에 나가서 먹자.
저기 백반집 어때? 반찬 여러 가지 나오고 좋아.
당연하지. 오후에 일하려면 든든하게 먹어야지.
알았어 지금 당장 뛰어간다. 이따 카톡 할게.
오 커피까지 사준다고? 완전 이득이다 가자.
커피는 내가 살게. 아까 네가 밥 샀으니까.
좋아! 빨리 가서 먹고 가볍게 산책도 좀 하자."
197,일반 대화,"메뉴 정했어? 오늘 진짜 맛있는 거 먹자.
오늘은 왠지 면 종류가 땡겨. 얼큰한 거!
오 짬뽕 좋다. 국물이 진짜 끝내준다고 해.
버거킹에 신메뉴 나왔대. 그거 먹어봐야겠다.
오 탕수육까지? 오늘 완전 포식하는 날이네.
백반 좋지! 한국인은 밥심이지. 제육볶음 어때?
제육볶음 맛있어. 다 먹고 커피는 내가 쏠게.
오 커피까지 사준다고? 완전 이득이다 가자.
우리 오늘 점심시간 진짜 꽉 채워서 알차게 놀자.
진짜? 완전 고맙지. 얼른 가서 맛있게 먹자!"
198,일반 대화,"밥 먹으러 가자! 오늘따라 식욕이 넘치네.
딱히 생각나는 게 없네. 너 먹고 싶은 거!
오랜만에 구내식당 갈까? 메뉴 괜찮던데.
구내식당은 좀 물려. 그냥 밖에 나가서 먹자.
근데 거기 대기 줄 길지 않을까? 빨리 걷자.
백반 좋지! 한국인은 밥심이지. 제육볶음 어때?
동의해. 다 먹고 나면 졸리니까 커피 필수지.
내가 먼저 가서 자리 맡아 놓을 테니까 와.
내가 아는 디저트 맛집 있어 거기로 바로 가자.
응 조심히 와. 도착하면 바로 시킬 수 있게 할게."
199,일반 대화,"아침 안 먹었더니 쓰러지겠어. 빨리 가자.
오늘은 왠지 면 종류가 땡겨. 얼큰한 거!
오 짬뽕 좋다. 국물이 진짜 끝내준다고 해.
사람 많을지도 모르니까 지금 당장 출발하자.
오 탕수육까지? 오늘 완전 포식하는 날이네.
백반 좋지! 한국인은 밥심이지. 제육볶음 어때?
다 먹고 시원한 아이스 아메리카노도 마실 거지?
당연하지! 밥 먹고 식후 커피 안 마시면 졸려.
자리 맡아준다고? 진짜 고맙다 나 엘베 탔어.
다이어트는 내일부터 해야겠네. 너무 행복하다."
200,일반 대화,"아침 안 먹었더니 쓰러지겠어. 빨리 가자.
오늘은 왠지 면 종류가 땡겨. 얼큰한 거!
매운 거면 짬뽕 어때? 새로 생긴 중국집!
맞아 탕수육도 엄청 바삭하고 맛있었어 가자.
저기 백반집 어때? 반찬 여러 가지 나오고 좋아.
당연하지. 오후에 일하려면 든든하게 먹어야지.
다 먹고 시원한 아이스 아메리카노도 마실 거지?
디저트 배는 따로 있으니까 케이크도 먹을까?
커피는 내가 살게. 아까 네가 밥 샀으니까.
응 조심히 와. 도착하면 바로 시킬 수 있게 할게."
201,일반 대화,"밥 먹으러 가자! 오늘따라 식욕이 넘치네.
오늘은 왠지 면 종류가 땡겨. 얼큰한 거!
매운 거면 짬뽕 어때? 새로 생긴 중국집!
사람 많을지도 모르니까 지금 당장 출발하자.
오 탕수육까지? 오늘 완전 포식하는 날이네.
백반 좋지! 한국인은 밥심이지. 제육볶음 어때?
다 먹고 시원한 아이스 아메리카노도 마실 거지?
내가 먼저 가서 자리 맡아 놓을 테니까 와.
자리 맡아준다고? 진짜 고맙다 나 엘베 탔어.
진짜? 완전 고맙지. 얼른 가서 맛있게 먹자!"
202,일반 대화,"점심 뭐 먹을까? 벌써부터 너무 배고프다.
오늘은 왠지 면 종류가 땡겨. 얼큰한 거!
오 짬뽕 좋다. 국물이 진짜 끝내준다고 해.
맞아 탕수육도 엄청 바삭하고 맛있었어 가자.
근데 거기 대기 줄 길지 않을까? 빨리 걷자.
백반 좋지! 한국인은 밥심이지. 제육볶음 어때?
다 먹고 시원한 아이스 아메리카노도 마실 거지?
오 커피까지 사준다고? 완전 이득이다 가자.
우리 오늘 점심시간 진짜 꽉 채워서 알차게 놀자.
진짜? 완전 고맙지. 얼른 가서 맛있게 먹자!"
203,일반 대화,"밥 먹으러 가자! 오늘따라 식욕이 넘치네.
간단하게 햄버거 어때? 새로 오픈한 데 있어.
매운 거면 짬뽕 어때? 새로 생긴 중국집!
맞아 탕수육도 엄청 바삭하고 맛있었어 가자.
알았어. 겉옷만 챙겨서 바로 나갈게 로비로 와.
천천히 와. 내가 먼저 내려가서 줄 서고 있을게.
다 먹고 시원한 아이스 아메리카노도 마실 거지?
오 커피까지 사준다고? 완전 이득이다 가자.
커피는 내가 살게. 아까 네가 밥 샀으니까.
진짜? 완전 고맙지. 얼른 가서 맛있게 먹자!"
204,일반 대화,"밥 먹으러 가자! 오늘따라 식욕이 넘치네.
오늘은 왠지 면 종류가 땡겨. 얼큰한 거!
햄버거도 나쁘지 않지. 감튀 큰 걸로 먹자.
맞아 탕수육도 엄청 바삭하고 맛있었어 가자.
근데 거기 대기 줄 길지 않을까? 빨리 걷자.
백반 좋지! 한국인은 밥심이지. 제육볶음 어때?
동의해. 다 먹고 나면 졸리니까 커피 필수지.
디저트 배는 따로 있으니까 케이크도 먹을까?
내가 아는 디저트 맛집 있어 거기로 바로 가자.
다이어트는 내일부터 해야겠네. 너무 행복하다."
205,일반 대화,"아침 안 먹었더니 쓰러지겠어. 빨리 가자.
나도 완전 배고파. 오늘 매운 거 땡기는데?
오 짬뽕 좋다. 국물이 진짜 끝내준다고 해.
맞아 탕수육도 엄청 바삭하고 맛있었어 가자.
알았어. 겉옷만 챙겨서 바로 나갈게 로비로 와.
천천히 와. 내가 먼저 내려가서 줄 서고 있을게.
동의해. 다 먹고 나면 졸리니까 커피 필수지.
오 커피까지 사준다고? 완전 이득이다 가자.
내가 아는 디저트 맛집 있어 거기로 바로 가자.
다이어트는 내일부터 해야겠네. 너무 행복하다."
206,일반 대화,"메뉴 정했어? 오늘 진짜 맛있는 거 먹자.
나도 완전 배고파. 오늘 매운 거 땡기는데?
오 짬뽕 좋다. 국물이 진짜 끝내준다고 해.
구내식당은 좀 물려. 그냥 밖에 나가서 먹자.
근데 거기 대기 줄 길지 않을까? 빨리 걷자.
지금 뛰어가면 괜찮을 거야. 늦으면 자리 없어.
알았어 지금 당장 뛰어간다. 이따 카톡 할게.
오 커피까지 사준다고? 완전 이득이다 가자.
우리 오늘 점심시간 진짜 꽉 채워서 알차게 놀자.
응 조심히 와. 도착하면 바로 시킬 수 있게 할게."
207,일반 대화,"아침 안 먹었더니 쓰러지겠어. 빨리 가자.
나도 완전 배고파. 오늘 매운 거 땡기는데?
매운 거면 짬뽕 어때? 새로 생긴 중국집!
맞아 탕수육도 엄청 바삭하고 맛있었어 가자.
오 탕수육까지? 오늘 완전 포식하는 날이네.
백반 좋지! 한국인은 밥심이지. 제육볶음 어때?
다 먹고 시원한 아이스 아메리카노도 마실 거지?
오 커피까지 사준다고? 완전 이득이다 가자.
내가 아는 디저트 맛집 있어 거기로 바로 가자.
응 조심히 와. 도착하면 바로 시킬 수 있게 할게."
208,일반 대화,"메뉴 정했어? 오늘 진짜 맛있는 거 먹자.
간단하게 햄버거 어때? 새로 오픈한 데 있어.
오 짬뽕 좋다. 국물이 진짜 끝내준다고 해.
사람 많을지도 모르니까 지금 당장 출발하자.
저기 백반집 어때? 반찬 여러 가지 나오고 좋아.
지금 뛰어가면 괜찮을 거야. 늦으면 자리 없어.
제육볶음 맛있어. 다 먹고 커피는 내가 쏠게.
오 커피까지 사준다고? 완전 이득이다 가자.
내가 아는 디저트 맛집 있어 거기로 바로 가자.
좋아! 빨리 가서 먹고 가볍게 산책도 좀 하자."
209,일반 대화,"아침 안 먹었더니 쓰러지겠어. 빨리 가자.
딱히 생각나는 게 없네. 너 먹고 싶은 거!
햄버거도 나쁘지 않지. 감튀 큰 걸로 먹자.
사람 많을지도 모르니까 지금 당장 출발하자.
저기 백반집 어때? 반찬 여러 가지 나오고 좋아.
지금 뛰어가면 괜찮을 거야. 늦으면 자리 없어.
알았어 지금 당장 뛰어간다. 이따 카톡 할게.
당연하지! 밥 먹고 식후 커피 안 마시면 졸려.
내가 아는 디저트 맛집 있어 거기로 바로 가자.
좋아! 빨리 가서 먹고 가볍게 산책도 좀 하자."
210,일반 대화,"메뉴 정했어? 오늘 진짜 맛있는 거 먹자.
간단하게 햄버거 어때? 새로 오픈한 데 있어.
매운 거면 짬뽕 어때? 새로 생긴 중국집!
맞아 탕수육도 엄청 바삭하고 맛있었어 가자.
근데 거기 대기 줄 길지 않을까? 빨리 걷자.
천천히 와. 내가 먼저 내려가서 줄 서고 있을게.
다 먹고 시원한 아이스 아메리카노도 마실 거지?
오 커피까지 사준다고? 완전 이득이다 가자.
자리 맡아준다고? 진짜 고맙다 나 엘베 탔어.
응 조심히 와. 도착하면 바로 시킬 수 있게 할게."
211,일반 대화,"밥 먹으러 가자! 오늘따라 식욕이 넘치네.
간단하게 햄버거 어때? 새로 오픈한 데 있어.
매운 거면 짬뽕 어때? 새로 생긴 중국집!
사람 많을지도 모르니까 지금 당장 출발하자.
근데 거기 대기 줄 길지 않을까? 빨리 걷자.
백반 좋지! 한국인은 밥심이지. 제육볶음 어때?
동의해. 다 먹고 나면 졸리니까 커피 필수지.
디저트 배는 따로 있으니까 케이크도 먹을까?
우리 오늘 점심시간 진짜 꽉 채워서 알차게 놀자.
응 조심히 와. 도착하면 바로 시킬 수 있게 할게."
212,일반 대화,"메뉴 정했어? 오늘 진짜 맛있는 거 먹자.
딱히 생각나는 게 없네. 너 먹고 싶은 거!
햄버거도 나쁘지 않지. 감튀 큰 걸로 먹자.
맞아 탕수육도 엄청 바삭하고 맛있었어 가자.
저기 백반집 어때? 반찬 여러 가지 나오고 좋아.
천천히 와. 내가 먼저 내려가서 줄 서고 있을게.
다 먹고 시원한 아이스 아메리카노도 마실 거지?
디저트 배는 따로 있으니까 케이크도 먹을까?
커피는 내가 살게. 아까 네가 밥 샀으니까.
응 조심히 와. 도착하면 바로 시킬 수 있게 할게."
213,일반 대화,"아침 안 먹었더니 쓰러지겠어. 빨리 가자.
간단하게 햄버거 어때? 새로 오픈한 데 있어.
햄버거도 나쁘지 않지. 감튀 큰 걸로 먹자.
사람 많을지도 모르니까 지금 당장 출발하자.
저기 백반집 어때? 반찬 여러 가지 나오고 좋아.
천천히 와. 내가 먼저 내려가서 줄 서고 있을게.
알았어 지금 당장 뛰어간다. 이따 카톡 할게.
당연하지! 밥 먹고 식후 커피 안 마시면 졸려.
우리 오늘 점심시간 진짜 꽉 채워서 알차게 놀자.
좋아! 빨리 가서 먹고 가볍게 산책도 좀 하자."
214,일반 대화,"메뉴 정했어? 오늘 진짜 맛있는 거 먹자.
딱히 생각나는 게 없네. 너 먹고 싶은 거!
오 짬뽕 좋다. 국물이 진짜 끝내준다고 해.
맞아 탕수육도 엄청 바삭하고 맛있었어 가자.
오 탕수육까지? 오늘 완전 포식하는 날이네.
지금 뛰어가면 괜찮을 거야. 늦으면 자리 없어.
동의해. 다 먹고 나면 졸리니까 커피 필수지.
당연하지! 밥 먹고 식후 커피 안 마시면 졸려.
우리 오늘 점심시간 진짜 꽉 채워서 알차게 놀자.
진짜? 완전 고맙지. 얼른 가서 맛있게 먹자!"
215,일반 대화,"아침 안 먹었더니 쓰러지겠어. 빨리 가자.
딱히 생각나는 게 없네. 너 먹고 싶은 거!
오랜만에 구내식당 갈까? 메뉴 괜찮던데.
맞아 탕수육도 엄청 바삭하고 맛있었어 가자.
저기 백반집 어때? 반찬 여러 가지 나오고 좋아.
백반 좋지! 한국인은 밥심이지. 제육볶음 어때?
동의해. 다 먹고 나면 졸리니까 커피 필수지.
당연하지! 밥 먹고 식후 커피 안 마시면 졸려.
자리 맡아준다고? 진짜 고맙다 나 엘베 탔어.
진짜? 완전 고맙지. 얼른 가서 맛있게 먹자!"
216,일반 대화,"메뉴 정했어? 오늘 진짜 맛있는 거 먹자.
오늘은 왠지 면 종류가 땡겨. 얼큰한 거!
오 짬뽕 좋다. 국물이 진짜 끝내준다고 해.
사람 많을지도 모르니까 지금 당장 출발하자.
오 탕수육까지? 오늘 완전 포식하는 날이네.
천천히 와. 내가 먼저 내려가서 줄 서고 있을게.
제육볶음 맛있어. 다 먹고 커피는 내가 쏠게.
내가 먼저 가서 자리 맡아 놓을 테니까 와.
내가 아는 디저트 맛집 있어 거기로 바로 가자.
좋아! 빨리 가서 먹고 가볍게 산책도 좀 하자."
217,일반 대화,"메뉴 정했어? 오늘 진짜 맛있는 거 먹자.
나도 완전 배고파. 오늘 매운 거 땡기는데?
매운 거면 짬뽕 어때? 새로 생긴 중국집!
구내식당은 좀 물려. 그냥 밖에 나가서 먹자.
근데 거기 대기 줄 길지 않을까? 빨리 걷자.
천천히 와. 내가 먼저 내려가서 줄 서고 있을게.
제육볶음 맛있어. 다 먹고 커피는 내가 쏠게.
디저트 배는 따로 있으니까 케이크도 먹을까?
우리 오늘 점심시간 진짜 꽉 채워서 알차게 놀자.
응 조심히 와. 도착하면 바로 시킬 수 있게 할게."
218,일반 대화,"밥 먹으러 가자! 오늘따라 식욕이 넘치네.
오늘은 왠지 면 종류가 땡겨. 얼큰한 거!
햄버거도 나쁘지 않지. 감튀 큰 걸로 먹자.
구내식당은 좀 물려. 그냥 밖에 나가서 먹자.
근데 거기 대기 줄 길지 않을까? 빨리 걷자.
지금 뛰어가면 괜찮을 거야. 늦으면 자리 없어.
동의해. 다 먹고 나면 졸리니까 커피 필수지.
당연하지! 밥 먹고 식후 커피 안 마시면 졸려.
커피는 내가 살게. 아까 네가 밥 샀으니까.
좋아! 빨리 가서 먹고 가볍게 산책도 좀 하자."
219,일반 대화,"밥 먹으러 가자! 오늘따라 식욕이 넘치네.
나도 완전 배고파. 오늘 매운 거 땡기는데?
오랜만에 구내식당 갈까? 메뉴 괜찮던데.
버거킹에 신메뉴 나왔대. 그거 먹어봐야겠다.
알았어. 겉옷만 챙겨서 바로 나갈게 로비로 와.
지금 뛰어가면 괜찮을 거야. 늦으면 자리 없어.
알았어 지금 당장 뛰어간다. 이따 카톡 할게.
당연하지! 밥 먹고 식후 커피 안 마시면 졸려.
커피는 내가 살게. 아까 네가 밥 샀으니까.
다이어트는 내일부터 해야겠네. 너무 행복하다."
220,일반 대화,"밥 먹으러 가자! 오늘따라 식욕이 넘치네.
간단하게 햄버거 어때? 새로 오픈한 데 있어.
오랜만에 구내식당 갈까? 메뉴 괜찮던데.
버거킹에 신메뉴 나왔대. 그거 먹어봐야겠다.
근데 거기 대기 줄 길지 않을까? 빨리 걷자.
지금 뛰어가면 괜찮을 거야. 늦으면 자리 없어.
동의해. 다 먹고 나면 졸리니까 커피 필수지.
내가 먼저 가서 자리 맡아 놓을 테니까 와.
자리 맡아준다고? 진짜 고맙다 나 엘베 탔어.
좋아! 빨리 가서 먹고 가볍게 산책도 좀 하자."
221,일반 대화,"밥 먹으러 가자! 오늘따라 식욕이 넘치네.
간단하게 햄버거 어때? 새로 오픈한 데 있어.
햄버거도 나쁘지 않지. 감튀 큰 걸로 먹자.
사람 많을지도 모르니까 지금 당장 출발하자.
알았어. 겉옷만 챙겨서 바로 나갈게 로비로 와.
천천히 와. 내가 먼저 내려가서 줄 서고 있을게.
알았어 지금 당장 뛰어간다. 이따 카톡 할게.
내가 먼저 가서 자리 맡아 놓을 테니까 와.
우리 오늘 점심시간 진짜 꽉 채워서 알차게 놀자.
다이어트는 내일부터 해야겠네. 너무 행복하다."
222,일반 대화,"메뉴 정했어? 오늘 진짜 맛있는 거 먹자.
딱히 생각나는 게 없네. 너 먹고 싶은 거!
오 짬뽕 좋다. 국물이 진짜 끝내준다고 해.
맞아 탕수육도 엄청 바삭하고 맛있었어 가자.
저기 백반집 어때? 반찬 여러 가지 나오고 좋아.
백반 좋지! 한국인은 밥심이지. 제육볶음 어때?
동의해. 다 먹고 나면 졸리니까 커피 필수지.
당연하지! 밥 먹고 식후 커피 안 마시면 졸려.
우리 오늘 점심시간 진짜 꽉 채워서 알차게 놀자.
좋아! 빨리 가서 먹고 가볍게 산책도 좀 하자."
223,일반 대화,"밥 먹으러 가자! 오늘따라 식욕이 넘치네.
오늘은 왠지 면 종류가 땡겨. 얼큰한 거!
오 짬뽕 좋다. 국물이 진짜 끝내준다고 해.
구내식당은 좀 물려. 그냥 밖에 나가서 먹자.
오 탕수육까지? 오늘 완전 포식하는 날이네.
당연하지. 오후에 일하려면 든든하게 먹어야지.
다 먹고 시원한 아이스 아메리카노도 마실 거지?
오 커피까지 사준다고? 완전 이득이다 가자.
내가 아는 디저트 맛집 있어 거기로 바로 가자.
좋아! 빨리 가서 먹고 가볍게 산책도 좀 하자."
224,일반 대화,"메뉴 정했어? 오늘 진짜 맛있는 거 먹자.
간단하게 햄버거 어때? 새로 오픈한 데 있어.
매운 거면 짬뽕 어때? 새로 생긴 중국집!
버거킹에 신메뉴 나왔대. 그거 먹어봐야겠다.
알았어. 겉옷만 챙겨서 바로 나갈게 로비로 와.
당연하지. 오후에 일하려면 든든하게 먹어야지.
다 먹고 시원한 아이스 아메리카노도 마실 거지?
내가 먼저 가서 자리 맡아 놓을 테니까 와.
커피는 내가 살게. 아까 네가 밥 샀으니까.
다이어트는 내일부터 해야겠네. 너무 행복하다."
225,일반 대화,"점심 뭐 먹을까? 벌써부터 너무 배고프다.
딱히 생각나는 게 없네. 너 먹고 싶은 거!
오랜만에 구내식당 갈까? 메뉴 괜찮던데.
맞아 탕수육도 엄청 바삭하고 맛있었어 가자.
알았어. 겉옷만 챙겨서 바로 나갈게 로비로 와.
지금 뛰어가면 괜찮을 거야. 늦으면 자리 없어.
다 먹고 시원한 아이스 아메리카노도 마실 거지?
디저트 배는 따로 있으니까 케이크도 먹을까?
내가 아는 디저트 맛집 있어 거기로 바로 가자.
응 조심히 와. 도착하면 바로 시킬 수 있게 할게."
226,일반 대화,"점심 뭐 먹을까? 벌써부터 너무 배고프다.
간단하게 햄버거 어때? 새로 오픈한 데 있어.
오 짬뽕 좋다. 국물이 진짜 끝내준다고 해.
버거킹에 신메뉴 나왔대. 그거 먹어봐야겠다.
알았어. 겉옷만 챙겨서 바로 나갈게 로비로 와.
당연하지. 오후에 일하려면 든든하게 먹어야지.
제육볶음 맛있어. 다 먹고 커피는 내가 쏠게.
내가 먼저 가서 자리 맡아 놓을 테니까 와.
내가 아는 디저트 맛집 있어 거기로 바로 가자.
좋아! 빨리 가서 먹고 가볍게 산책도 좀 하자."
227,일반 대화,"메뉴 정했어? 오늘 진짜 맛있는 거 먹자.
딱히 생각나는 게 없네. 너 먹고 싶은 거!
햄버거도 나쁘지 않지. 감튀 큰 걸로 먹자.
맞아 탕수육도 엄청 바삭하고 맛있었어 가자.
근데 거기 대기 줄 길지 않을까? 빨리 걷자.
지금 뛰어가면 괜찮을 거야. 늦으면 자리 없어.
다 먹고 시원한 아이스 아메리카노도 마실 거지?
당연하지! 밥 먹고 식후 커피 안 마시면 졸려.
우리 오늘 점심시간 진짜 꽉 채워서 알차게 놀자.
응 조심히 와. 도착하면 바로 시킬 수 있게 할게."
228,일반 대화,"아침 안 먹었더니 쓰러지겠어. 빨리 가자.
간단하게 햄버거 어때? 새로 오픈한 데 있어.
햄버거도 나쁘지 않지. 감튀 큰 걸로 먹자.
맞아 탕수육도 엄청 바삭하고 맛있었어 가자.
근데 거기 대기 줄 길지 않을까? 빨리 걷자.
당연하지. 오후에 일하려면 든든하게 먹어야지.
다 먹고 시원한 아이스 아메리카노도 마실 거지?
오 커피까지 사준다고? 완전 이득이다 가자.
내가 아는 디저트 맛집 있어 거기로 바로 가자.
좋아! 빨리 가서 먹고 가볍게 산책도 좀 하자."
229,일반 대화,"아침 안 먹었더니 쓰러지겠어. 빨리 가자.
간단하게 햄버거 어때? 새로 오픈한 데 있어.
햄버거도 나쁘지 않지. 감튀 큰 걸로 먹자.
버거킹에 신메뉴 나왔대. 그거 먹어봐야겠다.
알았어. 겉옷만 챙겨서 바로 나갈게 로비로 와.
당연하지. 오후에 일하려면 든든하게 먹어야지.
제육볶음 맛있어. 다 먹고 커피는 내가 쏠게.
디저트 배는 따로 있으니까 케이크도 먹을까?
자리 맡아준다고? 진짜 고맙다 나 엘베 탔어.
다이어트는 내일부터 해야겠네. 너무 행복하다."
230,일반 대화,"점심 뭐 먹을까? 벌써부터 너무 배고프다.
오늘은 왠지 면 종류가 땡겨. 얼큰한 거!
오 짬뽕 좋다. 국물이 진짜 끝내준다고 해.
버거킹에 신메뉴 나왔대. 그거 먹어봐야겠다.
알았어. 겉옷만 챙겨서 바로 나갈게 로비로 와.
백반 좋지! 한국인은 밥심이지. 제육볶음 어때?
동의해. 다 먹고 나면 졸리니까 커피 필수지.
내가 먼저 가서 자리 맡아 놓을 테니까 와.
커피는 내가 살게. 아까 네가 밥 샀으니까.
다이어트는 내일부터 해야겠네. 너무 행복하다."
231,일반 대화,"점심 뭐 먹을까? 벌써부터 너무 배고프다.
딱히 생각나는 게 없네. 너 먹고 싶은 거!
햄버거도 나쁘지 않지. 감튀 큰 걸로 먹자.
버거킹에 신메뉴 나왔대. 그거 먹어봐야겠다.
오 탕수육까지? 오늘 완전 포식하는 날이네.
백반 좋지! 한국인은 밥심이지. 제육볶음 어때?
동의해. 다 먹고 나면 졸리니까 커피 필수지.
당연하지! 밥 먹고 식후 커피 안 마시면 졸려.
자리 맡아준다고? 진짜 고맙다 나 엘베 탔어.
다이어트는 내일부터 해야겠네. 너무 행복하다."
232,일반 대화,"밥 먹으러 가자! 오늘따라 식욕이 넘치네.
나도 완전 배고파. 오늘 매운 거 땡기는데?
매운 거면 짬뽕 어때? 새로 생긴 중국집!
맞아 탕수육도 엄청 바삭하고 맛있었어 가자.
근데 거기 대기 줄 길지 않을까? 빨리 걷자.
지금 뛰어가면 괜찮을 거야. 늦으면 자리 없어.
동의해. 다 먹고 나면 졸리니까 커피 필수지.
당연하지! 밥 먹고 식후 커피 안 마시면 졸려.
커피는 내가 살게. 아까 네가 밥 샀으니까.
좋아! 빨리 가서 먹고 가볍게 산책도 좀 하자."
233,일반 대화,"밥 먹으러 가자! 오늘따라 식욕이 넘치네.
나도 완전 배고파. 오늘 매운 거 땡기는데?
오 짬뽕 좋다. 국물이 진짜 끝내준다고 해.
사람 많을지도 모르니까 지금 당장 출발하자.
오 탕수육까지? 오늘 완전 포식하는 날이네.
천천히 와. 내가 먼저 내려가서 줄 서고 있을게.
동의해. 다 먹고 나면 졸리니까 커피 필수지.
오 커피까지 사준다고? 완전 이득이다 가자.
자리 맡아준다고? 진짜 고맙다 나 엘베 탔어.
응 조심히 와. 도착하면 바로 시킬 수 있게 할게."
234,일반 대화,"메뉴 정했어? 오늘 진짜 맛있는 거 먹자.
오늘은 왠지 면 종류가 땡겨. 얼큰한 거!
매운 거면 짬뽕 어때? 새로 생긴 중국집!
맞아 탕수육도 엄청 바삭하고 맛있었어 가자.
저기 백반집 어때? 반찬 여러 가지 나오고 좋아.
천천히 와. 내가 먼저 내려가서 줄 서고 있을게.
다 먹고 시원한 아이스 아메리카노도 마실 거지?
내가 먼저 가서 자리 맡아 놓을 테니까 와.
커피는 내가 살게. 아까 네가 밥 샀으니까.
다이어트는 내일부터 해야겠네. 너무 행복하다."
235,일반 대화,"밥 먹으러 가자! 오늘따라 식욕이 넘치네.
나도 완전 배고파. 오늘 매운 거 땡기는데?
오 짬뽕 좋다. 국물이 진짜 끝내준다고 해.
버거킹에 신메뉴 나왔대. 그거 먹어봐야겠다.
알았어. 겉옷만 챙겨서 바로 나갈게 로비로 와.
천천히 와. 내가 먼저 내려가서 줄 서고 있을게.
제육볶음 맛있어. 다 먹고 커피는 내가 쏠게.
디저트 배는 따로 있으니까 케이크도 먹을까?
우리 오늘 점심시간 진짜 꽉 채워서 알차게 놀자.
다이어트는 내일부터 해야겠네. 너무 행복하다."
236,일반 대화,"메뉴 정했어? 오늘 진짜 맛있는 거 먹자.
오늘은 왠지 면 종류가 땡겨. 얼큰한 거!
매운 거면 짬뽕 어때? 새로 생긴 중국집!
버거킹에 신메뉴 나왔대. 그거 먹어봐야겠다.
알았어. 겉옷만 챙겨서 바로 나갈게 로비로 와.
당연하지. 오후에 일하려면 든든하게 먹어야지.
제육볶음 맛있어. 다 먹고 커피는 내가 쏠게.
디저트 배는 따로 있으니까 케이크도 먹을까?
우리 오늘 점심시간 진짜 꽉 채워서 알차게 놀자.
응 조심히 와. 도착하면 바로 시킬 수 있게 할게."
237,일반 대화,"밥 먹으러 가자! 오늘따라 식욕이 넘치네.
오늘은 왠지 면 종류가 땡겨. 얼큰한 거!
햄버거도 나쁘지 않지. 감튀 큰 걸로 먹자.
구내식당은 좀 물려. 그냥 밖에 나가서 먹자.
오 탕수육까지? 오늘 완전 포식하는 날이네.
당연하지. 오후에 일하려면 든든하게 먹어야지.
다 먹고 시원한 아이스 아메리카노도 마실 거지?
당연하지! 밥 먹고 식후 커피 안 마시면 졸려.
내가 아는 디저트 맛집 있어 거기로 바로 가자.
다이어트는 내일부터 해야겠네. 너무 행복하다."
238,일반 대화,"메뉴 정했어? 오늘 진짜 맛있는 거 먹자.
딱히 생각나는 게 없네. 너 먹고 싶은 거!
매운 거면 짬뽕 어때? 새로 생긴 중국집!
구내식당은 좀 물려. 그냥 밖에 나가서 먹자.
근데 거기 대기 줄 길지 않을까? 빨리 걷자.
백반 좋지! 한국인은 밥심이지. 제육볶음 어때?
알았어 지금 당장 뛰어간다. 이따 카톡 할게.
오 커피까지 사준다고? 완전 이득이다 가자.
내가 아는 디저트 맛집 있어 거기로 바로 가자.
응 조심히 와. 도착하면 바로 시킬 수 있게 할게."
239,일반 대화,"아침 안 먹었더니 쓰러지겠어. 빨리 가자.
오늘은 왠지 면 종류가 땡겨. 얼큰한 거!
햄버거도 나쁘지 않지. 감튀 큰 걸로 먹자.
버거킹에 신메뉴 나왔대. 그거 먹어봐야겠다.
오 탕수육까지? 오늘 완전 포식하는 날이네.
지금 뛰어가면 괜찮을 거야. 늦으면 자리 없어.
알았어 지금 당장 뛰어간다. 이따 카톡 할게.
디저트 배는 따로 있으니까 케이크도 먹을까?
우리 오늘 점심시간 진짜 꽉 채워서 알차게 놀자.
좋아! 빨리 가서 먹고 가볍게 산책도 좀 하자."
240,일반 대화,"메뉴 정했어? 오늘 진짜 맛있는 거 먹자.
오늘은 왠지 면 종류가 땡겨. 얼큰한 거!
매운 거면 짬뽕 어때? 새로 생긴 중국집!
버거킹에 신메뉴 나왔대. 그거 먹어봐야겠다.
오 탕수육까지? 오늘 완전 포식하는 날이네.
천천히 와. 내가 먼저 내려가서 줄 서고 있을게.
제육볶음 맛있어. 다 먹고 커피는 내가 쏠게.
당연하지! 밥 먹고 식후 커피 안 마시면 졸려.
자리 맡아준다고? 진짜 고맙다 나 엘베 탔어.
진짜? 완전 고맙지. 얼른 가서 맛있게 먹자!"
241,일반 대화,"점심 뭐 먹을까? 벌써부터 너무 배고프다.
간단하게 햄버거 어때? 새로 오픈한 데 있어.
오랜만에 구내식당 갈까? 메뉴 괜찮던데.
구내식당은 좀 물려. 그냥 밖에 나가서 먹자.
알았어. 겉옷만 챙겨서 바로 나갈게 로비로 와.
천천히 와. 내가 먼저 내려가서 줄 서고 있을게.
다 먹고 시원한 아이스 아메리카노도 마실 거지?
오 커피까지 사준다고? 완전 이득이다 가자.
커피는 내가 살게. 아까 네가 밥 샀으니까.
응 조심히 와. 도착하면 바로 시킬 수 있게 할게."
242,일반 대화,"아침 안 먹었더니 쓰러지겠어. 빨리 가자.
딱히 생각나는 게 없네. 너 먹고 싶은 거!
오 짬뽕 좋다. 국물이 진짜 끝내준다고 해.
맞아 탕수육도 엄청 바삭하고 맛있었어 가자.
근데 거기 대기 줄 길지 않을까? 빨리 걷자.
지금 뛰어가면 괜찮을 거야. 늦으면 자리 없어.
제육볶음 맛있어. 다 먹고 커피는 내가 쏠게.
오 커피까지 사준다고? 완전 이득이다 가자.
내가 아는 디저트 맛집 있어 거기로 바로 가자.
좋아! 빨리 가서 먹고 가볍게 산책도 좀 하자."
243,일반 대화,"아침 안 먹었더니 쓰러지겠어. 빨리 가자.
오늘은 왠지 면 종류가 땡겨. 얼큰한 거!
오랜만에 구내식당 갈까? 메뉴 괜찮던데.
맞아 탕수육도 엄청 바삭하고 맛있었어 가자.
오 탕수육까지? 오늘 완전 포식하는 날이네.
당연하지. 오후에 일하려면 든든하게 먹어야지.
제육볶음 맛있어. 다 먹고 커피는 내가 쏠게.
당연하지! 밥 먹고 식후 커피 안 마시면 졸려.
내가 아는 디저트 맛집 있어 거기로 바로 가자.
다이어트는 내일부터 해야겠네. 너무 행복하다."
244,일반 대화,"점심 뭐 먹을까? 벌써부터 너무 배고프다.
오늘은 왠지 면 종류가 땡겨. 얼큰한 거!
햄버거도 나쁘지 않지. 감튀 큰 걸로 먹자.
구내식당은 좀 물려. 그냥 밖에 나가서 먹자.
근데 거기 대기 줄 길지 않을까? 빨리 걷자.
백반 좋지! 한국인은 밥심이지. 제육볶음 어때?
제육볶음 맛있어. 다 먹고 커피는 내가 쏠게.
당연하지! 밥 먹고 식후 커피 안 마시면 졸려.
커피는 내가 살게. 아까 네가 밥 샀으니까.
진짜? 완전 고맙지. 얼른 가서 맛있게 먹자!"
245,일반 대화,"메뉴 정했어? 오늘 진짜 맛있는 거 먹자.
나도 완전 배고파. 오늘 매운 거 땡기는데?
오 짬뽕 좋다. 국물이 진짜 끝내준다고 해.
버거킹에 신메뉴 나왔대. 그거 먹어봐야겠다.
알았어. 겉옷만 챙겨서 바로 나갈게 로비로 와.
당연하지. 오후에 일하려면 든든하게 먹어야지.
제육볶음 맛있어. 다 먹고 커피는 내가 쏠게.
당연하지! 밥 먹고 식후 커피 안 마시면 졸려.
커피는 내가 살게. 아까 네가 밥 샀으니까.
진짜? 완전 고맙지. 얼른 가서 맛있게 먹자!"
246,일반 대화,"밥 먹으러 가자! 오늘따라 식욕이 넘치네.
간단하게 햄버거 어때? 새로 오픈한 데 있어.
매운 거면 짬뽕 어때? 새로 생긴 중국집!
버거킹에 신메뉴 나왔대. 그거 먹어봐야겠다.
알았어. 겉옷만 챙겨서 바로 나갈게 로비로 와.
천천히 와. 내가 먼저 내려가서 줄 서고 있을게.
다 먹고 시원한 아이스 아메리카노도 마실 거지?
당연하지! 밥 먹고 식후 커피 안 마시면 졸려.
커피는 내가 살게. 아까 네가 밥 샀으니까.
진짜? 완전 고맙지. 얼른 가서 맛있게 먹자!"
247,일반 대화,"아침 안 먹었더니 쓰러지겠어. 빨리 가자.
나도 완전 배고파. 오늘 매운 거 땡기는데?
오 짬뽕 좋다. 국물이 진짜 끝내준다고 해.
맞아 탕수육도 엄청 바삭하고 맛있었어 가자.
알았어. 겉옷만 챙겨서 바로 나갈게 로비로 와.
천천히 와. 내가 먼저 내려가서 줄 서고 있을게.
다 먹고 시원한 아이스 아메리카노도 마실 거지?
오 커피까지 사준다고? 완전 이득이다 가자.
커피는 내가 살게. 아까 네가 밥 샀으니까.
좋아! 빨리 가서 먹고 가볍게 산책도 좀 하자."
248,일반 대화,"메뉴 정했어? 오늘 진짜 맛있는 거 먹자.
딱히 생각나는 게 없네. 너 먹고 싶은 거!
오 짬뽕 좋다. 국물이 진짜 끝내준다고 해.
구내식당은 좀 물려. 그냥 밖에 나가서 먹자.
알았어. 겉옷만 챙겨서 바로 나갈게 로비로 와.
백반 좋지! 한국인은 밥심이지. 제육볶음 어때?
다 먹고 시원한 아이스 아메리카노도 마실 거지?
내가 먼저 가서 자리 맡아 놓을 테니까 와.
커피는 내가 살게. 아까 네가 밥 샀으니까.
응 조심히 와. 도착하면 바로 시킬 수 있게 할게."
249,일반 대화,"밥 먹으러 가자! 오늘따라 식욕이 넘치네.
나도 완전 배고파. 오늘 매운 거 땡기는데?
오랜만에 구내식당 갈까? 메뉴 괜찮던데.
버거킹에 신메뉴 나왔대. 그거 먹어봐야겠다.
저기 백반집 어때? 반찬 여러 가지 나오고 좋아.
지금 뛰어가면 괜찮을 거야. 늦으면 자리 없어.
알았어 지금 당장 뛰어간다. 이따 카톡 할게.
내가 먼저 가서 자리 맡아 놓을 테니까 와.
우리 오늘 점심시간 진짜 꽉 채워서 알차게 놀자.
좋아! 빨리 가서 먹고 가볍게 산책도 좀 하자."
250,일반 대화,"주말에 시간 어때? 오랜만에 만나서 영화 볼까?
나도 약속 없어. 요새 피곤해서 늦잠이나 자려고.
에이 잠만 자면 아깝잖아. 나와서 바람이라도 쐬자.
성수동 좋지! 예쁜 카페도 많으니까 투어 좀 하자.
한강 걷다가 치맥 어때? 선선해서 밖에서 먹기 딱이야.
치맥 완전 찬성! 한강 라면도 같이 끓여 먹어야지.
오케이 2시 예매 시도해볼게. 팝콘은 네가 사는 거다?
선곡은 나한테 맡겨. 벌써 여행 가는 기분이라 신나.
내일 아침 9시에 픽업 갈 테니까 준비하고 바로 나와.
알았어 지각 안 하고 기다릴게. 내일 아침에 늦지 마!"
251,일반 대화,"이번 주 드디어 쉰다. 특별한 약속 잡힌 거 있어?
딱히 약속 없어. 집에서 넷플릭스나 보면서 쉴래.
날씨 좋은데 집에만 있기 아깝잖아. 드라이브 갈래?
성수동 좋지! 예쁜 카페도 많으니까 투어 좀 하자.
주말이라 자리 없을 것 같은데. 시간대는 언제가 좋아?
나는 토요일 오후 2시가 좋아. 밥 먹고 보면 딱이지.
방금 예약 완료했어! 창가 자리라 뷰도 예쁠 거야.
팝콘에 콜라 쏠게. 카라멜 어니언 반반 섞어서 먹자.
내일 아침 9시에 픽업 갈 테니까 준비하고 바로 나와.
맛집 리스트 뽑아갈게. 내일 조심히 시간 맞춰서 와!"
252,일반 대화,"금요일이다! 주말에 맛집 갈래? 알아본 데 있어.
나도 약속 없어. 요새 피곤해서 늦잠이나 자려고.
날씨 좋은데 집에만 있기 아깝잖아. 드라이브 갈래?
성수동 좋지! 예쁜 카페도 많으니까 투어 좀 하자.
한강 걷다가 치맥 어때? 선선해서 밖에서 먹기 딱이야.
나는 토요일 오후 2시가 좋아. 밥 먹고 보면 딱이지.
방금 예약 완료했어! 창가 자리라 뷰도 예쁠 거야.
진짜 고생했어! 내가 근처 디저트 카페 찾아놓을게.
완벽해. 영화 보고 저녁 먹고 깔끔하게 헤어지자.
맛집 리스트 뽑아갈게. 내일 조심히 시간 맞춰서 와!"
253,일반 대화,"주말에 시간 어때? 오랜만에 만나서 영화 볼까?
영화? 좋지! 개봉한 것 중에 재밌는 거 찾아봤어?
성수동에 새로 생긴 핫플인데 분위기 대박이래.
성수동 좋지! 예쁜 카페도 많으니까 투어 좀 하자.
한강 걷다가 치맥 어때? 선선해서 밖에서 먹기 딱이야.
응 토요일 12시에 만나면 딱이겠다. 예약 성공해줘.
당연하지. 돗자리 펴고 라면부터 먹어주는 게 국룰.
진짜 고생했어! 내가 근처 디저트 카페 찾아놓을게.
완벽해. 영화 보고 저녁 먹고 깔끔하게 헤어지자.
맛집 리스트 뽑아갈게. 내일 조심히 시간 맞춰서 와!"
254,일반 대화,"주말에 시간 어때? 오랜만에 만나서 영화 볼까?
영화? 좋지! 개봉한 것 중에 재밌는 거 찾아봤어?
에이 잠만 자면 아깝잖아. 나와서 바람이라도 쐬자.
바람 쐬는 것도 좋지. 한강공원이나 같이 걸을까?
주말이라 자리 없을 것 같은데. 시간대는 언제가 좋아?
치맥 완전 찬성! 한강 라면도 같이 끓여 먹어야지.
방금 예약 완료했어! 창가 자리라 뷰도 예쁠 거야.
진짜 고생했어! 내가 근처 디저트 카페 찾아놓을게.
내일 아침 9시에 픽업 갈 테니까 준비하고 바로 나와.
나도 완전 기대 중이야. 토요일에 예쁘게 입고 만나!"
255,일반 대화,"주말에 시간 어때? 오랜만에 만나서 영화 볼까?
나도 약속 없어. 요새 피곤해서 늦잠이나 자려고.
에이 잠만 자면 아깝잖아. 나와서 바람이라도 쐬자.
오 마블은 무조건 아이맥스지. 표 있는지 볼게.
속초나 강릉 어때? 맛있는 회 먹고 바다 구경하자.
응 토요일 12시에 만나면 딱이겠다. 예약 성공해줘.
방금 예약 완료했어! 창가 자리라 뷰도 예쁠 거야.
팝콘에 콜라 쏠게. 카라멜 어니언 반반 섞어서 먹자.
내일 아침 9시에 픽업 갈 테니까 준비하고 바로 나와.
나도 완전 기대 중이야. 토요일에 예쁘게 입고 만나!"
256,일반 대화,"이번 주말에 뭐 할 계획이야? 날씨 엄청 좋대.
나도 약속 없어. 요새 피곤해서 늦잠이나 자려고.
날씨 좋은데 집에만 있기 아깝잖아. 드라이브 갈래?
오 마블은 무조건 아이맥스지. 표 있는지 볼게.
한강 걷다가 치맥 어때? 선선해서 밖에서 먹기 딱이야.
치맥 완전 찬성! 한강 라면도 같이 끓여 먹어야지.
오케이 2시 예매 시도해볼게. 팝콘은 네가 사는 거다?
군침 돈다. 돗자리는 내가 예쁜 걸로 챙길게 몸만 와.
완벽해. 영화 보고 저녁 먹고 깔끔하게 헤어지자.
맛집 리스트 뽑아갈게. 내일 조심히 시간 맞춰서 와!"
257,일반 대화,"이번 주 드디어 쉰다. 특별한 약속 잡힌 거 있어?
영화? 좋지! 개봉한 것 중에 재밌는 거 찾아봤어?
날씨 좋은데 집에만 있기 아깝잖아. 드라이브 갈래?
드라이브 좋지! 바다 쪽으로 가면 가슴 뻥 뚫릴 듯.
주말이라 자리 없을 것 같은데. 시간대는 언제가 좋아?
나는 토요일 오후 2시가 좋아. 밥 먹고 보면 딱이지.
방금 예약 완료했어! 창가 자리라 뷰도 예쁠 거야.
군침 돈다. 돗자리는 내가 예쁜 걸로 챙길게 몸만 와.
디저트 배 비워둬야겠다. 너무 기대돼서 잠 안 올 듯.
맛집 리스트 뽑아갈게. 내일 조심히 시간 맞춰서 와!"
258,일반 대화,"금요일이다! 주말에 맛집 갈래? 알아본 데 있어.
나도 약속 없어. 요새 피곤해서 늦잠이나 자려고.
성수동에 새로 생긴 핫플인데 분위기 대박이래.
오 마블은 무조건 아이맥스지. 표 있는지 볼게.
한강 걷다가 치맥 어때? 선선해서 밖에서 먹기 딱이야.
응 토요일 12시에 만나면 딱이겠다. 예약 성공해줘.
당연히 내가 해야지. 넌 옆에서 신나는 음악 틀어.
군침 돈다. 돗자리는 내가 예쁜 걸로 챙길게 몸만 와.
완벽해. 영화 보고 저녁 먹고 깔끔하게 헤어지자.
나도 완전 기대 중이야. 토요일에 예쁘게 입고 만나!"
259,일반 대화,"이번 주 드디어 쉰다. 특별한 약속 잡힌 거 있어?
나도 약속 없어. 요새 피곤해서 늦잠이나 자려고.
날씨 좋은데 집에만 있기 아깝잖아. 드라이브 갈래?
바람 쐬는 것도 좋지. 한강공원이나 같이 걸을까?
한강 걷다가 치맥 어때? 선선해서 밖에서 먹기 딱이야.
나는 토요일 오후 2시가 좋아. 밥 먹고 보면 딱이지.
당연하지. 돗자리 펴고 라면부터 먹어주는 게 국룰.
군침 돈다. 돗자리는 내가 예쁜 걸로 챙길게 몸만 와.
디저트 배 비워둬야겠다. 너무 기대돼서 잠 안 올 듯.
내일 5시에 여의나루역에서 보자. 늦으면 버리고 간다!"
260,일반 대화,"금요일이다! 주말에 맛집 갈래? 알아본 데 있어.
딱히 약속 없어. 집에서 넷플릭스나 보면서 쉴래.
성수동에 새로 생긴 핫플인데 분위기 대박이래.
성수동 좋지! 예쁜 카페도 많으니까 투어 좀 하자.
완벽한 계획이다. 토요일 점심에 만나. 예약할게.
나는 토요일 오후 2시가 좋아. 밥 먹고 보면 딱이지.
방금 예약 완료했어! 창가 자리라 뷰도 예쁠 거야.
선곡은 나한테 맡겨. 벌써 여행 가는 기분이라 신나.
완벽해. 영화 보고 저녁 먹고 깔끔하게 헤어지자.
나도 완전 기대 중이야. 토요일에 예쁘게 입고 만나!"
261,일반 대화,"이번 주 드디어 쉰다. 특별한 약속 잡힌 거 있어?
나도 약속 없어. 요새 피곤해서 늦잠이나 자려고.
마블 신작 나왔다던데 그거 평점 엄청 높더라고.
오 마블은 무조건 아이맥스지. 표 있는지 볼게.
완벽한 계획이다. 토요일 점심에 만나. 예약할게.
응 토요일 12시에 만나면 딱이겠다. 예약 성공해줘.
당연하지. 돗자리 펴고 라면부터 먹어주는 게 국룰.
선곡은 나한테 맡겨. 벌써 여행 가는 기분이라 신나.
좋아 맥주도 시원한 걸로 사갈게. 해 질 무렵에 보자.
알았어 지각 안 하고 기다릴게. 내일 아침에 늦지 마!"
262,일반 대화,"주말에 시간 어때? 오랜만에 만나서 영화 볼까?
오 어디 맛집인데? 주말 내내 심심할 뻔 했거든.
성수동에 새로 생긴 핫플인데 분위기 대박이래.
오 마블은 무조건 아이맥스지. 표 있는지 볼게.
주말이라 자리 없을 것 같은데. 시간대는 언제가 좋아?
나는 토요일 오후 2시가 좋아. 밥 먹고 보면 딱이지.
방금 예약 완료했어! 창가 자리라 뷰도 예쁠 거야.
군침 돈다. 돗자리는 내가 예쁜 걸로 챙길게 몸만 와.
완벽해. 영화 보고 저녁 먹고 깔끔하게 헤어지자.
내일 5시에 여의나루역에서 보자. 늦으면 버리고 간다!"
263,일반 대화,"이번 주말에 뭐 할 계획이야? 날씨 엄청 좋대.
딱히 약속 없어. 집에서 넷플릭스나 보면서 쉴래.
날씨 좋은데 집에만 있기 아깝잖아. 드라이브 갈래?
오 마블은 무조건 아이맥스지. 표 있는지 볼게.
속초나 강릉 어때? 맛있는 회 먹고 바다 구경하자.
강릉 완전 좋다! 힐링 될 것 같아. 운전은 네가 해?
오케이 2시 예매 시도해볼게. 팝콘은 네가 사는 거다?
군침 돈다. 돗자리는 내가 예쁜 걸로 챙길게 몸만 와.
좋아 맥주도 시원한 걸로 사갈게. 해 질 무렵에 보자.
맛집 리스트 뽑아갈게. 내일 조심히 시간 맞춰서 와!"
264,일반 대화,"이번 주말에 뭐 할 계획이야? 날씨 엄청 좋대.
딱히 약속 없어. 집에서 넷플릭스나 보면서 쉴래.
에이 잠만 자면 아깝잖아. 나와서 바람이라도 쐬자.
성수동 좋지! 예쁜 카페도 많으니까 투어 좀 하자.
주말이라 자리 없을 것 같은데. 시간대는 언제가 좋아?
치맥 완전 찬성! 한강 라면도 같이 끓여 먹어야지.
당연히 내가 해야지. 넌 옆에서 신나는 음악 틀어.
진짜 고생했어! 내가 근처 디저트 카페 찾아놓을게.
디저트 배 비워둬야겠다. 너무 기대돼서 잠 안 올 듯.
맛집 리스트 뽑아갈게. 내일 조심히 시간 맞춰서 와!"
265,일반 대화,"이번 주 드디어 쉰다. 특별한 약속 잡힌 거 있어?
오 어디 맛집인데? 주말 내내 심심할 뻔 했거든.
날씨 좋은데 집에만 있기 아깝잖아. 드라이브 갈래?
드라이브 좋지! 바다 쪽으로 가면 가슴 뻥 뚫릴 듯.
완벽한 계획이다. 토요일 점심에 만나. 예약할게.
응 토요일 12시에 만나면 딱이겠다. 예약 성공해줘.
당연하지. 돗자리 펴고 라면부터 먹어주는 게 국룰.
선곡은 나한테 맡겨. 벌써 여행 가는 기분이라 신나.
완벽해. 영화 보고 저녁 먹고 깔끔하게 헤어지자.
맛집 리스트 뽑아갈게. 내일 조심히 시간 맞춰서 와!"
266,일반 대화,"금요일이다! 주말에 맛집 갈래? 알아본 데 있어.
영화? 좋지! 개봉한 것 중에 재밌는 거 찾아봤어?
날씨 좋은데 집에만 있기 아깝잖아. 드라이브 갈래?
성수동 좋지! 예쁜 카페도 많으니까 투어 좀 하자.
완벽한 계획이다. 토요일 점심에 만나. 예약할게.
응 토요일 12시에 만나면 딱이겠다. 예약 성공해줘.
오케이 2시 예매 시도해볼게. 팝콘은 네가 사는 거다?
군침 돈다. 돗자리는 내가 예쁜 걸로 챙길게 몸만 와.
디저트 배 비워둬야겠다. 너무 기대돼서 잠 안 올 듯.
내일 5시에 여의나루역에서 보자. 늦으면 버리고 간다!"
267,일반 대화,"이번 주 드디어 쉰다. 특별한 약속 잡힌 거 있어?
딱히 약속 없어. 집에서 넷플릭스나 보면서 쉴래.
에이 잠만 자면 아깝잖아. 나와서 바람이라도 쐬자.
오 마블은 무조건 아이맥스지. 표 있는지 볼게.
한강 걷다가 치맥 어때? 선선해서 밖에서 먹기 딱이야.
치맥 완전 찬성! 한강 라면도 같이 끓여 먹어야지.
당연하지. 돗자리 펴고 라면부터 먹어주는 게 국룰.
팝콘에 콜라 쏠게. 카라멜 어니언 반반 섞어서 먹자.
좋아 맥주도 시원한 걸로 사갈게. 해 질 무렵에 보자.
나도 완전 기대 중이야. 토요일에 예쁘게 입고 만나!"
268,일반 대화,"주말에 시간 어때? 오랜만에 만나서 영화 볼까?
오 어디 맛집인데? 주말 내내 심심할 뻔 했거든.
에이 잠만 자면 아깝잖아. 나와서 바람이라도 쐬자.
드라이브 좋지! 바다 쪽으로 가면 가슴 뻥 뚫릴 듯.
완벽한 계획이다. 토요일 점심에 만나. 예약할게.
응 토요일 12시에 만나면 딱이겠다. 예약 성공해줘.
당연히 내가 해야지. 넌 옆에서 신나는 음악 틀어.
진짜 고생했어! 내가 근처 디저트 카페 찾아놓을게.
내일 아침 9시에 픽업 갈 테니까 준비하고 바로 나와.
맛집 리스트 뽑아갈게. 내일 조심히 시간 맞춰서 와!"
269,일반 대화,"이번 주말에 뭐 할 계획이야? 날씨 엄청 좋대.
나도 약속 없어. 요새 피곤해서 늦잠이나 자려고.
성수동에 새로 생긴 핫플인데 분위기 대박이래.
성수동 좋지! 예쁜 카페도 많으니까 투어 좀 하자.
주말이라 자리 없을 것 같은데. 시간대는 언제가 좋아?
나는 토요일 오후 2시가 좋아. 밥 먹고 보면 딱이지.
방금 예약 완료했어! 창가 자리라 뷰도 예쁠 거야.
팝콘에 콜라 쏠게. 카라멜 어니언 반반 섞어서 먹자.
내일 아침 9시에 픽업 갈 테니까 준비하고 바로 나와.
알았어 지각 안 하고 기다릴게. 내일 아침에 늦지 마!"
270,일반 대화,"이번 주말에 뭐 할 계획이야? 날씨 엄청 좋대.
딱히 약속 없어. 집에서 넷플릭스나 보면서 쉴래.
마블 신작 나왔다던데 그거 평점 엄청 높더라고.
성수동 좋지! 예쁜 카페도 많으니까 투어 좀 하자.
속초나 강릉 어때? 맛있는 회 먹고 바다 구경하자.
나는 토요일 오후 2시가 좋아. 밥 먹고 보면 딱이지.
오케이 2시 예매 시도해볼게. 팝콘은 네가 사는 거다?
군침 돈다. 돗자리는 내가 예쁜 걸로 챙길게 몸만 와.
완벽해. 영화 보고 저녁 먹고 깔끔하게 헤어지자.
내일 5시에 여의나루역에서 보자. 늦으면 버리고 간다!"
271,일반 대화,"이번 주 드디어 쉰다. 특별한 약속 잡힌 거 있어?
딱히 약속 없어. 집에서 넷플릭스나 보면서 쉴래.
에이 잠만 자면 아깝잖아. 나와서 바람이라도 쐬자.
오 마블은 무조건 아이맥스지. 표 있는지 볼게.
주말이라 자리 없을 것 같은데. 시간대는 언제가 좋아?
강릉 완전 좋다! 힐링 될 것 같아. 운전은 네가 해?
당연히 내가 해야지. 넌 옆에서 신나는 음악 틀어.
선곡은 나한테 맡겨. 벌써 여행 가는 기분이라 신나.
좋아 맥주도 시원한 걸로 사갈게. 해 질 무렵에 보자.
알았어 지각 안 하고 기다릴게. 내일 아침에 늦지 마!"
272,일반 대화,"주말에 시간 어때? 오랜만에 만나서 영화 볼까?
영화? 좋지! 개봉한 것 중에 재밌는 거 찾아봤어?
에이 잠만 자면 아깝잖아. 나와서 바람이라도 쐬자.
성수동 좋지! 예쁜 카페도 많으니까 투어 좀 하자.
속초나 강릉 어때? 맛있는 회 먹고 바다 구경하자.
나는 토요일 오후 2시가 좋아. 밥 먹고 보면 딱이지.
당연하지. 돗자리 펴고 라면부터 먹어주는 게 국룰.
선곡은 나한테 맡겨. 벌써 여행 가는 기분이라 신나.
완벽해. 영화 보고 저녁 먹고 깔끔하게 헤어지자.
내일 5시에 여의나루역에서 보자. 늦으면 버리고 간다!"
273,일반 대화,"주말에 시간 어때? 오랜만에 만나서 영화 볼까?
나도 약속 없어. 요새 피곤해서 늦잠이나 자려고.
날씨 좋은데 집에만 있기 아깝잖아. 드라이브 갈래?
바람 쐬는 것도 좋지. 한강공원이나 같이 걸을까?
속초나 강릉 어때? 맛있는 회 먹고 바다 구경하자.
강릉 완전 좋다! 힐링 될 것 같아. 운전은 네가 해?
당연하지. 돗자리 펴고 라면부터 먹어주는 게 국룰.
선곡은 나한테 맡겨. 벌써 여행 가는 기분이라 신나.
완벽해. 영화 보고 저녁 먹고 깔끔하게 헤어지자.
맛집 리스트 뽑아갈게. 내일 조심히 시간 맞춰서 와!"
274,일반 대화,"이번 주말에 뭐 할 계획이야? 날씨 엄청 좋대.
영화? 좋지! 개봉한 것 중에 재밌는 거 찾아봤어?
날씨 좋은데 집에만 있기 아깝잖아. 드라이브 갈래?
드라이브 좋지! 바다 쪽으로 가면 가슴 뻥 뚫릴 듯.
한강 걷다가 치맥 어때? 선선해서 밖에서 먹기 딱이야.
강릉 완전 좋다! 힐링 될 것 같아. 운전은 네가 해?
당연히 내가 해야지. 넌 옆에서 신나는 음악 틀어.
군침 돈다. 돗자리는 내가 예쁜 걸로 챙길게 몸만 와.
디저트 배 비워둬야겠다. 너무 기대돼서 잠 안 올 듯.
나도 완전 기대 중이야. 토요일에 예쁘게 입고 만나!"
275,일반 대화,"이번 주 드디어 쉰다. 특별한 약속 잡힌 거 있어?
영화? 좋지! 개봉한 것 중에 재밌는 거 찾아봤어?
날씨 좋은데 집에만 있기 아깝잖아. 드라이브 갈래?
드라이브 좋지! 바다 쪽으로 가면 가슴 뻥 뚫릴 듯.
주말이라 자리 없을 것 같은데. 시간대는 언제가 좋아?
응 토요일 12시에 만나면 딱이겠다. 예약 성공해줘.
오케이 2시 예매 시도해볼게. 팝콘은 네가 사는 거다?
군침 돈다. 돗자리는 내가 예쁜 걸로 챙길게 몸만 와.
디저트 배 비워둬야겠다. 너무 기대돼서 잠 안 올 듯.
내일 5시에 여의나루역에서 보자. 늦으면 버리고 간다!"
276,일반 대화,"이번 주 드디어 쉰다. 특별한 약속 잡힌 거 있어?
영화? 좋지! 개봉한 것 중에 재밌는 거 찾아봤어?
마블 신작 나왔다던데 그거 평점 엄청 높더라고.
오 마블은 무조건 아이맥스지. 표 있는지 볼게.
완벽한 계획이다. 토요일 점심에 만나. 예약할게.
나는 토요일 오후 2시가 좋아. 밥 먹고 보면 딱이지.
당연하지. 돗자리 펴고 라면부터 먹어주는 게 국룰.
진짜 고생했어! 내가 근처 디저트 카페 찾아놓을게.
내일 아침 9시에 픽업 갈 테니까 준비하고 바로 나와.
맛집 리스트 뽑아갈게. 내일 조심히 시간 맞춰서 와!"
277,일반 대화,"금요일이다! 주말에 맛집 갈래? 알아본 데 있어.
나도 약속 없어. 요새 피곤해서 늦잠이나 자려고.
성수동에 새로 생긴 핫플인데 분위기 대박이래.
성수동 좋지! 예쁜 카페도 많으니까 투어 좀 하자.
주말이라 자리 없을 것 같은데. 시간대는 언제가 좋아?
나는 토요일 오후 2시가 좋아. 밥 먹고 보면 딱이지.
당연히 내가 해야지. 넌 옆에서 신나는 음악 틀어.
진짜 고생했어! 내가 근처 디저트 카페 찾아놓을게.
내일 아침 9시에 픽업 갈 테니까 준비하고 바로 나와.
내일 5시에 여의나루역에서 보자. 늦으면 버리고 간다!"
278,일반 대화,"이번 주 드디어 쉰다. 특별한 약속 잡힌 거 있어?
딱히 약속 없어. 집에서 넷플릭스나 보면서 쉴래.
에이 잠만 자면 아깝잖아. 나와서 바람이라도 쐬자.
성수동 좋지! 예쁜 카페도 많으니까 투어 좀 하자.
완벽한 계획이다. 토요일 점심에 만나. 예약할게.
나는 토요일 오후 2시가 좋아. 밥 먹고 보면 딱이지.
당연히 내가 해야지. 넌 옆에서 신나는 음악 틀어.
팝콘에 콜라 쏠게. 카라멜 어니언 반반 섞어서 먹자.
좋아 맥주도 시원한 걸로 사갈게. 해 질 무렵에 보자.
알았어 지각 안 하고 기다릴게. 내일 아침에 늦지 마!"
279,일반 대화,"이번 주말에 뭐 할 계획이야? 날씨 엄청 좋대.
딱히 약속 없어. 집에서 넷플릭스나 보면서 쉴래.
에이 잠만 자면 아깝잖아. 나와서 바람이라도 쐬자.
오 마블은 무조건 아이맥스지. 표 있는지 볼게.
완벽한 계획이다. 토요일 점심에 만나. 예약할게.
강릉 완전 좋다! 힐링 될 것 같아. 운전은 네가 해?
당연하지. 돗자리 펴고 라면부터 먹어주는 게 국룰.
팝콘에 콜라 쏠게. 카라멜 어니언 반반 섞어서 먹자.
디저트 배 비워둬야겠다. 너무 기대돼서 잠 안 올 듯.
나도 완전 기대 중이야. 토요일에 예쁘게 입고 만나!"
280,일반 대화,"이번 주 드디어 쉰다. 특별한 약속 잡힌 거 있어?
영화? 좋지! 개봉한 것 중에 재밌는 거 찾아봤어?
마블 신작 나왔다던데 그거 평점 엄청 높더라고.
오 마블은 무조건 아이맥스지. 표 있는지 볼게.
속초나 강릉 어때? 맛있는 회 먹고 바다 구경하자.
응 토요일 12시에 만나면 딱이겠다. 예약 성공해줘.
당연히 내가 해야지. 넌 옆에서 신나는 음악 틀어.
진짜 고생했어! 내가 근처 디저트 카페 찾아놓을게.
완벽해. 영화 보고 저녁 먹고 깔끔하게 헤어지자.
내일 5시에 여의나루역에서 보자. 늦으면 버리고 간다!"
281,일반 대화,"금요일이다! 주말에 맛집 갈래? 알아본 데 있어.
영화? 좋지! 개봉한 것 중에 재밌는 거 찾아봤어?
날씨 좋은데 집에만 있기 아깝잖아. 드라이브 갈래?
드라이브 좋지! 바다 쪽으로 가면 가슴 뻥 뚫릴 듯.
속초나 강릉 어때? 맛있는 회 먹고 바다 구경하자.
나는 토요일 오후 2시가 좋아. 밥 먹고 보면 딱이지.
방금 예약 완료했어! 창가 자리라 뷰도 예쁠 거야.
군침 돈다. 돗자리는 내가 예쁜 걸로 챙길게 몸만 와.
완벽해. 영화 보고 저녁 먹고 깔끔하게 헤어지자.
맛집 리스트 뽑아갈게. 내일 조심히 시간 맞춰서 와!"
282,일반 대화,"금요일이다! 주말에 맛집 갈래? 알아본 데 있어.
오 어디 맛집인데? 주말 내내 심심할 뻔 했거든.
성수동에 새로 생긴 핫플인데 분위기 대박이래.
오 마블은 무조건 아이맥스지. 표 있는지 볼게.
속초나 강릉 어때? 맛있는 회 먹고 바다 구경하자.
나는 토요일 오후 2시가 좋아. 밥 먹고 보면 딱이지.
당연히 내가 해야지. 넌 옆에서 신나는 음악 틀어.
군침 돈다. 돗자리는 내가 예쁜 걸로 챙길게 몸만 와.
완벽해. 영화 보고 저녁 먹고 깔끔하게 헤어지자.
맛집 리스트 뽑아갈게. 내일 조심히 시간 맞춰서 와!"
283,일반 대화,"이번 주말에 뭐 할 계획이야? 날씨 엄청 좋대.
오 어디 맛집인데? 주말 내내 심심할 뻔 했거든.
날씨 좋은데 집에만 있기 아깝잖아. 드라이브 갈래?
드라이브 좋지! 바다 쪽으로 가면 가슴 뻥 뚫릴 듯.
속초나 강릉 어때? 맛있는 회 먹고 바다 구경하자.
치맥 완전 찬성! 한강 라면도 같이 끓여 먹어야지.
방금 예약 완료했어! 창가 자리라 뷰도 예쁠 거야.
군침 돈다. 돗자리는 내가 예쁜 걸로 챙길게 몸만 와.
디저트 배 비워둬야겠다. 너무 기대돼서 잠 안 올 듯.
나도 완전 기대 중이야. 토요일에 예쁘게 입고 만나!"
284,일반 대화,"주말에 시간 어때? 오랜만에 만나서 영화 볼까?
나도 약속 없어. 요새 피곤해서 늦잠이나 자려고.
에이 잠만 자면 아깝잖아. 나와서 바람이라도 쐬자.
드라이브 좋지! 바다 쪽으로 가면 가슴 뻥 뚫릴 듯.
한강 걷다가 치맥 어때? 선선해서 밖에서 먹기 딱이야.
강릉 완전 좋다! 힐링 될 것 같아. 운전은 네가 해?
당연히 내가 해야지. 넌 옆에서 신나는 음악 틀어.
진짜 고생했어! 내가 근처 디저트 카페 찾아놓을게.
디저트 배 비워둬야겠다. 너무 기대돼서 잠 안 올 듯.
내일 5시에 여의나루역에서 보자. 늦으면 버리고 간다!"
285,일반 대화,"주말에 시간 어때? 오랜만에 만나서 영화 볼까?
나도 약속 없어. 요새 피곤해서 늦잠이나 자려고.
마블 신작 나왔다던데 그거 평점 엄청 높더라고.
성수동 좋지! 예쁜 카페도 많으니까 투어 좀 하자.
속초나 강릉 어때? 맛있는 회 먹고 바다 구경하자.
강릉 완전 좋다! 힐링 될 것 같아. 운전은 네가 해?
방금 예약 완료했어! 창가 자리라 뷰도 예쁠 거야.
선곡은 나한테 맡겨. 벌써 여행 가는 기분이라 신나.
완벽해. 영화 보고 저녁 먹고 깔끔하게 헤어지자.
알았어 지각 안 하고 기다릴게. 내일 아침에 늦지 마!"
286,일반 대화,"금요일이다! 주말에 맛집 갈래? 알아본 데 있어.
나도 약속 없어. 요새 피곤해서 늦잠이나 자려고.
성수동에 새로 생긴 핫플인데 분위기 대박이래.
오 마블은 무조건 아이맥스지. 표 있는지 볼게.
완벽한 계획이다. 토요일 점심에 만나. 예약할게.
응 토요일 12시에 만나면 딱이겠다. 예약 성공해줘.
당연히 내가 해야지. 넌 옆에서 신나는 음악 틀어.
선곡은 나한테 맡겨. 벌써 여행 가는 기분이라 신나.
내일 아침 9시에 픽업 갈 테니까 준비하고 바로 나와.
내일 5시에 여의나루역에서 보자. 늦으면 버리고 간다!"
287,일반 대화,"이번 주말에 뭐 할 계획이야? 날씨 엄청 좋대.
나도 약속 없어. 요새 피곤해서 늦잠이나 자려고.
성수동에 새로 생긴 핫플인데 분위기 대박이래.
성수동 좋지! 예쁜 카페도 많으니까 투어 좀 하자.
한강 걷다가 치맥 어때? 선선해서 밖에서 먹기 딱이야.
강릉 완전 좋다! 힐링 될 것 같아. 운전은 네가 해?
당연히 내가 해야지. 넌 옆에서 신나는 음악 틀어.
선곡은 나한테 맡겨. 벌써 여행 가는 기분이라 신나.
내일 아침 9시에 픽업 갈 테니까 준비하고 바로 나와.
맛집 리스트 뽑아갈게. 내일 조심히 시간 맞춰서 와!"
288,일반 대화,"주말에 시간 어때? 오랜만에 만나서 영화 볼까?
나도 약속 없어. 요새 피곤해서 늦잠이나 자려고.
날씨 좋은데 집에만 있기 아깝잖아. 드라이브 갈래?
오 마블은 무조건 아이맥스지. 표 있는지 볼게.
한강 걷다가 치맥 어때? 선선해서 밖에서 먹기 딱이야.
나는 토요일 오후 2시가 좋아. 밥 먹고 보면 딱이지.
방금 예약 완료했어! 창가 자리라 뷰도 예쁠 거야.
진짜 고생했어! 내가 근처 디저트 카페 찾아놓을게.
내일 아침 9시에 픽업 갈 테니까 준비하고 바로 나와.
알았어 지각 안 하고 기다릴게. 내일 아침에 늦지 마!"
289,일반 대화,"이번 주 드디어 쉰다. 특별한 약속 잡힌 거 있어?
나도 약속 없어. 요새 피곤해서 늦잠이나 자려고.
마블 신작 나왔다던데 그거 평점 엄청 높더라고.
드라이브 좋지! 바다 쪽으로 가면 가슴 뻥 뚫릴 듯.
주말이라 자리 없을 것 같은데. 시간대는 언제가 좋아?
나는 토요일 오후 2시가 좋아. 밥 먹고 보면 딱이지.
오케이 2시 예매 시도해볼게. 팝콘은 네가 사는 거다?
진짜 고생했어! 내가 근처 디저트 카페 찾아놓을게.
디저트 배 비워둬야겠다. 너무 기대돼서 잠 안 올 듯.
나도 완전 기대 중이야. 토요일에 예쁘게 입고 만나!"
290,일반 대화,"금요일이다! 주말에 맛집 갈래? 알아본 데 있어.
영화? 좋지! 개봉한 것 중에 재밌는 거 찾아봤어?
마블 신작 나왔다던데 그거 평점 엄청 높더라고.
오 마블은 무조건 아이맥스지. 표 있는지 볼게.
속초나 강릉 어때? 맛있는 회 먹고 바다 구경하자.
응 토요일 12시에 만나면 딱이겠다. 예약 성공해줘.
오케이 2시 예매 시도해볼게. 팝콘은 네가 사는 거다?
팝콘에 콜라 쏠게. 카라멜 어니언 반반 섞어서 먹자.
디저트 배 비워둬야겠다. 너무 기대돼서 잠 안 올 듯.
맛집 리스트 뽑아갈게. 내일 조심히 시간 맞춰서 와!"
291,일반 대화,"금요일이다! 주말에 맛집 갈래? 알아본 데 있어.
오 어디 맛집인데? 주말 내내 심심할 뻔 했거든.
마블 신작 나왔다던데 그거 평점 엄청 높더라고.
오 마블은 무조건 아이맥스지. 표 있는지 볼게.
속초나 강릉 어때? 맛있는 회 먹고 바다 구경하자.
나는 토요일 오후 2시가 좋아. 밥 먹고 보면 딱이지.
당연하지. 돗자리 펴고 라면부터 먹어주는 게 국룰.
선곡은 나한테 맡겨. 벌써 여행 가는 기분이라 신나.
내일 아침 9시에 픽업 갈 테니까 준비하고 바로 나와.
맛집 리스트 뽑아갈게. 내일 조심히 시간 맞춰서 와!"
292,일반 대화,"금요일이다! 주말에 맛집 갈래? 알아본 데 있어.
딱히 약속 없어. 집에서 넷플릭스나 보면서 쉴래.
성수동에 새로 생긴 핫플인데 분위기 대박이래.
오 마블은 무조건 아이맥스지. 표 있는지 볼게.
주말이라 자리 없을 것 같은데. 시간대는 언제가 좋아?
나는 토요일 오후 2시가 좋아. 밥 먹고 보면 딱이지.
방금 예약 완료했어! 창가 자리라 뷰도 예쁠 거야.
군침 돈다. 돗자리는 내가 예쁜 걸로 챙길게 몸만 와.
완벽해. 영화 보고 저녁 먹고 깔끔하게 헤어지자.
알았어 지각 안 하고 기다릴게. 내일 아침에 늦지 마!"
293,일반 대화,"주말에 시간 어때? 오랜만에 만나서 영화 볼까?
나도 약속 없어. 요새 피곤해서 늦잠이나 자려고.
에이 잠만 자면 아깝잖아. 나와서 바람이라도 쐬자.
성수동 좋지! 예쁜 카페도 많으니까 투어 좀 하자.
한강 걷다가 치맥 어때? 선선해서 밖에서 먹기 딱이야.
치맥 완전 찬성! 한강 라면도 같이 끓여 먹어야지.
당연히 내가 해야지. 넌 옆에서 신나는 음악 틀어.
군침 돈다. 돗자리는 내가 예쁜 걸로 챙길게 몸만 와.
좋아 맥주도 시원한 걸로 사갈게. 해 질 무렵에 보자.
나도 완전 기대 중이야. 토요일에 예쁘게 입고 만나!"
294,일반 대화,"주말에 시간 어때? 오랜만에 만나서 영화 볼까?
나도 약속 없어. 요새 피곤해서 늦잠이나 자려고.
성수동에 새로 생긴 핫플인데 분위기 대박이래.
성수동 좋지! 예쁜 카페도 많으니까 투어 좀 하자.
한강 걷다가 치맥 어때? 선선해서 밖에서 먹기 딱이야.
응 토요일 12시에 만나면 딱이겠다. 예약 성공해줘.
방금 예약 완료했어! 창가 자리라 뷰도 예쁠 거야.
진짜 고생했어! 내가 근처 디저트 카페 찾아놓을게.
디저트 배 비워둬야겠다. 너무 기대돼서 잠 안 올 듯.
알았어 지각 안 하고 기다릴게. 내일 아침에 늦지 마!"
295,일반 대화,"이번 주말에 뭐 할 계획이야? 날씨 엄청 좋대.
딱히 약속 없어. 집에서 넷플릭스나 보면서 쉴래.
날씨 좋은데 집에만 있기 아깝잖아. 드라이브 갈래?
성수동 좋지! 예쁜 카페도 많으니까 투어 좀 하자.
주말이라 자리 없을 것 같은데. 시간대는 언제가 좋아?
치맥 완전 찬성! 한강 라면도 같이 끓여 먹어야지.
당연하지. 돗자리 펴고 라면부터 먹어주는 게 국룰.
팝콘에 콜라 쏠게. 카라멜 어니언 반반 섞어서 먹자.
완벽해. 영화 보고 저녁 먹고 깔끔하게 헤어지자.
맛집 리스트 뽑아갈게. 내일 조심히 시간 맞춰서 와!"
296,일반 대화,"이번 주 드디어 쉰다. 특별한 약속 잡힌 거 있어?
나도 약속 없어. 요새 피곤해서 늦잠이나 자려고.
마블 신작 나왔다던데 그거 평점 엄청 높더라고.
바람 쐬는 것도 좋지. 한강공원이나 같이 걸을까?
주말이라 자리 없을 것 같은데. 시간대는 언제가 좋아?
나는 토요일 오후 2시가 좋아. 밥 먹고 보면 딱이지.
오케이 2시 예매 시도해볼게. 팝콘은 네가 사는 거다?
군침 돈다. 돗자리는 내가 예쁜 걸로 챙길게 몸만 와.
완벽해. 영화 보고 저녁 먹고 깔끔하게 헤어지자.
알았어 지각 안 하고 기다릴게. 내일 아침에 늦지 마!"
297,일반 대화,"금요일이다! 주말에 맛집 갈래? 알아본 데 있어.
영화? 좋지! 개봉한 것 중에 재밌는 거 찾아봤어?
마블 신작 나왔다던데 그거 평점 엄청 높더라고.
바람 쐬는 것도 좋지. 한강공원이나 같이 걸을까?
주말이라 자리 없을 것 같은데. 시간대는 언제가 좋아?
치맥 완전 찬성! 한강 라면도 같이 끓여 먹어야지.
당연하지. 돗자리 펴고 라면부터 먹어주는 게 국룰.
진짜 고생했어! 내가 근처 디저트 카페 찾아놓을게.
완벽해. 영화 보고 저녁 먹고 깔끔하게 헤어지자.
알았어 지각 안 하고 기다릴게. 내일 아침에 늦지 마!"
298,일반 대화,"이번 주 드디어 쉰다. 특별한 약속 잡힌 거 있어?
오 어디 맛집인데? 주말 내내 심심할 뻔 했거든.
성수동에 새로 생긴 핫플인데 분위기 대박이래.
오 마블은 무조건 아이맥스지. 표 있는지 볼게.
속초나 강릉 어때? 맛있는 회 먹고 바다 구경하자.
응 토요일 12시에 만나면 딱이겠다. 예약 성공해줘.
당연하지. 돗자리 펴고 라면부터 먹어주는 게 국룰.
선곡은 나한테 맡겨. 벌써 여행 가는 기분이라 신나.
디저트 배 비워둬야겠다. 너무 기대돼서 잠 안 올 듯.
맛집 리스트 뽑아갈게. 내일 조심히 시간 맞춰서 와!"
299,일반 대화,"이번 주말에 뭐 할 계획이야? 날씨 엄청 좋대.
나도 약속 없어. 요새 피곤해서 늦잠이나 자려고.
마블 신작 나왔다던데 그거 평점 엄청 높더라고.
바람 쐬는 것도 좋지. 한강공원이나 같이 걸을까?
속초나 강릉 어때? 맛있는 회 먹고 바다 구경하자.
나는 토요일 오후 2시가 좋아. 밥 먹고 보면 딱이지.
방금 예약 완료했어! 창가 자리라 뷰도 예쁠 거야.
군침 돈다. 돗자리는 내가 예쁜 걸로 챙길게 몸만 와.
디저트 배 비워둬야겠다. 너무 기대돼서 잠 안 올 듯.
알았어 지각 안 하고 기다릴게. 내일 아침에 늦지 마!"
300,일반 대화,"주말에 시간 어때? 오랜만에 만나서 영화 볼까?
딱히 약속 없어. 집에서 넷플릭스나 보면서 쉴래.
성수동에 새로 생긴 핫플인데 분위기 대박이래.
바람 쐬는 것도 좋지. 한강공원이나 같이 걸을까?
주말이라 자리 없을 것 같은데. 시간대는 언제가 좋아?
치맥 완전 찬성! 한강 라면도 같이 끓여 먹어야지.
오케이 2시 예매 시도해볼게. 팝콘은 네가 사는 거다?
팝콘에 콜라 쏠게. 카라멜 어니언 반반 섞어서 먹자.
좋아 맥주도 시원한 걸로 사갈게. 해 질 무렵에 보자.
내일 5시에 여의나루역에서 보자. 늦으면 버리고 간다!"
301,일반 대화,"금요일이다! 주말에 맛집 갈래? 알아본 데 있어.
영화? 좋지! 개봉한 것 중에 재밌는 거 찾아봤어?
날씨 좋은데 집에만 있기 아깝잖아. 드라이브 갈래?
바람 쐬는 것도 좋지. 한강공원이나 같이 걸을까?
주말이라 자리 없을 것 같은데. 시간대는 언제가 좋아?
나는 토요일 오후 2시가 좋아. 밥 먹고 보면 딱이지.
오케이 2시 예매 시도해볼게. 팝콘은 네가 사는 거다?
선곡은 나한테 맡겨. 벌써 여행 가는 기분이라 신나.
좋아 맥주도 시원한 걸로 사갈게. 해 질 무렵에 보자.
알았어 지각 안 하고 기다릴게. 내일 아침에 늦지 마!"
302,일반 대화,"이번 주말에 뭐 할 계획이야? 날씨 엄청 좋대.
나도 약속 없어. 요새 피곤해서 늦잠이나 자려고.
성수동에 새로 생긴 핫플인데 분위기 대박이래.
드라이브 좋지! 바다 쪽으로 가면 가슴 뻥 뚫릴 듯.
주말이라 자리 없을 것 같은데. 시간대는 언제가 좋아?
응 토요일 12시에 만나면 딱이겠다. 예약 성공해줘.
당연히 내가 해야지. 넌 옆에서 신나는 음악 틀어.
팝콘에 콜라 쏠게. 카라멜 어니언 반반 섞어서 먹자.
완벽해. 영화 보고 저녁 먹고 깔끔하게 헤어지자.
나도 완전 기대 중이야. 토요일에 예쁘게 입고 만나!"
303,일반 대화,"주말에 시간 어때? 오랜만에 만나서 영화 볼까?
오 어디 맛집인데? 주말 내내 심심할 뻔 했거든.
마블 신작 나왔다던데 그거 평점 엄청 높더라고.
바람 쐬는 것도 좋지. 한강공원이나 같이 걸을까?
속초나 강릉 어때? 맛있는 회 먹고 바다 구경하자.
나는 토요일 오후 2시가 좋아. 밥 먹고 보면 딱이지.
당연히 내가 해야지. 넌 옆에서 신나는 음악 틀어.
팝콘에 콜라 쏠게. 카라멜 어니언 반반 섞어서 먹자.
내일 아침 9시에 픽업 갈 테니까 준비하고 바로 나와.
맛집 리스트 뽑아갈게. 내일 조심히 시간 맞춰서 와!"
304,일반 대화,"주말에 시간 어때? 오랜만에 만나서 영화 볼까?
영화? 좋지! 개봉한 것 중에 재밌는 거 찾아봤어?
날씨 좋은데 집에만 있기 아깝잖아. 드라이브 갈래?
바람 쐬는 것도 좋지. 한강공원이나 같이 걸을까?
한강 걷다가 치맥 어때? 선선해서 밖에서 먹기 딱이야.
응 토요일 12시에 만나면 딱이겠다. 예약 성공해줘.
당연히 내가 해야지. 넌 옆에서 신나는 음악 틀어.
팝콘에 콜라 쏠게. 카라멜 어니언 반반 섞어서 먹자.
완벽해. 영화 보고 저녁 먹고 깔끔하게 헤어지자.
나도 완전 기대 중이야. 토요일에 예쁘게 입고 만나!"
305,일반 대화,"금요일이다! 주말에 맛집 갈래? 알아본 데 있어.
오 어디 맛집인데? 주말 내내 심심할 뻔 했거든.
날씨 좋은데 집에만 있기 아깝잖아. 드라이브 갈래?
드라이브 좋지! 바다 쪽으로 가면 가슴 뻥 뚫릴 듯.
한강 걷다가 치맥 어때? 선선해서 밖에서 먹기 딱이야.
강릉 완전 좋다! 힐링 될 것 같아. 운전은 네가 해?
당연히 내가 해야지. 넌 옆에서 신나는 음악 틀어.
군침 돈다. 돗자리는 내가 예쁜 걸로 챙길게 몸만 와.
완벽해. 영화 보고 저녁 먹고 깔끔하게 헤어지자.
맛집 리스트 뽑아갈게. 내일 조심히 시간 맞춰서 와!"
306,일반 대화,"이번 주 드디어 쉰다. 특별한 약속 잡힌 거 있어?
영화? 좋지! 개봉한 것 중에 재밌는 거 찾아봤어?
성수동에 새로 생긴 핫플인데 분위기 대박이래.
바람 쐬는 것도 좋지. 한강공원이나 같이 걸을까?
한강 걷다가 치맥 어때? 선선해서 밖에서 먹기 딱이야.
응 토요일 12시에 만나면 딱이겠다. 예약 성공해줘.
방금 예약 완료했어! 창가 자리라 뷰도 예쁠 거야.
선곡은 나한테 맡겨. 벌써 여행 가는 기분이라 신나.
디저트 배 비워둬야겠다. 너무 기대돼서 잠 안 올 듯.
내일 5시에 여의나루역에서 보자. 늦으면 버리고 간다!"
307,일반 대화,"이번 주말에 뭐 할 계획이야? 날씨 엄청 좋대.
오 어디 맛집인데? 주말 내내 심심할 뻔 했거든.
마블 신작 나왔다던데 그거 평점 엄청 높더라고.
바람 쐬는 것도 좋지. 한강공원이나 같이 걸을까?
완벽한 계획이다. 토요일 점심에 만나. 예약할게.
강릉 완전 좋다! 힐링 될 것 같아. 운전은 네가 해?
오케이 2시 예매 시도해볼게. 팝콘은 네가 사는 거다?
진짜 고생했어! 내가 근처 디저트 카페 찾아놓을게.
디저트 배 비워둬야겠다. 너무 기대돼서 잠 안 올 듯.
나도 완전 기대 중이야. 토요일에 예쁘게 입고 만나!"
308,일반 대화,"주말에 시간 어때? 오랜만에 만나서 영화 볼까?
나도 약속 없어. 요새 피곤해서 늦잠이나 자려고.
날씨 좋은데 집에만 있기 아깝잖아. 드라이브 갈래?
바람 쐬는 것도 좋지. 한강공원이나 같이 걸을까?
한강 걷다가 치맥 어때? 선선해서 밖에서 먹기 딱이야.
나는 토요일 오후 2시가 좋아. 밥 먹고 보면 딱이지.
당연히 내가 해야지. 넌 옆에서 신나는 음악 틀어.
팝콘에 콜라 쏠게. 카라멜 어니언 반반 섞어서 먹자.
디저트 배 비워둬야겠다. 너무 기대돼서 잠 안 올 듯.
알았어 지각 안 하고 기다릴게. 내일 아침에 늦지 마!"
309,일반 대화,"금요일이다! 주말에 맛집 갈래? 알아본 데 있어.
나도 약속 없어. 요새 피곤해서 늦잠이나 자려고.
마블 신작 나왔다던데 그거 평점 엄청 높더라고.
성수동 좋지! 예쁜 카페도 많으니까 투어 좀 하자.
속초나 강릉 어때? 맛있는 회 먹고 바다 구경하자.
치맥 완전 찬성! 한강 라면도 같이 끓여 먹어야지.
오케이 2시 예매 시도해볼게. 팝콘은 네가 사는 거다?
진짜 고생했어! 내가 근처 디저트 카페 찾아놓을게.
내일 아침 9시에 픽업 갈 테니까 준비하고 바로 나와.
내일 5시에 여의나루역에서 보자. 늦으면 버리고 간다!"
310,일반 대화,"금요일이다! 주말에 맛집 갈래? 알아본 데 있어.
오 어디 맛집인데? 주말 내내 심심할 뻔 했거든.
성수동에 새로 생긴 핫플인데 분위기 대박이래.
오 마블은 무조건 아이맥스지. 표 있는지 볼게.
속초나 강릉 어때? 맛있는 회 먹고 바다 구경하자.
치맥 완전 찬성! 한강 라면도 같이 끓여 먹어야지.
당연히 내가 해야지. 넌 옆에서 신나는 음악 틀어.
선곡은 나한테 맡겨. 벌써 여행 가는 기분이라 신나.
좋아 맥주도 시원한 걸로 사갈게. 해 질 무렵에 보자.
나도 완전 기대 중이야. 토요일에 예쁘게 입고 만나!"
311,일반 대화,"주말에 시간 어때? 오랜만에 만나서 영화 볼까?
오 어디 맛집인데? 주말 내내 심심할 뻔 했거든.
성수동에 새로 생긴 핫플인데 분위기 대박이래.
드라이브 좋지! 바다 쪽으로 가면 가슴 뻥 뚫릴 듯.
속초나 강릉 어때? 맛있는 회 먹고 바다 구경하자.
응 토요일 12시에 만나면 딱이겠다. 예약 성공해줘.
당연하지. 돗자리 펴고 라면부터 먹어주는 게 국룰.
선곡은 나한테 맡겨. 벌써 여행 가는 기분이라 신나.
좋아 맥주도 시원한 걸로 사갈게. 해 질 무렵에 보자.
내일 5시에 여의나루역에서 보자. 늦으면 버리고 간다!"
312,일반 대화,"이번 주 드디어 쉰다. 특별한 약속 잡힌 거 있어?
딱히 약속 없어. 집에서 넷플릭스나 보면서 쉴래.
마블 신작 나왔다던데 그거 평점 엄청 높더라고.
성수동 좋지! 예쁜 카페도 많으니까 투어 좀 하자.
한강 걷다가 치맥 어때? 선선해서 밖에서 먹기 딱이야.
나는 토요일 오후 2시가 좋아. 밥 먹고 보면 딱이지.
당연하지. 돗자리 펴고 라면부터 먹어주는 게 국룰.
군침 돈다. 돗자리는 내가 예쁜 걸로 챙길게 몸만 와.
내일 아침 9시에 픽업 갈 테니까 준비하고 바로 나와.
맛집 리스트 뽑아갈게. 내일 조심히 시간 맞춰서 와!"
313,일반 대화,"이번 주 드디어 쉰다. 특별한 약속 잡힌 거 있어?
영화? 좋지! 개봉한 것 중에 재밌는 거 찾아봤어?
마블 신작 나왔다던데 그거 평점 엄청 높더라고.
바람 쐬는 것도 좋지. 한강공원이나 같이 걸을까?
주말이라 자리 없을 것 같은데. 시간대는 언제가 좋아?
응 토요일 12시에 만나면 딱이겠다. 예약 성공해줘.
당연하지. 돗자리 펴고 라면부터 먹어주는 게 국룰.
팝콘에 콜라 쏠게. 카라멜 어니언 반반 섞어서 먹자.
디저트 배 비워둬야겠다. 너무 기대돼서 잠 안 올 듯.
맛집 리스트 뽑아갈게. 내일 조심히 시간 맞춰서 와!"
314,일반 대화,"이번 주말에 뭐 할 계획이야? 날씨 엄청 좋대.
오 어디 맛집인데? 주말 내내 심심할 뻔 했거든.
에이 잠만 자면 아깝잖아. 나와서 바람이라도 쐬자.
바람 쐬는 것도 좋지. 한강공원이나 같이 걸을까?
완벽한 계획이다. 토요일 점심에 만나. 예약할게.
응 토요일 12시에 만나면 딱이겠다. 예약 성공해줘.
오케이 2시 예매 시도해볼게. 팝콘은 네가 사는 거다?
군침 돈다. 돗자리는 내가 예쁜 걸로 챙길게 몸만 와.
좋아 맥주도 시원한 걸로 사갈게. 해 질 무렵에 보자.
알았어 지각 안 하고 기다릴게. 내일 아침에 늦지 마!"
315,일반 대화,"금요일이다! 주말에 맛집 갈래? 알아본 데 있어.
나도 약속 없어. 요새 피곤해서 늦잠이나 자려고.
마블 신작 나왔다던데 그거 평점 엄청 높더라고.
성수동 좋지! 예쁜 카페도 많으니까 투어 좀 하자.
한강 걷다가 치맥 어때? 선선해서 밖에서 먹기 딱이야.
나는 토요일 오후 2시가 좋아. 밥 먹고 보면 딱이지.
방금 예약 완료했어! 창가 자리라 뷰도 예쁠 거야.
진짜 고생했어! 내가 근처 디저트 카페 찾아놓을게.
내일 아침 9시에 픽업 갈 테니까 준비하고 바로 나와.
알았어 지각 안 하고 기다릴게. 내일 아침에 늦지 마!"
316,일반 대화,"이번 주말에 뭐 할 계획이야? 날씨 엄청 좋대.
나도 약속 없어. 요새 피곤해서 늦잠이나 자려고.
에이 잠만 자면 아깝잖아. 나와서 바람이라도 쐬자.
성수동 좋지! 예쁜 카페도 많으니까 투어 좀 하자.
한강 걷다가 치맥 어때? 선선해서 밖에서 먹기 딱이야.
강릉 완전 좋다! 힐링 될 것 같아. 운전은 네가 해?
오케이 2시 예매 시도해볼게. 팝콘은 네가 사는 거다?
팝콘에 콜라 쏠게. 카라멜 어니언 반반 섞어서 먹자.
디저트 배 비워둬야겠다. 너무 기대돼서 잠 안 올 듯.
알았어 지각 안 하고 기다릴게. 내일 아침에 늦지 마!"
317,일반 대화,"주말에 시간 어때? 오랜만에 만나서 영화 볼까?
영화? 좋지! 개봉한 것 중에 재밌는 거 찾아봤어?
날씨 좋은데 집에만 있기 아깝잖아. 드라이브 갈래?
오 마블은 무조건 아이맥스지. 표 있는지 볼게.
주말이라 자리 없을 것 같은데. 시간대는 언제가 좋아?
치맥 완전 찬성! 한강 라면도 같이 끓여 먹어야지.
오케이 2시 예매 시도해볼게. 팝콘은 네가 사는 거다?
진짜 고생했어! 내가 근처 디저트 카페 찾아놓을게.
좋아 맥주도 시원한 걸로 사갈게. 해 질 무렵에 보자.
알았어 지각 안 하고 기다릴게. 내일 아침에 늦지 마!"
318,일반 대화,"금요일이다! 주말에 맛집 갈래? 알아본 데 있어.
나도 약속 없어. 요새 피곤해서 늦잠이나 자려고.
에이 잠만 자면 아깝잖아. 나와서 바람이라도 쐬자.
성수동 좋지! 예쁜 카페도 많으니까 투어 좀 하자.
완벽한 계획이다. 토요일 점심에 만나. 예약할게.
응 토요일 12시에 만나면 딱이겠다. 예약 성공해줘.
오케이 2시 예매 시도해볼게. 팝콘은 네가 사는 거다?
팝콘에 콜라 쏠게. 카라멜 어니언 반반 섞어서 먹자.
내일 아침 9시에 픽업 갈 테니까 준비하고 바로 나와.
맛집 리스트 뽑아갈게. 내일 조심히 시간 맞춰서 와!"
319,일반 대화,"금요일이다! 주말에 맛집 갈래? 알아본 데 있어.
딱히 약속 없어. 집에서 넷플릭스나 보면서 쉴래.
성수동에 새로 생긴 핫플인데 분위기 대박이래.
드라이브 좋지! 바다 쪽으로 가면 가슴 뻥 뚫릴 듯.
속초나 강릉 어때? 맛있는 회 먹고 바다 구경하자.
응 토요일 12시에 만나면 딱이겠다. 예약 성공해줘.
오케이 2시 예매 시도해볼게. 팝콘은 네가 사는 거다?
선곡은 나한테 맡겨. 벌써 여행 가는 기분이라 신나.
내일 아침 9시에 픽업 갈 테니까 준비하고 바로 나와.
맛집 리스트 뽑아갈게. 내일 조심히 시간 맞춰서 와!"
320,일반 대화,"주말에 시간 어때? 오랜만에 만나서 영화 볼까?
영화? 좋지! 개봉한 것 중에 재밌는 거 찾아봤어?
날씨 좋은데 집에만 있기 아깝잖아. 드라이브 갈래?
성수동 좋지! 예쁜 카페도 많으니까 투어 좀 하자.
한강 걷다가 치맥 어때? 선선해서 밖에서 먹기 딱이야.
나는 토요일 오후 2시가 좋아. 밥 먹고 보면 딱이지.
오케이 2시 예매 시도해볼게. 팝콘은 네가 사는 거다?
팝콘에 콜라 쏠게. 카라멜 어니언 반반 섞어서 먹자.
좋아 맥주도 시원한 걸로 사갈게. 해 질 무렵에 보자.
알았어 지각 안 하고 기다릴게. 내일 아침에 늦지 마!"
321,일반 대화,"이번 주 드디어 쉰다. 특별한 약속 잡힌 거 있어?
나도 약속 없어. 요새 피곤해서 늦잠이나 자려고.
에이 잠만 자면 아깝잖아. 나와서 바람이라도 쐬자.
오 마블은 무조건 아이맥스지. 표 있는지 볼게.
완벽한 계획이다. 토요일 점심에 만나. 예약할게.
나는 토요일 오후 2시가 좋아. 밥 먹고 보면 딱이지.
오케이 2시 예매 시도해볼게. 팝콘은 네가 사는 거다?
선곡은 나한테 맡겨. 벌써 여행 가는 기분이라 신나.
좋아 맥주도 시원한 걸로 사갈게. 해 질 무렵에 보자.
맛집 리스트 뽑아갈게. 내일 조심히 시간 맞춰서 와!"
322,일반 대화,"금요일이다! 주말에 맛집 갈래? 알아본 데 있어.
영화? 좋지! 개봉한 것 중에 재밌는 거 찾아봤어?
날씨 좋은데 집에만 있기 아깝잖아. 드라이브 갈래?
드라이브 좋지! 바다 쪽으로 가면 가슴 뻥 뚫릴 듯.
완벽한 계획이다. 토요일 점심에 만나. 예약할게.
강릉 완전 좋다! 힐링 될 것 같아. 운전은 네가 해?
당연하지. 돗자리 펴고 라면부터 먹어주는 게 국룰.
팝콘에 콜라 쏠게. 카라멜 어니언 반반 섞어서 먹자.
디저트 배 비워둬야겠다. 너무 기대돼서 잠 안 올 듯.
맛집 리스트 뽑아갈게. 내일 조심히 시간 맞춰서 와!"
323,일반 대화,"이번 주 드디어 쉰다. 특별한 약속 잡힌 거 있어?
오 어디 맛집인데? 주말 내내 심심할 뻔 했거든.
성수동에 새로 생긴 핫플인데 분위기 대박이래.
오 마블은 무조건 아이맥스지. 표 있는지 볼게.
한강 걷다가 치맥 어때? 선선해서 밖에서 먹기 딱이야.
강릉 완전 좋다! 힐링 될 것 같아. 운전은 네가 해?
오케이 2시 예매 시도해볼게. 팝콘은 네가 사는 거다?
군침 돈다. 돗자리는 내가 예쁜 걸로 챙길게 몸만 와.
내일 아침 9시에 픽업 갈 테니까 준비하고 바로 나와.
나도 완전 기대 중이야. 토요일에 예쁘게 입고 만나!"
324,일반 대화,"이번 주말에 뭐 할 계획이야? 날씨 엄청 좋대.
오 어디 맛집인데? 주말 내내 심심할 뻔 했거든.
에이 잠만 자면 아깝잖아. 나와서 바람이라도 쐬자.
바람 쐬는 것도 좋지. 한강공원이나 같이 걸을까?
주말이라 자리 없을 것 같은데. 시간대는 언제가 좋아?
치맥 완전 찬성! 한강 라면도 같이 끓여 먹어야지.
방금 예약 완료했어! 창가 자리라 뷰도 예쁠 거야.
진짜 고생했어! 내가 근처 디저트 카페 찾아놓을게.
디저트 배 비워둬야겠다. 너무 기대돼서 잠 안 올 듯.
나도 완전 기대 중이야. 토요일에 예쁘게 입고 만나!"
325,일반 대화,"주말에 시간 어때? 오랜만에 만나서 영화 볼까?
영화? 좋지! 개봉한 것 중에 재밌는 거 찾아봤어?
날씨 좋은데 집에만 있기 아깝잖아. 드라이브 갈래?
드라이브 좋지! 바다 쪽으로 가면 가슴 뻥 뚫릴 듯.
주말이라 자리 없을 것 같은데. 시간대는 언제가 좋아?
치맥 완전 찬성! 한강 라면도 같이 끓여 먹어야지.
오케이 2시 예매 시도해볼게. 팝콘은 네가 사는 거다?
진짜 고생했어! 내가 근처 디저트 카페 찾아놓을게.
내일 아침 9시에 픽업 갈 테니까 준비하고 바로 나와.
알았어 지각 안 하고 기다릴게. 내일 아침에 늦지 마!"
326,일반 대화,"이번 주 드디어 쉰다. 특별한 약속 잡힌 거 있어?
영화? 좋지! 개봉한 것 중에 재밌는 거 찾아봤어?
성수동에 새로 생긴 핫플인데 분위기 대박이래.
바람 쐬는 것도 좋지. 한강공원이나 같이 걸을까?
한강 걷다가 치맥 어때? 선선해서 밖에서 먹기 딱이야.
응 토요일 12시에 만나면 딱이겠다. 예약 성공해줘.
당연히 내가 해야지. 넌 옆에서 신나는 음악 틀어.
군침 돈다. 돗자리는 내가 예쁜 걸로 챙길게 몸만 와.
좋아 맥주도 시원한 걸로 사갈게. 해 질 무렵에 보자.
내일 5시에 여의나루역에서 보자. 늦으면 버리고 간다!"
327,일반 대화,"이번 주 드디어 쉰다. 특별한 약속 잡힌 거 있어?
나도 약속 없어. 요새 피곤해서 늦잠이나 자려고.
에이 잠만 자면 아깝잖아. 나와서 바람이라도 쐬자.
성수동 좋지! 예쁜 카페도 많으니까 투어 좀 하자.
한강 걷다가 치맥 어때? 선선해서 밖에서 먹기 딱이야.
치맥 완전 찬성! 한강 라면도 같이 끓여 먹어야지.
오케이 2시 예매 시도해볼게. 팝콘은 네가 사는 거다?
군침 돈다. 돗자리는 내가 예쁜 걸로 챙길게 몸만 와.
좋아 맥주도 시원한 걸로 사갈게. 해 질 무렵에 보자.
알았어 지각 안 하고 기다릴게. 내일 아침에 늦지 마!"
328,일반 대화,"이번 주말에 뭐 할 계획이야? 날씨 엄청 좋대.
딱히 약속 없어. 집에서 넷플릭스나 보면서 쉴래.
에이 잠만 자면 아깝잖아. 나와서 바람이라도 쐬자.
드라이브 좋지! 바다 쪽으로 가면 가슴 뻥 뚫릴 듯.
완벽한 계획이다. 토요일 점심에 만나. 예약할게.
강릉 완전 좋다! 힐링 될 것 같아. 운전은 네가 해?
당연히 내가 해야지. 넌 옆에서 신나는 음악 틀어.
군침 돈다. 돗자리는 내가 예쁜 걸로 챙길게 몸만 와.
디저트 배 비워둬야겠다. 너무 기대돼서 잠 안 올 듯.
맛집 리스트 뽑아갈게. 내일 조심히 시간 맞춰서 와!"
329,일반 대화,"이번 주말에 뭐 할 계획이야? 날씨 엄청 좋대.
나도 약속 없어. 요새 피곤해서 늦잠이나 자려고.
마블 신작 나왔다던데 그거 평점 엄청 높더라고.
성수동 좋지! 예쁜 카페도 많으니까 투어 좀 하자.
한강 걷다가 치맥 어때? 선선해서 밖에서 먹기 딱이야.
나는 토요일 오후 2시가 좋아. 밥 먹고 보면 딱이지.
당연하지. 돗자리 펴고 라면부터 먹어주는 게 국룰.
선곡은 나한테 맡겨. 벌써 여행 가는 기분이라 신나.
디저트 배 비워둬야겠다. 너무 기대돼서 잠 안 올 듯.
맛집 리스트 뽑아갈게. 내일 조심히 시간 맞춰서 와!"
330,일반 대화,"이번 주 드디어 쉰다. 특별한 약속 잡힌 거 있어?
딱히 약속 없어. 집에서 넷플릭스나 보면서 쉴래.
성수동에 새로 생긴 핫플인데 분위기 대박이래.
오 마블은 무조건 아이맥스지. 표 있는지 볼게.
주말이라 자리 없을 것 같은데. 시간대는 언제가 좋아?
치맥 완전 찬성! 한강 라면도 같이 끓여 먹어야지.
당연히 내가 해야지. 넌 옆에서 신나는 음악 틀어.
팝콘에 콜라 쏠게. 카라멜 어니언 반반 섞어서 먹자.
좋아 맥주도 시원한 걸로 사갈게. 해 질 무렵에 보자.
맛집 리스트 뽑아갈게. 내일 조심히 시간 맞춰서 와!"
331,일반 대화,"이번 주말에 뭐 할 계획이야? 날씨 엄청 좋대.
영화? 좋지! 개봉한 것 중에 재밌는 거 찾아봤어?
에이 잠만 자면 아깝잖아. 나와서 바람이라도 쐬자.
성수동 좋지! 예쁜 카페도 많으니까 투어 좀 하자.
속초나 강릉 어때? 맛있는 회 먹고 바다 구경하자.
응 토요일 12시에 만나면 딱이겠다. 예약 성공해줘.
당연히 내가 해야지. 넌 옆에서 신나는 음악 틀어.
선곡은 나한테 맡겨. 벌써 여행 가는 기분이라 신나.
완벽해. 영화 보고 저녁 먹고 깔끔하게 헤어지자.
맛집 리스트 뽑아갈게. 내일 조심히 시간 맞춰서 와!"
332,일반 대화,"이번 주말에 뭐 할 계획이야? 날씨 엄청 좋대.
오 어디 맛집인데? 주말 내내 심심할 뻔 했거든.
에이 잠만 자면 아깝잖아. 나와서 바람이라도 쐬자.
오 마블은 무조건 아이맥스지. 표 있는지 볼게.
주말이라 자리 없을 것 같은데. 시간대는 언제가 좋아?
응 토요일 12시에 만나면 딱이겠다. 예약 성공해줘.
방금 예약 완료했어! 창가 자리라 뷰도 예쁠 거야.
군침 돈다. 돗자리는 내가 예쁜 걸로 챙길게 몸만 와.
좋아 맥주도 시원한 걸로 사갈게. 해 질 무렵에 보자.
맛집 리스트 뽑아갈게. 내일 조심히 시간 맞춰서 와!"
333,일반 대화,"금요일이다! 주말에 맛집 갈래? 알아본 데 있어.
나도 약속 없어. 요새 피곤해서 늦잠이나 자려고.
날씨 좋은데 집에만 있기 아깝잖아. 드라이브 갈래?
드라이브 좋지! 바다 쪽으로 가면 가슴 뻥 뚫릴 듯.
한강 걷다가 치맥 어때? 선선해서 밖에서 먹기 딱이야.
응 토요일 12시에 만나면 딱이겠다. 예약 성공해줘.
당연하지. 돗자리 펴고 라면부터 먹어주는 게 국룰.
군침 돈다. 돗자리는 내가 예쁜 걸로 챙길게 몸만 와.
완벽해. 영화 보고 저녁 먹고 깔끔하게 헤어지자.
알았어 지각 안 하고 기다릴게. 내일 아침에 늦지 마!"
334,일반 대화,"금요일이다! 주말에 맛집 갈래? 알아본 데 있어.
영화? 좋지! 개봉한 것 중에 재밌는 거 찾아봤어?
날씨 좋은데 집에만 있기 아깝잖아. 드라이브 갈래?
드라이브 좋지! 바다 쪽으로 가면 가슴 뻥 뚫릴 듯.
완벽한 계획이다. 토요일 점심에 만나. 예약할게.
나는 토요일 오후 2시가 좋아. 밥 먹고 보면 딱이지.
당연히 내가 해야지. 넌 옆에서 신나는 음악 틀어.
군침 돈다. 돗자리는 내가 예쁜 걸로 챙길게 몸만 와.
내일 아침 9시에 픽업 갈 테니까 준비하고 바로 나와.
맛집 리스트 뽑아갈게. 내일 조심히 시간 맞춰서 와!"
335,일반 대화,"이번 주 드디어 쉰다. 특별한 약속 잡힌 거 있어?
딱히 약속 없어. 집에서 넷플릭스나 보면서 쉴래.
에이 잠만 자면 아깝잖아. 나와서 바람이라도 쐬자.
성수동 좋지! 예쁜 카페도 많으니까 투어 좀 하자.
완벽한 계획이다. 토요일 점심에 만나. 예약할게.
강릉 완전 좋다! 힐링 될 것 같아. 운전은 네가 해?
당연히 내가 해야지. 넌 옆에서 신나는 음악 틀어.
진짜 고생했어! 내가 근처 디저트 카페 찾아놓을게.
완벽해. 영화 보고 저녁 먹고 깔끔하게 헤어지자.
나도 완전 기대 중이야. 토요일에 예쁘게 입고 만나!"
336,일반 대화,"이번 주말에 뭐 할 계획이야? 날씨 엄청 좋대.
오 어디 맛집인데? 주말 내내 심심할 뻔 했거든.
성수동에 새로 생긴 핫플인데 분위기 대박이래.
바람 쐬는 것도 좋지. 한강공원이나 같이 걸을까?
완벽한 계획이다. 토요일 점심에 만나. 예약할게.
강릉 완전 좋다! 힐링 될 것 같아. 운전은 네가 해?
오케이 2시 예매 시도해볼게. 팝콘은 네가 사는 거다?
팝콘에 콜라 쏠게. 카라멜 어니언 반반 섞어서 먹자.
디저트 배 비워둬야겠다. 너무 기대돼서 잠 안 올 듯.
알았어 지각 안 하고 기다릴게. 내일 아침에 늦지 마!"
337,일반 대화,"금요일이다! 주말에 맛집 갈래? 알아본 데 있어.
딱히 약속 없어. 집에서 넷플릭스나 보면서 쉴래.
성수동에 새로 생긴 핫플인데 분위기 대박이래.
오 마블은 무조건 아이맥스지. 표 있는지 볼게.
완벽한 계획이다. 토요일 점심에 만나. 예약할게.
치맥 완전 찬성! 한강 라면도 같이 끓여 먹어야지.
방금 예약 완료했어! 창가 자리라 뷰도 예쁠 거야.
팝콘에 콜라 쏠게. 카라멜 어니언 반반 섞어서 먹자.
디저트 배 비워둬야겠다. 너무 기대돼서 잠 안 올 듯.
나도 완전 기대 중이야. 토요일에 예쁘게 입고 만나!"
338,일반 대화,"주말에 시간 어때? 오랜만에 만나서 영화 볼까?
딱히 약속 없어. 집에서 넷플릭스나 보면서 쉴래.
마블 신작 나왔다던데 그거 평점 엄청 높더라고.
성수동 좋지! 예쁜 카페도 많으니까 투어 좀 하자.
주말이라 자리 없을 것 같은데. 시간대는 언제가 좋아?
나는 토요일 오후 2시가 좋아. 밥 먹고 보면 딱이지.
당연히 내가 해야지. 넌 옆에서 신나는 음악 틀어.
팝콘에 콜라 쏠게. 카라멜 어니언 반반 섞어서 먹자.
완벽해. 영화 보고 저녁 먹고 깔끔하게 헤어지자.
내일 5시에 여의나루역에서 보자. 늦으면 버리고 간다!"
339,일반 대화,"이번 주말에 뭐 할 계획이야? 날씨 엄청 좋대.
딱히 약속 없어. 집에서 넷플릭스나 보면서 쉴래.
마블 신작 나왔다던데 그거 평점 엄청 높더라고.
오 마블은 무조건 아이맥스지. 표 있는지 볼게.
완벽한 계획이다. 토요일 점심에 만나. 예약할게.
치맥 완전 찬성! 한강 라면도 같이 끓여 먹어야지.
당연히 내가 해야지. 넌 옆에서 신나는 음악 틀어.
팝콘에 콜라 쏠게. 카라멜 어니언 반반 섞어서 먹자.
내일 아침 9시에 픽업 갈 테니까 준비하고 바로 나와.
내일 5시에 여의나루역에서 보자. 늦으면 버리고 간다!"
340,일반 대화,"이번 주말에 뭐 할 계획이야? 날씨 엄청 좋대.
나도 약속 없어. 요새 피곤해서 늦잠이나 자려고.
성수동에 새로 생긴 핫플인데 분위기 대박이래.
성수동 좋지! 예쁜 카페도 많으니까 투어 좀 하자.
속초나 강릉 어때? 맛있는 회 먹고 바다 구경하자.
강릉 완전 좋다! 힐링 될 것 같아. 운전은 네가 해?
오케이 2시 예매 시도해볼게. 팝콘은 네가 사는 거다?
군침 돈다. 돗자리는 내가 예쁜 걸로 챙길게 몸만 와.
완벽해. 영화 보고 저녁 먹고 깔끔하게 헤어지자.
내일 5시에 여의나루역에서 보자. 늦으면 버리고 간다!"
341,일반 대화,"이번 주말에 뭐 할 계획이야? 날씨 엄청 좋대.
딱히 약속 없어. 집에서 넷플릭스나 보면서 쉴래.
에이 잠만 자면 아깝잖아. 나와서 바람이라도 쐬자.
바람 쐬는 것도 좋지. 한강공원이나 같이 걸을까?
한강 걷다가 치맥 어때? 선선해서 밖에서 먹기 딱이야.
응 토요일 12시에 만나면 딱이겠다. 예약 성공해줘.
방금 예약 완료했어! 창가 자리라 뷰도 예쁠 거야.
선곡은 나한테 맡겨. 벌써 여행 가는 기분이라 신나.
완벽해. 영화 보고 저녁 먹고 깔끔하게 헤어지자.
내일 5시에 여의나루역에서 보자. 늦으면 버리고 간다!"
342,일반 대화,"이번 주 드디어 쉰다. 특별한 약속 잡힌 거 있어?
나도 약속 없어. 요새 피곤해서 늦잠이나 자려고.
마블 신작 나왔다던데 그거 평점 엄청 높더라고.
성수동 좋지! 예쁜 카페도 많으니까 투어 좀 하자.
속초나 강릉 어때? 맛있는 회 먹고 바다 구경하자.
나는 토요일 오후 2시가 좋아. 밥 먹고 보면 딱이지.
방금 예약 완료했어! 창가 자리라 뷰도 예쁠 거야.
군침 돈다. 돗자리는 내가 예쁜 걸로 챙길게 몸만 와.
내일 아침 9시에 픽업 갈 테니까 준비하고 바로 나와.
맛집 리스트 뽑아갈게. 내일 조심히 시간 맞춰서 와!"
343,일반 대화,"이번 주말에 뭐 할 계획이야? 날씨 엄청 좋대.
나도 약속 없어. 요새 피곤해서 늦잠이나 자려고.
성수동에 새로 생긴 핫플인데 분위기 대박이래.
오 마블은 무조건 아이맥스지. 표 있는지 볼게.
주말이라 자리 없을 것 같은데. 시간대는 언제가 좋아?
나는 토요일 오후 2시가 좋아. 밥 먹고 보면 딱이지.
당연하지. 돗자리 펴고 라면부터 먹어주는 게 국룰.
군침 돈다. 돗자리는 내가 예쁜 걸로 챙길게 몸만 와.
디저트 배 비워둬야겠다. 너무 기대돼서 잠 안 올 듯.
내일 5시에 여의나루역에서 보자. 늦으면 버리고 간다!"
344,일반 대화,"금요일이다! 주말에 맛집 갈래? 알아본 데 있어.
영화? 좋지! 개봉한 것 중에 재밌는 거 찾아봤어?
마블 신작 나왔다던데 그거 평점 엄청 높더라고.
드라이브 좋지! 바다 쪽으로 가면 가슴 뻥 뚫릴 듯.
한강 걷다가 치맥 어때? 선선해서 밖에서 먹기 딱이야.
강릉 완전 좋다! 힐링 될 것 같아. 운전은 네가 해?
방금 예약 완료했어! 창가 자리라 뷰도 예쁠 거야.
진짜 고생했어! 내가 근처 디저트 카페 찾아놓을게.
좋아 맥주도 시원한 걸로 사갈게. 해 질 무렵에 보자.
맛집 리스트 뽑아갈게. 내일 조심히 시간 맞춰서 와!"
345,일반 대화,"금요일이다! 주말에 맛집 갈래? 알아본 데 있어.
오 어디 맛집인데? 주말 내내 심심할 뻔 했거든.
마블 신작 나왔다던데 그거 평점 엄청 높더라고.
바람 쐬는 것도 좋지. 한강공원이나 같이 걸을까?
한강 걷다가 치맥 어때? 선선해서 밖에서 먹기 딱이야.
치맥 완전 찬성! 한강 라면도 같이 끓여 먹어야지.
당연히 내가 해야지. 넌 옆에서 신나는 음악 틀어.
진짜 고생했어! 내가 근처 디저트 카페 찾아놓을게.
좋아 맥주도 시원한 걸로 사갈게. 해 질 무렵에 보자.
내일 5시에 여의나루역에서 보자. 늦으면 버리고 간다!"
346,일반 대화,"이번 주 드디어 쉰다. 특별한 약속 잡힌 거 있어?
나도 약속 없어. 요새 피곤해서 늦잠이나 자려고.
날씨 좋은데 집에만 있기 아깝잖아. 드라이브 갈래?
성수동 좋지! 예쁜 카페도 많으니까 투어 좀 하자.
속초나 강릉 어때? 맛있는 회 먹고 바다 구경하자.
치맥 완전 찬성! 한강 라면도 같이 끓여 먹어야지.
당연하지. 돗자리 펴고 라면부터 먹어주는 게 국룰.
군침 돈다. 돗자리는 내가 예쁜 걸로 챙길게 몸만 와.
디저트 배 비워둬야겠다. 너무 기대돼서 잠 안 올 듯.
내일 5시에 여의나루역에서 보자. 늦으면 버리고 간다!"
347,일반 대화,"주말에 시간 어때? 오랜만에 만나서 영화 볼까?
딱히 약속 없어. 집에서 넷플릭스나 보면서 쉴래.
성수동에 새로 생긴 핫플인데 분위기 대박이래.
성수동 좋지! 예쁜 카페도 많으니까 투어 좀 하자.
한강 걷다가 치맥 어때? 선선해서 밖에서 먹기 딱이야.
치맥 완전 찬성! 한강 라면도 같이 끓여 먹어야지.
당연히 내가 해야지. 넌 옆에서 신나는 음악 틀어.
팝콘에 콜라 쏠게. 카라멜 어니언 반반 섞어서 먹자.
내일 아침 9시에 픽업 갈 테니까 준비하고 바로 나와.
맛집 리스트 뽑아갈게. 내일 조심히 시간 맞춰서 와!"
348,일반 대화,"이번 주 드디어 쉰다. 특별한 약속 잡힌 거 있어?
딱히 약속 없어. 집에서 넷플릭스나 보면서 쉴래.
날씨 좋은데 집에만 있기 아깝잖아. 드라이브 갈래?
드라이브 좋지! 바다 쪽으로 가면 가슴 뻥 뚫릴 듯.
주말이라 자리 없을 것 같은데. 시간대는 언제가 좋아?
응 토요일 12시에 만나면 딱이겠다. 예약 성공해줘.
오케이 2시 예매 시도해볼게. 팝콘은 네가 사는 거다?
군침 돈다. 돗자리는 내가 예쁜 걸로 챙길게 몸만 와.
완벽해. 영화 보고 저녁 먹고 깔끔하게 헤어지자.
알았어 지각 안 하고 기다릴게. 내일 아침에 늦지 마!"
349,일반 대화,"주말에 시간 어때? 오랜만에 만나서 영화 볼까?
딱히 약속 없어. 집에서 넷플릭스나 보면서 쉴래.
에이 잠만 자면 아깝잖아. 나와서 바람이라도 쐬자.
드라이브 좋지! 바다 쪽으로 가면 가슴 뻥 뚫릴 듯.
속초나 강릉 어때? 맛있는 회 먹고 바다 구경하자.
강릉 완전 좋다! 힐링 될 것 같아. 운전은 네가 해?
당연하지. 돗자리 펴고 라면부터 먹어주는 게 국룰.
팝콘에 콜라 쏠게. 카라멜 어니언 반반 섞어서 먹자.
완벽해. 영화 보고 저녁 먹고 깔끔하게 헤어지자.
내일 5시에 여의나루역에서 보자. 늦으면 버리고 간다!"
350,일반 대화,"주말에 시간 어때? 오랜만에 만나서 영화 볼까?
오 어디 맛집인데? 주말 내내 심심할 뻔 했거든.
마블 신작 나왔다던데 그거 평점 엄청 높더라고.
바람 쐬는 것도 좋지. 한강공원이나 같이 걸을까?
주말이라 자리 없을 것 같은데. 시간대는 언제가 좋아?
응 토요일 12시에 만나면 딱이겠다. 예약 성공해줘.
당연히 내가 해야지. 넌 옆에서 신나는 음악 틀어.
진짜 고생했어! 내가 근처 디저트 카페 찾아놓을게.
디저트 배 비워둬야겠다. 너무 기대돼서 잠 안 올 듯.
나도 완전 기대 중이야. 토요일에 예쁘게 입고 만나!"
351,일반 대화,"주말에 시간 어때? 오랜만에 만나서 영화 볼까?
나도 약속 없어. 요새 피곤해서 늦잠이나 자려고.
에이 잠만 자면 아깝잖아. 나와서 바람이라도 쐬자.
오 마블은 무조건 아이맥스지. 표 있는지 볼게.
속초나 강릉 어때? 맛있는 회 먹고 바다 구경하자.
강릉 완전 좋다! 힐링 될 것 같아. 운전은 네가 해?
당연하지. 돗자리 펴고 라면부터 먹어주는 게 국룰.
선곡은 나한테 맡겨. 벌써 여행 가는 기분이라 신나.
완벽해. 영화 보고 저녁 먹고 깔끔하게 헤어지자.
알았어 지각 안 하고 기다릴게. 내일 아침에 늦지 마!"
352,일반 대화,"이번 주말에 뭐 할 계획이야? 날씨 엄청 좋대.
딱히 약속 없어. 집에서 넷플릭스나 보면서 쉴래.
날씨 좋은데 집에만 있기 아깝잖아. 드라이브 갈래?
오 마블은 무조건 아이맥스지. 표 있는지 볼게.
주말이라 자리 없을 것 같은데. 시간대는 언제가 좋아?
나는 토요일 오후 2시가 좋아. 밥 먹고 보면 딱이지.
당연하지. 돗자리 펴고 라면부터 먹어주는 게 국룰.
진짜 고생했어! 내가 근처 디저트 카페 찾아놓을게.
내일 아침 9시에 픽업 갈 테니까 준비하고 바로 나와.
맛집 리스트 뽑아갈게. 내일 조심히 시간 맞춰서 와!"
353,일반 대화,"금요일이다! 주말에 맛집 갈래? 알아본 데 있어.
영화? 좋지! 개봉한 것 중에 재밌는 거 찾아봤어?
날씨 좋은데 집에만 있기 아깝잖아. 드라이브 갈래?
오 마블은 무조건 아이맥스지. 표 있는지 볼게.
속초나 강릉 어때? 맛있는 회 먹고 바다 구경하자.
나는 토요일 오후 2시가 좋아. 밥 먹고 보면 딱이지.
당연하지. 돗자리 펴고 라면부터 먹어주는 게 국룰.
진짜 고생했어! 내가 근처 디저트 카페 찾아놓을게.
내일 아침 9시에 픽업 갈 테니까 준비하고 바로 나와.
알았어 지각 안 하고 기다릴게. 내일 아침에 늦지 마!"
354,일반 대화,"이번 주말에 뭐 할 계획이야? 날씨 엄청 좋대.
영화? 좋지! 개봉한 것 중에 재밌는 거 찾아봤어?
날씨 좋은데 집에만 있기 아깝잖아. 드라이브 갈래?
바람 쐬는 것도 좋지. 한강공원이나 같이 걸을까?
속초나 강릉 어때? 맛있는 회 먹고 바다 구경하자.
응 토요일 12시에 만나면 딱이겠다. 예약 성공해줘.
당연히 내가 해야지. 넌 옆에서 신나는 음악 틀어.
진짜 고생했어! 내가 근처 디저트 카페 찾아놓을게.
좋아 맥주도 시원한 걸로 사갈게. 해 질 무렵에 보자.
알았어 지각 안 하고 기다릴게. 내일 아침에 늦지 마!"
355,일반 대화,"주말에 시간 어때? 오랜만에 만나서 영화 볼까?
오 어디 맛집인데? 주말 내내 심심할 뻔 했거든.
마블 신작 나왔다던데 그거 평점 엄청 높더라고.
바람 쐬는 것도 좋지. 한강공원이나 같이 걸을까?
속초나 강릉 어때? 맛있는 회 먹고 바다 구경하자.
나는 토요일 오후 2시가 좋아. 밥 먹고 보면 딱이지.
당연하지. 돗자리 펴고 라면부터 먹어주는 게 국룰.
선곡은 나한테 맡겨. 벌써 여행 가는 기분이라 신나.
디저트 배 비워둬야겠다. 너무 기대돼서 잠 안 올 듯.
내일 5시에 여의나루역에서 보자. 늦으면 버리고 간다!"
356,일반 대화,"주말에 시간 어때? 오랜만에 만나서 영화 볼까?
오 어디 맛집인데? 주말 내내 심심할 뻔 했거든.
성수동에 새로 생긴 핫플인데 분위기 대박이래.
바람 쐬는 것도 좋지. 한강공원이나 같이 걸을까?
주말이라 자리 없을 것 같은데. 시간대는 언제가 좋아?
나는 토요일 오후 2시가 좋아. 밥 먹고 보면 딱이지.
오케이 2시 예매 시도해볼게. 팝콘은 네가 사는 거다?
선곡은 나한테 맡겨. 벌써 여행 가는 기분이라 신나.
내일 아침 9시에 픽업 갈 테니까 준비하고 바로 나와.
나도 완전 기대 중이야. 토요일에 예쁘게 입고 만나!"
357,일반 대화,"금요일이다! 주말에 맛집 갈래? 알아본 데 있어.
딱히 약속 없어. 집에서 넷플릭스나 보면서 쉴래.
에이 잠만 자면 아깝잖아. 나와서 바람이라도 쐬자.
성수동 좋지! 예쁜 카페도 많으니까 투어 좀 하자.
완벽한 계획이다. 토요일 점심에 만나. 예약할게.
응 토요일 12시에 만나면 딱이겠다. 예약 성공해줘.
방금 예약 완료했어! 창가 자리라 뷰도 예쁠 거야.
팝콘에 콜라 쏠게. 카라멜 어니언 반반 섞어서 먹자.
좋아 맥주도 시원한 걸로 사갈게. 해 질 무렵에 보자.
맛집 리스트 뽑아갈게. 내일 조심히 시간 맞춰서 와!"
358,일반 대화,"이번 주말에 뭐 할 계획이야? 날씨 엄청 좋대.
영화? 좋지! 개봉한 것 중에 재밌는 거 찾아봤어?
성수동에 새로 생긴 핫플인데 분위기 대박이래.
성수동 좋지! 예쁜 카페도 많으니까 투어 좀 하자.
속초나 강릉 어때? 맛있는 회 먹고 바다 구경하자.
나는 토요일 오후 2시가 좋아. 밥 먹고 보면 딱이지.
당연히 내가 해야지. 넌 옆에서 신나는 음악 틀어.
군침 돈다. 돗자리는 내가 예쁜 걸로 챙길게 몸만 와.
좋아 맥주도 시원한 걸로 사갈게. 해 질 무렵에 보자.
맛집 리스트 뽑아갈게. 내일 조심히 시간 맞춰서 와!"
359,일반 대화,"이번 주말에 뭐 할 계획이야? 날씨 엄청 좋대.
딱히 약속 없어. 집에서 넷플릭스나 보면서 쉴래.
마블 신작 나왔다던데 그거 평점 엄청 높더라고.
오 마블은 무조건 아이맥스지. 표 있는지 볼게.
주말이라 자리 없을 것 같은데. 시간대는 언제가 좋아?
강릉 완전 좋다! 힐링 될 것 같아. 운전은 네가 해?
방금 예약 완료했어! 창가 자리라 뷰도 예쁠 거야.
군침 돈다. 돗자리는 내가 예쁜 걸로 챙길게 몸만 와.
좋아 맥주도 시원한 걸로 사갈게. 해 질 무렵에 보자.
나도 완전 기대 중이야. 토요일에 예쁘게 입고 만나!"
360,일반 대화,"금요일이다! 주말에 맛집 갈래? 알아본 데 있어.
오 어디 맛집인데? 주말 내내 심심할 뻔 했거든.
날씨 좋은데 집에만 있기 아깝잖아. 드라이브 갈래?
드라이브 좋지! 바다 쪽으로 가면 가슴 뻥 뚫릴 듯.
속초나 강릉 어때? 맛있는 회 먹고 바다 구경하자.
응 토요일 12시에 만나면 딱이겠다. 예약 성공해줘.
당연하지. 돗자리 펴고 라면부터 먹어주는 게 국룰.
진짜 고생했어! 내가 근처 디저트 카페 찾아놓을게.
좋아 맥주도 시원한 걸로 사갈게. 해 질 무렵에 보자.
내일 5시에 여의나루역에서 보자. 늦으면 버리고 간다!"
361,일반 대화,"금요일이다! 주말에 맛집 갈래? 알아본 데 있어.
오 어디 맛집인데? 주말 내내 심심할 뻔 했거든.
성수동에 새로 생긴 핫플인데 분위기 대박이래.
오 마블은 무조건 아이맥스지. 표 있는지 볼게.
속초나 강릉 어때? 맛있는 회 먹고 바다 구경하자.
나는 토요일 오후 2시가 좋아. 밥 먹고 보면 딱이지.
당연하지. 돗자리 펴고 라면부터 먹어주는 게 국룰.
진짜 고생했어! 내가 근처 디저트 카페 찾아놓을게.
내일 아침 9시에 픽업 갈 테니까 준비하고 바로 나와.
맛집 리스트 뽑아갈게. 내일 조심히 시간 맞춰서 와!"
362,일반 대화,"이번 주말에 뭐 할 계획이야? 날씨 엄청 좋대.
딱히 약속 없어. 집에서 넷플릭스나 보면서 쉴래.
날씨 좋은데 집에만 있기 아깝잖아. 드라이브 갈래?
성수동 좋지! 예쁜 카페도 많으니까 투어 좀 하자.
속초나 강릉 어때? 맛있는 회 먹고 바다 구경하자.
치맥 완전 찬성! 한강 라면도 같이 끓여 먹어야지.
당연하지. 돗자리 펴고 라면부터 먹어주는 게 국룰.
군침 돈다. 돗자리는 내가 예쁜 걸로 챙길게 몸만 와.
완벽해. 영화 보고 저녁 먹고 깔끔하게 헤어지자.
알았어 지각 안 하고 기다릴게. 내일 아침에 늦지 마!"
363,일반 대화,"이번 주 드디어 쉰다. 특별한 약속 잡힌 거 있어?
나도 약속 없어. 요새 피곤해서 늦잠이나 자려고.
날씨 좋은데 집에만 있기 아깝잖아. 드라이브 갈래?
성수동 좋지! 예쁜 카페도 많으니까 투어 좀 하자.
주말이라 자리 없을 것 같은데. 시간대는 언제가 좋아?
치맥 완전 찬성! 한강 라면도 같이 끓여 먹어야지.
방금 예약 완료했어! 창가 자리라 뷰도 예쁠 거야.
군침 돈다. 돗자리는 내가 예쁜 걸로 챙길게 몸만 와.
완벽해. 영화 보고 저녁 먹고 깔끔하게 헤어지자.
나도 완전 기대 중이야. 토요일에 예쁘게 입고 만나!"
364,일반 대화,"주말에 시간 어때? 오랜만에 만나서 영화 볼까?
나도 약속 없어. 요새 피곤해서 늦잠이나 자려고.
날씨 좋은데 집에만 있기 아깝잖아. 드라이브 갈래?
바람 쐬는 것도 좋지. 한강공원이나 같이 걸을까?
속초나 강릉 어때? 맛있는 회 먹고 바다 구경하자.
나는 토요일 오후 2시가 좋아. 밥 먹고 보면 딱이지.
당연하지. 돗자리 펴고 라면부터 먹어주는 게 국룰.
선곡은 나한테 맡겨. 벌써 여행 가는 기분이라 신나.
내일 아침 9시에 픽업 갈 테니까 준비하고 바로 나와.
맛집 리스트 뽑아갈게. 내일 조심히 시간 맞춰서 와!"
365,일반 대화,"주말에 시간 어때? 오랜만에 만나서 영화 볼까?
딱히 약속 없어. 집에서 넷플릭스나 보면서 쉴래.
날씨 좋은데 집에만 있기 아깝잖아. 드라이브 갈래?
성수동 좋지! 예쁜 카페도 많으니까 투어 좀 하자.
속초나 강릉 어때? 맛있는 회 먹고 바다 구경하자.
치맥 완전 찬성! 한강 라면도 같이 끓여 먹어야지.
당연히 내가 해야지. 넌 옆에서 신나는 음악 틀어.
선곡은 나한테 맡겨. 벌써 여행 가는 기분이라 신나.
완벽해. 영화 보고 저녁 먹고 깔끔하게 헤어지자.
알았어 지각 안 하고 기다릴게. 내일 아침에 늦지 마!"
366,일반 대화,"주말에 시간 어때? 오랜만에 만나서 영화 볼까?
오 어디 맛집인데? 주말 내내 심심할 뻔 했거든.
날씨 좋은데 집에만 있기 아깝잖아. 드라이브 갈래?
성수동 좋지! 예쁜 카페도 많으니까 투어 좀 하자.
한강 걷다가 치맥 어때? 선선해서 밖에서 먹기 딱이야.
나는 토요일 오후 2시가 좋아. 밥 먹고 보면 딱이지.
오케이 2시 예매 시도해볼게. 팝콘은 네가 사는 거다?
군침 돈다. 돗자리는 내가 예쁜 걸로 챙길게 몸만 와.
완벽해. 영화 보고 저녁 먹고 깔끔하게 헤어지자.
맛집 리스트 뽑아갈게. 내일 조심히 시간 맞춰서 와!"
367,일반 대화,"주말에 시간 어때? 오랜만에 만나서 영화 볼까?
딱히 약속 없어. 집에서 넷플릭스나 보면서 쉴래.
에이 잠만 자면 아깝잖아. 나와서 바람이라도 쐬자.
바람 쐬는 것도 좋지. 한강공원이나 같이 걸을까?
주말이라 자리 없을 것 같은데. 시간대는 언제가 좋아?
치맥 완전 찬성! 한강 라면도 같이 끓여 먹어야지.
방금 예약 완료했어! 창가 자리라 뷰도 예쁠 거야.
팝콘에 콜라 쏠게. 카라멜 어니언 반반 섞어서 먹자.
완벽해. 영화 보고 저녁 먹고 깔끔하게 헤어지자.
알았어 지각 안 하고 기다릴게. 내일 아침에 늦지 마!"
368,일반 대화,"금요일이다! 주말에 맛집 갈래? 알아본 데 있어.
나도 약속 없어. 요새 피곤해서 늦잠이나 자려고.
마블 신작 나왔다던데 그거 평점 엄청 높더라고.
드라이브 좋지! 바다 쪽으로 가면 가슴 뻥 뚫릴 듯.
속초나 강릉 어때? 맛있는 회 먹고 바다 구경하자.
나는 토요일 오후 2시가 좋아. 밥 먹고 보면 딱이지.
방금 예약 완료했어! 창가 자리라 뷰도 예쁠 거야.
군침 돈다. 돗자리는 내가 예쁜 걸로 챙길게 몸만 와.
완벽해. 영화 보고 저녁 먹고 깔끔하게 헤어지자.
맛집 리스트 뽑아갈게. 내일 조심히 시간 맞춰서 와!"
369,일반 대화,"주말에 시간 어때? 오랜만에 만나서 영화 볼까?
나도 약속 없어. 요새 피곤해서 늦잠이나 자려고.
날씨 좋은데 집에만 있기 아깝잖아. 드라이브 갈래?
바람 쐬는 것도 좋지. 한강공원이나 같이 걸을까?
속초나 강릉 어때? 맛있는 회 먹고 바다 구경하자.
치맥 완전 찬성! 한강 라면도 같이 끓여 먹어야지.
당연히 내가 해야지. 넌 옆에서 신나는 음악 틀어.
군침 돈다. 돗자리는 내가 예쁜 걸로 챙길게 몸만 와.
완벽해. 영화 보고 저녁 먹고 깔끔하게 헤어지자.
내일 5시에 여의나루역에서 보자. 늦으면 버리고 간다!"
370,일반 대화,"주말에 시간 어때? 오랜만에 만나서 영화 볼까?
영화? 좋지! 개봉한 것 중에 재밌는 거 찾아봤어?
날씨 좋은데 집에만 있기 아깝잖아. 드라이브 갈래?
바람 쐬는 것도 좋지. 한강공원이나 같이 걸을까?
주말이라 자리 없을 것 같은데. 시간대는 언제가 좋아?
강릉 완전 좋다! 힐링 될 것 같아. 운전은 네가 해?
당연하지. 돗자리 펴고 라면부터 먹어주는 게 국룰.
군침 돈다. 돗자리는 내가 예쁜 걸로 챙길게 몸만 와.
내일 아침 9시에 픽업 갈 테니까 준비하고 바로 나와.
맛집 리스트 뽑아갈게. 내일 조심히 시간 맞춰서 와!"
371,일반 대화,"금요일이다! 주말에 맛집 갈래? 알아본 데 있어.
나도 약속 없어. 요새 피곤해서 늦잠이나 자려고.
마블 신작 나왔다던데 그거 평점 엄청 높더라고.
바람 쐬는 것도 좋지. 한강공원이나 같이 걸을까?
한강 걷다가 치맥 어때? 선선해서 밖에서 먹기 딱이야.
치맥 완전 찬성! 한강 라면도 같이 끓여 먹어야지.
당연하지. 돗자리 펴고 라면부터 먹어주는 게 국룰.
군침 돈다. 돗자리는 내가 예쁜 걸로 챙길게 몸만 와.
좋아 맥주도 시원한 걸로 사갈게. 해 질 무렵에 보자.
나도 완전 기대 중이야. 토요일에 예쁘게 입고 만나!"
372,일반 대화,"주말에 시간 어때? 오랜만에 만나서 영화 볼까?
딱히 약속 없어. 집에서 넷플릭스나 보면서 쉴래.
에이 잠만 자면 아깝잖아. 나와서 바람이라도 쐬자.
바람 쐬는 것도 좋지. 한강공원이나 같이 걸을까?
속초나 강릉 어때? 맛있는 회 먹고 바다 구경하자.
응 토요일 12시에 만나면 딱이겠다. 예약 성공해줘.
오케이 2시 예매 시도해볼게. 팝콘은 네가 사는 거다?
선곡은 나한테 맡겨. 벌써 여행 가는 기분이라 신나.
완벽해. 영화 보고 저녁 먹고 깔끔하게 헤어지자.
내일 5시에 여의나루역에서 보자. 늦으면 버리고 간다!"
373,일반 대화,"주말에 시간 어때? 오랜만에 만나서 영화 볼까?
나도 약속 없어. 요새 피곤해서 늦잠이나 자려고.
날씨 좋은데 집에만 있기 아깝잖아. 드라이브 갈래?
드라이브 좋지! 바다 쪽으로 가면 가슴 뻥 뚫릴 듯.
주말이라 자리 없을 것 같은데. 시간대는 언제가 좋아?
나는 토요일 오후 2시가 좋아. 밥 먹고 보면 딱이지.
방금 예약 완료했어! 창가 자리라 뷰도 예쁠 거야.
진짜 고생했어! 내가 근처 디저트 카페 찾아놓을게.
좋아 맥주도 시원한 걸로 사갈게. 해 질 무렵에 보자.
맛집 리스트 뽑아갈게. 내일 조심히 시간 맞춰서 와!"
374,일반 대화,"이번 주 드디어 쉰다. 특별한 약속 잡힌 거 있어?
영화? 좋지! 개봉한 것 중에 재밌는 거 찾아봤어?
성수동에 새로 생긴 핫플인데 분위기 대박이래.
바람 쐬는 것도 좋지. 한강공원이나 같이 걸을까?
한강 걷다가 치맥 어때? 선선해서 밖에서 먹기 딱이야.
응 토요일 12시에 만나면 딱이겠다. 예약 성공해줘.
방금 예약 완료했어! 창가 자리라 뷰도 예쁠 거야.
진짜 고생했어! 내가 근처 디저트 카페 찾아놓을게.
완벽해. 영화 보고 저녁 먹고 깔끔하게 헤어지자.
나도 완전 기대 중이야. 토요일에 예쁘게 입고 만나!"
375,일반 대화,"금요일이다! 주말에 맛집 갈래? 알아본 데 있어.
오 어디 맛집인데? 주말 내내 심심할 뻔 했거든.
날씨 좋은데 집에만 있기 아깝잖아. 드라이브 갈래?
바람 쐬는 것도 좋지. 한강공원이나 같이 걸을까?
속초나 강릉 어때? 맛있는 회 먹고 바다 구경하자.
치맥 완전 찬성! 한강 라면도 같이 끓여 먹어야지.
오케이 2시 예매 시도해볼게. 팝콘은 네가 사는 거다?
팝콘에 콜라 쏠게. 카라멜 어니언 반반 섞어서 먹자.
좋아 맥주도 시원한 걸로 사갈게. 해 질 무렵에 보자.
내일 5시에 여의나루역에서 보자. 늦으면 버리고 간다!"
376,일반 대화,"이번 주 드디어 쉰다. 특별한 약속 잡힌 거 있어?
나도 약속 없어. 요새 피곤해서 늦잠이나 자려고.
성수동에 새로 생긴 핫플인데 분위기 대박이래.
드라이브 좋지! 바다 쪽으로 가면 가슴 뻥 뚫릴 듯.
속초나 강릉 어때? 맛있는 회 먹고 바다 구경하자.
나는 토요일 오후 2시가 좋아. 밥 먹고 보면 딱이지.
당연하지. 돗자리 펴고 라면부터 먹어주는 게 국룰.
군침 돈다. 돗자리는 내가 예쁜 걸로 챙길게 몸만 와.
완벽해. 영화 보고 저녁 먹고 깔끔하게 헤어지자.
알았어 지각 안 하고 기다릴게. 내일 아침에 늦지 마!"
377,일반 대화,"금요일이다! 주말에 맛집 갈래? 알아본 데 있어.
오 어디 맛집인데? 주말 내내 심심할 뻔 했거든.
날씨 좋은데 집에만 있기 아깝잖아. 드라이브 갈래?
바람 쐬는 것도 좋지. 한강공원이나 같이 걸을까?
속초나 강릉 어때? 맛있는 회 먹고 바다 구경하자.
치맥 완전 찬성! 한강 라면도 같이 끓여 먹어야지.
오케이 2시 예매 시도해볼게. 팝콘은 네가 사는 거다?
진짜 고생했어! 내가 근처 디저트 카페 찾아놓을게.
내일 아침 9시에 픽업 갈 테니까 준비하고 바로 나와.
내일 5시에 여의나루역에서 보자. 늦으면 버리고 간다!"
378,일반 대화,"금요일이다! 주말에 맛집 갈래? 알아본 데 있어.
나도 약속 없어. 요새 피곤해서 늦잠이나 자려고.
성수동에 새로 생긴 핫플인데 분위기 대박이래.
바람 쐬는 것도 좋지. 한강공원이나 같이 걸을까?
주말이라 자리 없을 것 같은데. 시간대는 언제가 좋아?
강릉 완전 좋다! 힐링 될 것 같아. 운전은 네가 해?
방금 예약 완료했어! 창가 자리라 뷰도 예쁠 거야.
군침 돈다. 돗자리는 내가 예쁜 걸로 챙길게 몸만 와.
완벽해. 영화 보고 저녁 먹고 깔끔하게 헤어지자.
알았어 지각 안 하고 기다릴게. 내일 아침에 늦지 마!"
379,일반 대화,"이번 주말에 뭐 할 계획이야? 날씨 엄청 좋대.
나도 약속 없어. 요새 피곤해서 늦잠이나 자려고.
에이 잠만 자면 아깝잖아. 나와서 바람이라도 쐬자.
오 마블은 무조건 아이맥스지. 표 있는지 볼게.
주말이라 자리 없을 것 같은데. 시간대는 언제가 좋아?
나는 토요일 오후 2시가 좋아. 밥 먹고 보면 딱이지.
오케이 2시 예매 시도해볼게. 팝콘은 네가 사는 거다?
팝콘에 콜라 쏠게. 카라멜 어니언 반반 섞어서 먹자.
완벽해. 영화 보고 저녁 먹고 깔끔하게 헤어지자.
알았어 지각 안 하고 기다릴게. 내일 아침에 늦지 마!"
380,일반 대화,"이번 주말에 뭐 할 계획이야? 날씨 엄청 좋대.
오 어디 맛집인데? 주말 내내 심심할 뻔 했거든.
에이 잠만 자면 아깝잖아. 나와서 바람이라도 쐬자.
성수동 좋지! 예쁜 카페도 많으니까 투어 좀 하자.
완벽한 계획이다. 토요일 점심에 만나. 예약할게.
응 토요일 12시에 만나면 딱이겠다. 예약 성공해줘.
오케이 2시 예매 시도해볼게. 팝콘은 네가 사는 거다?
진짜 고생했어! 내가 근처 디저트 카페 찾아놓을게.
완벽해. 영화 보고 저녁 먹고 깔끔하게 헤어지자.
알았어 지각 안 하고 기다릴게. 내일 아침에 늦지 마!"
381,일반 대화,"이번 주말에 뭐 할 계획이야? 날씨 엄청 좋대.
영화? 좋지! 개봉한 것 중에 재밌는 거 찾아봤어?
에이 잠만 자면 아깝잖아. 나와서 바람이라도 쐬자.
드라이브 좋지! 바다 쪽으로 가면 가슴 뻥 뚫릴 듯.
한강 걷다가 치맥 어때? 선선해서 밖에서 먹기 딱이야.
응 토요일 12시에 만나면 딱이겠다. 예약 성공해줘.
오케이 2시 예매 시도해볼게. 팝콘은 네가 사는 거다?
선곡은 나한테 맡겨. 벌써 여행 가는 기분이라 신나.
완벽해. 영화 보고 저녁 먹고 깔끔하게 헤어지자.
내일 5시에 여의나루역에서 보자. 늦으면 버리고 간다!"
382,일반 대화,"이번 주말에 뭐 할 계획이야? 날씨 엄청 좋대.
딱히 약속 없어. 집에서 넷플릭스나 보면서 쉴래.
에이 잠만 자면 아깝잖아. 나와서 바람이라도 쐬자.
드라이브 좋지! 바다 쪽으로 가면 가슴 뻥 뚫릴 듯.
완벽한 계획이다. 토요일 점심에 만나. 예약할게.
응 토요일 12시에 만나면 딱이겠다. 예약 성공해줘.
당연히 내가 해야지. 넌 옆에서 신나는 음악 틀어.
팝콘에 콜라 쏠게. 카라멜 어니언 반반 섞어서 먹자.
디저트 배 비워둬야겠다. 너무 기대돼서 잠 안 올 듯.
나도 완전 기대 중이야. 토요일에 예쁘게 입고 만나!"
383,일반 대화,"주말에 시간 어때? 오랜만에 만나서 영화 볼까?
딱히 약속 없어. 집에서 넷플릭스나 보면서 쉴래.
에이 잠만 자면 아깝잖아. 나와서 바람이라도 쐬자.
오 마블은 무조건 아이맥스지. 표 있는지 볼게.
속초나 강릉 어때? 맛있는 회 먹고 바다 구경하자.
강릉 완전 좋다! 힐링 될 것 같아. 운전은 네가 해?
오케이 2시 예매 시도해볼게. 팝콘은 네가 사는 거다?
선곡은 나한테 맡겨. 벌써 여행 가는 기분이라 신나.
내일 아침 9시에 픽업 갈 테니까 준비하고 바로 나와.
나도 완전 기대 중이야. 토요일에 예쁘게 입고 만나!"
384,일반 대화,"이번 주 드디어 쉰다. 특별한 약속 잡힌 거 있어?
나도 약속 없어. 요새 피곤해서 늦잠이나 자려고.
마블 신작 나왔다던데 그거 평점 엄청 높더라고.
성수동 좋지! 예쁜 카페도 많으니까 투어 좀 하자.
주말이라 자리 없을 것 같은데. 시간대는 언제가 좋아?
응 토요일 12시에 만나면 딱이겠다. 예약 성공해줘.
당연히 내가 해야지. 넌 옆에서 신나는 음악 틀어.
진짜 고생했어! 내가 근처 디저트 카페 찾아놓을게.
완벽해. 영화 보고 저녁 먹고 깔끔하게 헤어지자.
맛집 리스트 뽑아갈게. 내일 조심히 시간 맞춰서 와!"
385,일반 대화,"이번 주 드디어 쉰다. 특별한 약속 잡힌 거 있어?
오 어디 맛집인데? 주말 내내 심심할 뻔 했거든.
에이 잠만 자면 아깝잖아. 나와서 바람이라도 쐬자.
성수동 좋지! 예쁜 카페도 많으니까 투어 좀 하자.
한강 걷다가 치맥 어때? 선선해서 밖에서 먹기 딱이야.
응 토요일 12시에 만나면 딱이겠다. 예약 성공해줘.
방금 예약 완료했어! 창가 자리라 뷰도 예쁠 거야.
선곡은 나한테 맡겨. 벌써 여행 가는 기분이라 신나.
좋아 맥주도 시원한 걸로 사갈게. 해 질 무렵에 보자.
알았어 지각 안 하고 기다릴게. 내일 아침에 늦지 마!"
386,일반 대화,"주말에 시간 어때? 오랜만에 만나서 영화 볼까?
딱히 약속 없어. 집에서 넷플릭스나 보면서 쉴래.
마블 신작 나왔다던데 그거 평점 엄청 높더라고.
바람 쐬는 것도 좋지. 한강공원이나 같이 걸을까?
한강 걷다가 치맥 어때? 선선해서 밖에서 먹기 딱이야.
치맥 완전 찬성! 한강 라면도 같이 끓여 먹어야지.
오케이 2시 예매 시도해볼게. 팝콘은 네가 사는 거다?
군침 돈다. 돗자리는 내가 예쁜 걸로 챙길게 몸만 와.
디저트 배 비워둬야겠다. 너무 기대돼서 잠 안 올 듯.
알았어 지각 안 하고 기다릴게. 내일 아침에 늦지 마!"
387,일반 대화,"주말에 시간 어때? 오랜만에 만나서 영화 볼까?
딱히 약속 없어. 집에서 넷플릭스나 보면서 쉴래.
마블 신작 나왔다던데 그거 평점 엄청 높더라고.
바람 쐬는 것도 좋지. 한강공원이나 같이 걸을까?
완벽한 계획이다. 토요일 점심에 만나. 예약할게.
강릉 완전 좋다! 힐링 될 것 같아. 운전은 네가 해?
방금 예약 완료했어! 창가 자리라 뷰도 예쁠 거야.
군침 돈다. 돗자리는 내가 예쁜 걸로 챙길게 몸만 와.
디저트 배 비워둬야겠다. 너무 기대돼서 잠 안 올 듯.
내일 5시에 여의나루역에서 보자. 늦으면 버리고 간다!"
388,일반 대화,"이번 주말에 뭐 할 계획이야? 날씨 엄청 좋대.
딱히 약속 없어. 집에서 넷플릭스나 보면서 쉴래.
에이 잠만 자면 아깝잖아. 나와서 바람이라도 쐬자.
드라이브 좋지! 바다 쪽으로 가면 가슴 뻥 뚫릴 듯.
속초나 강릉 어때? 맛있는 회 먹고 바다 구경하자.
응 토요일 12시에 만나면 딱이겠다. 예약 성공해줘.
방금 예약 완료했어! 창가 자리라 뷰도 예쁠 거야.
진짜 고생했어! 내가 근처 디저트 카페 찾아놓을게.
내일 아침 9시에 픽업 갈 테니까 준비하고 바로 나와.
맛집 리스트 뽑아갈게. 내일 조심히 시간 맞춰서 와!"
389,일반 대화,"금요일이다! 주말에 맛집 갈래? 알아본 데 있어.
오 어디 맛집인데? 주말 내내 심심할 뻔 했거든.
날씨 좋은데 집에만 있기 아깝잖아. 드라이브 갈래?
성수동 좋지! 예쁜 카페도 많으니까 투어 좀 하자.
속초나 강릉 어때? 맛있는 회 먹고 바다 구경하자.
강릉 완전 좋다! 힐링 될 것 같아. 운전은 네가 해?
오케이 2시 예매 시도해볼게. 팝콘은 네가 사는 거다?
선곡은 나한테 맡겨. 벌써 여행 가는 기분이라 신나.
좋아 맥주도 시원한 걸로 사갈게. 해 질 무렵에 보자.
나도 완전 기대 중이야. 토요일에 예쁘게 입고 만나!"
390,일반 대화,"이번 주말에 뭐 할 계획이야? 날씨 엄청 좋대.
오 어디 맛집인데? 주말 내내 심심할 뻔 했거든.
성수동에 새로 생긴 핫플인데 분위기 대박이래.
오 마블은 무조건 아이맥스지. 표 있는지 볼게.
한강 걷다가 치맥 어때? 선선해서 밖에서 먹기 딱이야.
치맥 완전 찬성! 한강 라면도 같이 끓여 먹어야지.
방금 예약 완료했어! 창가 자리라 뷰도 예쁠 거야.
팝콘에 콜라 쏠게. 카라멜 어니언 반반 섞어서 먹자.
내일 아침 9시에 픽업 갈 테니까 준비하고 바로 나와.
알았어 지각 안 하고 기다릴게. 내일 아침에 늦지 마!"
391,일반 대화,"금요일이다! 주말에 맛집 갈래? 알아본 데 있어.
영화? 좋지! 개봉한 것 중에 재밌는 거 찾아봤어?
날씨 좋은데 집에만 있기 아깝잖아. 드라이브 갈래?
오 마블은 무조건 아이맥스지. 표 있는지 볼게.
속초나 강릉 어때? 맛있는 회 먹고 바다 구경하자.
응 토요일 12시에 만나면 딱이겠다. 예약 성공해줘.
오케이 2시 예매 시도해볼게. 팝콘은 네가 사는 거다?
선곡은 나한테 맡겨. 벌써 여행 가는 기분이라 신나.
내일 아침 9시에 픽업 갈 테니까 준비하고 바로 나와.
맛집 리스트 뽑아갈게. 내일 조심히 시간 맞춰서 와!"
392,일반 대화,"이번 주 드디어 쉰다. 특별한 약속 잡힌 거 있어?
나도 약속 없어. 요새 피곤해서 늦잠이나 자려고.
성수동에 새로 생긴 핫플인데 분위기 대박이래.
바람 쐬는 것도 좋지. 한강공원이나 같이 걸을까?
주말이라 자리 없을 것 같은데. 시간대는 언제가 좋아?
강릉 완전 좋다! 힐링 될 것 같아. 운전은 네가 해?
당연하지. 돗자리 펴고 라면부터 먹어주는 게 국룰.
진짜 고생했어! 내가 근처 디저트 카페 찾아놓을게.
디저트 배 비워둬야겠다. 너무 기대돼서 잠 안 올 듯.
나도 완전 기대 중이야. 토요일에 예쁘게 입고 만나!"
393,일반 대화,"이번 주 드디어 쉰다. 특별한 약속 잡힌 거 있어?
영화? 좋지! 개봉한 것 중에 재밌는 거 찾아봤어?
성수동에 새로 생긴 핫플인데 분위기 대박이래.
드라이브 좋지! 바다 쪽으로 가면 가슴 뻥 뚫릴 듯.
완벽한 계획이다. 토요일 점심에 만나. 예약할게.
응 토요일 12시에 만나면 딱이겠다. 예약 성공해줘.
오케이 2시 예매 시도해볼게. 팝콘은 네가 사는 거다?
군침 돈다. 돗자리는 내가 예쁜 걸로 챙길게 몸만 와.
디저트 배 비워둬야겠다. 너무 기대돼서 잠 안 올 듯.
알았어 지각 안 하고 기다릴게. 내일 아침에 늦지 마!"
394,일반 대화,"금요일이다! 주말에 맛집 갈래? 알아본 데 있어.
딱히 약속 없어. 집에서 넷플릭스나 보면서 쉴래.
날씨 좋은데 집에만 있기 아깝잖아. 드라이브 갈래?
오 마블은 무조건 아이맥스지. 표 있는지 볼게.
주말이라 자리 없을 것 같은데. 시간대는 언제가 좋아?
나는 토요일 오후 2시가 좋아. 밥 먹고 보면 딱이지.
당연히 내가 해야지. 넌 옆에서 신나는 음악 틀어.
진짜 고생했어! 내가 근처 디저트 카페 찾아놓을게.
완벽해. 영화 보고 저녁 먹고 깔끔하게 헤어지자.
나도 완전 기대 중이야. 토요일에 예쁘게 입고 만나!"
395,일반 대화,"주말에 시간 어때? 오랜만에 만나서 영화 볼까?
영화? 좋지! 개봉한 것 중에 재밌는 거 찾아봤어?
성수동에 새로 생긴 핫플인데 분위기 대박이래.
성수동 좋지! 예쁜 카페도 많으니까 투어 좀 하자.
완벽한 계획이다. 토요일 점심에 만나. 예약할게.
치맥 완전 찬성! 한강 라면도 같이 끓여 먹어야지.
당연히 내가 해야지. 넌 옆에서 신나는 음악 틀어.
팝콘에 콜라 쏠게. 카라멜 어니언 반반 섞어서 먹자.
내일 아침 9시에 픽업 갈 테니까 준비하고 바로 나와.
나도 완전 기대 중이야. 토요일에 예쁘게 입고 만나!"
396,일반 대화,"이번 주 드디어 쉰다. 특별한 약속 잡힌 거 있어?
영화? 좋지! 개봉한 것 중에 재밌는 거 찾아봤어?
날씨 좋은데 집에만 있기 아깝잖아. 드라이브 갈래?
오 마블은 무조건 아이맥스지. 표 있는지 볼게.
속초나 강릉 어때? 맛있는 회 먹고 바다 구경하자.
강릉 완전 좋다! 힐링 될 것 같아. 운전은 네가 해?
당연하지. 돗자리 펴고 라면부터 먹어주는 게 국룰.
선곡은 나한테 맡겨. 벌써 여행 가는 기분이라 신나.
완벽해. 영화 보고 저녁 먹고 깔끔하게 헤어지자.
맛집 리스트 뽑아갈게. 내일 조심히 시간 맞춰서 와!"
397,일반 대화,"이번 주 드디어 쉰다. 특별한 약속 잡힌 거 있어?
딱히 약속 없어. 집에서 넷플릭스나 보면서 쉴래.
마블 신작 나왔다던데 그거 평점 엄청 높더라고.
오 마블은 무조건 아이맥스지. 표 있는지 볼게.
완벽한 계획이다. 토요일 점심에 만나. 예약할게.
나는 토요일 오후 2시가 좋아. 밥 먹고 보면 딱이지.
당연히 내가 해야지. 넌 옆에서 신나는 음악 틀어.
군침 돈다. 돗자리는 내가 예쁜 걸로 챙길게 몸만 와.
완벽해. 영화 보고 저녁 먹고 깔끔하게 헤어지자.
알았어 지각 안 하고 기다릴게. 내일 아침에 늦지 마!"
398,일반 대화,"이번 주말에 뭐 할 계획이야? 날씨 엄청 좋대.
딱히 약속 없어. 집에서 넷플릭스나 보면서 쉴래.
에이 잠만 자면 아깝잖아. 나와서 바람이라도 쐬자.
드라이브 좋지! 바다 쪽으로 가면 가슴 뻥 뚫릴 듯.
주말이라 자리 없을 것 같은데. 시간대는 언제가 좋아?
강릉 완전 좋다! 힐링 될 것 같아. 운전은 네가 해?
당연히 내가 해야지. 넌 옆에서 신나는 음악 틀어.
군침 돈다. 돗자리는 내가 예쁜 걸로 챙길게 몸만 와.
완벽해. 영화 보고 저녁 먹고 깔끔하게 헤어지자.
맛집 리스트 뽑아갈게. 내일 조심히 시간 맞춰서 와!"
399,일반 대화,"금요일이다! 주말에 맛집 갈래? 알아본 데 있어.
나도 약속 없어. 요새 피곤해서 늦잠이나 자려고.
마블 신작 나왔다던데 그거 평점 엄청 높더라고.
드라이브 좋지! 바다 쪽으로 가면 가슴 뻥 뚫릴 듯.
주말이라 자리 없을 것 같은데. 시간대는 언제가 좋아?
강릉 완전 좋다! 힐링 될 것 같아. 운전은 네가 해?
오케이 2시 예매 시도해볼게. 팝콘은 네가 사는 거다?
진짜 고생했어! 내가 근처 디저트 카페 찾아놓을게.
디저트 배 비워둬야겠다. 너무 기대돼서 잠 안 올 듯.
맛집 리스트 뽑아갈게. 내일 조심히 시간 맞춰서 와!"
400,일반 대화,"이번 주 드디어 쉰다. 특별한 약속 잡힌 거 있어?
오 어디 맛집인데? 주말 내내 심심할 뻔 했거든.
마블 신작 나왔다던데 그거 평점 엄청 높더라고.
오 마블은 무조건 아이맥스지. 표 있는지 볼게.
주말이라 자리 없을 것 같은데. 시간대는 언제가 좋아?
치맥 완전 찬성! 한강 라면도 같이 끓여 먹어야지.
방금 예약 완료했어! 창가 자리라 뷰도 예쁠 거야.
선곡은 나한테 맡겨. 벌써 여행 가는 기분이라 신나.
내일 아침 9시에 픽업 갈 테니까 준비하고 바로 나와.
나도 완전 기대 중이야. 토요일에 예쁘게 입고 만나!"
401,일반 대화,"금요일이다! 주말에 맛집 갈래? 알아본 데 있어.
나도 약속 없어. 요새 피곤해서 늦잠이나 자려고.
성수동에 새로 생긴 핫플인데 분위기 대박이래.
성수동 좋지! 예쁜 카페도 많으니까 투어 좀 하자.
한강 걷다가 치맥 어때? 선선해서 밖에서 먹기 딱이야.
치맥 완전 찬성! 한강 라면도 같이 끓여 먹어야지.
방금 예약 완료했어! 창가 자리라 뷰도 예쁠 거야.
군침 돈다. 돗자리는 내가 예쁜 걸로 챙길게 몸만 와.
내일 아침 9시에 픽업 갈 테니까 준비하고 바로 나와.
내일 5시에 여의나루역에서 보자. 늦으면 버리고 간다!"
402,일반 대화,"금요일이다! 주말에 맛집 갈래? 알아본 데 있어.
영화? 좋지! 개봉한 것 중에 재밌는 거 찾아봤어?
에이 잠만 자면 아깝잖아. 나와서 바람이라도 쐬자.
성수동 좋지! 예쁜 카페도 많으니까 투어 좀 하자.
속초나 강릉 어때? 맛있는 회 먹고 바다 구경하자.
치맥 완전 찬성! 한강 라면도 같이 끓여 먹어야지.
당연히 내가 해야지. 넌 옆에서 신나는 음악 틀어.
선곡은 나한테 맡겨. 벌써 여행 가는 기분이라 신나.
완벽해. 영화 보고 저녁 먹고 깔끔하게 헤어지자.
맛집 리스트 뽑아갈게. 내일 조심히 시간 맞춰서 와!"
403,일반 대화,"금요일이다! 주말에 맛집 갈래? 알아본 데 있어.
딱히 약속 없어. 집에서 넷플릭스나 보면서 쉴래.
날씨 좋은데 집에만 있기 아깝잖아. 드라이브 갈래?
성수동 좋지! 예쁜 카페도 많으니까 투어 좀 하자.
주말이라 자리 없을 것 같은데. 시간대는 언제가 좋아?
치맥 완전 찬성! 한강 라면도 같이 끓여 먹어야지.
당연히 내가 해야지. 넌 옆에서 신나는 음악 틀어.
진짜 고생했어! 내가 근처 디저트 카페 찾아놓을게.
내일 아침 9시에 픽업 갈 테니까 준비하고 바로 나와.
내일 5시에 여의나루역에서 보자. 늦으면 버리고 간다!"
404,일반 대화,"금요일이다! 주말에 맛집 갈래? 알아본 데 있어.
오 어디 맛집인데? 주말 내내 심심할 뻔 했거든.
에이 잠만 자면 아깝잖아. 나와서 바람이라도 쐬자.
성수동 좋지! 예쁜 카페도 많으니까 투어 좀 하자.
완벽한 계획이다. 토요일 점심에 만나. 예약할게.
응 토요일 12시에 만나면 딱이겠다. 예약 성공해줘.
당연하지. 돗자리 펴고 라면부터 먹어주는 게 국룰.
팝콘에 콜라 쏠게. 카라멜 어니언 반반 섞어서 먹자.
내일 아침 9시에 픽업 갈 테니까 준비하고 바로 나와.
알았어 지각 안 하고 기다릴게. 내일 아침에 늦지 마!"
405,일반 대화,"이번 주말에 뭐 할 계획이야? 날씨 엄청 좋대.
나도 약속 없어. 요새 피곤해서 늦잠이나 자려고.
마블 신작 나왔다던데 그거 평점 엄청 높더라고.
성수동 좋지! 예쁜 카페도 많으니까 투어 좀 하자.
속초나 강릉 어때? 맛있는 회 먹고 바다 구경하자.
응 토요일 12시에 만나면 딱이겠다. 예약 성공해줘.
오케이 2시 예매 시도해볼게. 팝콘은 네가 사는 거다?
팝콘에 콜라 쏠게. 카라멜 어니언 반반 섞어서 먹자.
좋아 맥주도 시원한 걸로 사갈게. 해 질 무렵에 보자.
알았어 지각 안 하고 기다릴게. 내일 아침에 늦지 마!"
406,일반 대화,"이번 주말에 뭐 할 계획이야? 날씨 엄청 좋대.
딱히 약속 없어. 집에서 넷플릭스나 보면서 쉴래.
마블 신작 나왔다던데 그거 평점 엄청 높더라고.
바람 쐬는 것도 좋지. 한강공원이나 같이 걸을까?
완벽한 계획이다. 토요일 점심에 만나. 예약할게.
치맥 완전 찬성! 한강 라면도 같이 끓여 먹어야지.
오케이 2시 예매 시도해볼게. 팝콘은 네가 사는 거다?
선곡은 나한테 맡겨. 벌써 여행 가는 기분이라 신나.
완벽해. 영화 보고 저녁 먹고 깔끔하게 헤어지자.
맛집 리스트 뽑아갈게. 내일 조심히 시간 맞춰서 와!"
407,일반 대화,"금요일이다! 주말에 맛집 갈래? 알아본 데 있어.
딱히 약속 없어. 집에서 넷플릭스나 보면서 쉴래.
마블 신작 나왔다던데 그거 평점 엄청 높더라고.
성수동 좋지! 예쁜 카페도 많으니까 투어 좀 하자.
주말이라 자리 없을 것 같은데. 시간대는 언제가 좋아?
치맥 완전 찬성! 한강 라면도 같이 끓여 먹어야지.
방금 예약 완료했어! 창가 자리라 뷰도 예쁠 거야.
선곡은 나한테 맡겨. 벌써 여행 가는 기분이라 신나.
내일 아침 9시에 픽업 갈 테니까 준비하고 바로 나와.
맛집 리스트 뽑아갈게. 내일 조심히 시간 맞춰서 와!"
408,일반 대화,"이번 주 드디어 쉰다. 특별한 약속 잡힌 거 있어?
오 어디 맛집인데? 주말 내내 심심할 뻔 했거든.
성수동에 새로 생긴 핫플인데 분위기 대박이래.
드라이브 좋지! 바다 쪽으로 가면 가슴 뻥 뚫릴 듯.
완벽한 계획이다. 토요일 점심에 만나. 예약할게.
강릉 완전 좋다! 힐링 될 것 같아. 운전은 네가 해?
당연하지. 돗자리 펴고 라면부터 먹어주는 게 국룰.
팝콘에 콜라 쏠게. 카라멜 어니언 반반 섞어서 먹자.
내일 아침 9시에 픽업 갈 테니까 준비하고 바로 나와.
알았어 지각 안 하고 기다릴게. 내일 아침에 늦지 마!"
409,일반 대화,"금요일이다! 주말에 맛집 갈래? 알아본 데 있어.
나도 약속 없어. 요새 피곤해서 늦잠이나 자려고.
날씨 좋은데 집에만 있기 아깝잖아. 드라이브 갈래?
성수동 좋지! 예쁜 카페도 많으니까 투어 좀 하자.
완벽한 계획이다. 토요일 점심에 만나. 예약할게.
강릉 완전 좋다! 힐링 될 것 같아. 운전은 네가 해?
방금 예약 완료했어! 창가 자리라 뷰도 예쁠 거야.
팝콘에 콜라 쏠게. 카라멜 어니언 반반 섞어서 먹자.
좋아 맥주도 시원한 걸로 사갈게. 해 질 무렵에 보자.
알았어 지각 안 하고 기다릴게. 내일 아침에 늦지 마!"
410,일반 대화,"이번 주말에 뭐 할 계획이야? 날씨 엄청 좋대.
오 어디 맛집인데? 주말 내내 심심할 뻔 했거든.
마블 신작 나왔다던데 그거 평점 엄청 높더라고.
드라이브 좋지! 바다 쪽으로 가면 가슴 뻥 뚫릴 듯.
완벽한 계획이다. 토요일 점심에 만나. 예약할게.
강릉 완전 좋다! 힐링 될 것 같아. 운전은 네가 해?
오케이 2시 예매 시도해볼게. 팝콘은 네가 사는 거다?
진짜 고생했어! 내가 근처 디저트 카페 찾아놓을게.
내일 아침 9시에 픽업 갈 테니까 준비하고 바로 나와.
나도 완전 기대 중이야. 토요일에 예쁘게 입고 만나!"
411,일반 대화,"이번 주말에 뭐 할 계획이야? 날씨 엄청 좋대.
딱히 약속 없어. 집에서 넷플릭스나 보면서 쉴래.
성수동에 새로 생긴 핫플인데 분위기 대박이래.
드라이브 좋지! 바다 쪽으로 가면 가슴 뻥 뚫릴 듯.
완벽한 계획이다. 토요일 점심에 만나. 예약할게.
강릉 완전 좋다! 힐링 될 것 같아. 운전은 네가 해?
방금 예약 완료했어! 창가 자리라 뷰도 예쁠 거야.
팝콘에 콜라 쏠게. 카라멜 어니언 반반 섞어서 먹자.
좋아 맥주도 시원한 걸로 사갈게. 해 질 무렵에 보자.
맛집 리스트 뽑아갈게. 내일 조심히 시간 맞춰서 와!"
412,일반 대화,"주말에 시간 어때? 오랜만에 만나서 영화 볼까?
나도 약속 없어. 요새 피곤해서 늦잠이나 자려고.
에이 잠만 자면 아깝잖아. 나와서 바람이라도 쐬자.
성수동 좋지! 예쁜 카페도 많으니까 투어 좀 하자.
한강 걷다가 치맥 어때? 선선해서 밖에서 먹기 딱이야.
나는 토요일 오후 2시가 좋아. 밥 먹고 보면 딱이지.
당연히 내가 해야지. 넌 옆에서 신나는 음악 틀어.
선곡은 나한테 맡겨. 벌써 여행 가는 기분이라 신나.
좋아 맥주도 시원한 걸로 사갈게. 해 질 무렵에 보자.
나도 완전 기대 중이야. 토요일에 예쁘게 입고 만나!"
413,일반 대화,"이번 주말에 뭐 할 계획이야? 날씨 엄청 좋대.
오 어디 맛집인데? 주말 내내 심심할 뻔 했거든.
날씨 좋은데 집에만 있기 아깝잖아. 드라이브 갈래?
바람 쐬는 것도 좋지. 한강공원이나 같이 걸을까?
한강 걷다가 치맥 어때? 선선해서 밖에서 먹기 딱이야.
강릉 완전 좋다! 힐링 될 것 같아. 운전은 네가 해?
방금 예약 완료했어! 창가 자리라 뷰도 예쁠 거야.
군침 돈다. 돗자리는 내가 예쁜 걸로 챙길게 몸만 와.
디저트 배 비워둬야겠다. 너무 기대돼서 잠 안 올 듯.
나도 완전 기대 중이야. 토요일에 예쁘게 입고 만나!"
414,일반 대화,"주말에 시간 어때? 오랜만에 만나서 영화 볼까?
영화? 좋지! 개봉한 것 중에 재밌는 거 찾아봤어?
날씨 좋은데 집에만 있기 아깝잖아. 드라이브 갈래?
바람 쐬는 것도 좋지. 한강공원이나 같이 걸을까?
한강 걷다가 치맥 어때? 선선해서 밖에서 먹기 딱이야.
치맥 완전 찬성! 한강 라면도 같이 끓여 먹어야지.
오케이 2시 예매 시도해볼게. 팝콘은 네가 사는 거다?
선곡은 나한테 맡겨. 벌써 여행 가는 기분이라 신나.
완벽해. 영화 보고 저녁 먹고 깔끔하게 헤어지자.
알았어 지각 안 하고 기다릴게. 내일 아침에 늦지 마!"
415,일반 대화,"이번 주 드디어 쉰다. 특별한 약속 잡힌 거 있어?
딱히 약속 없어. 집에서 넷플릭스나 보면서 쉴래.
에이 잠만 자면 아깝잖아. 나와서 바람이라도 쐬자.
오 마블은 무조건 아이맥스지. 표 있는지 볼게.
속초나 강릉 어때? 맛있는 회 먹고 바다 구경하자.
나는 토요일 오후 2시가 좋아. 밥 먹고 보면 딱이지.
당연하지. 돗자리 펴고 라면부터 먹어주는 게 국룰.
선곡은 나한테 맡겨. 벌써 여행 가는 기분이라 신나.
디저트 배 비워둬야겠다. 너무 기대돼서 잠 안 올 듯.
나도 완전 기대 중이야. 토요일에 예쁘게 입고 만나!"
416,일반 대화,"이번 주 드디어 쉰다. 특별한 약속 잡힌 거 있어?
나도 약속 없어. 요새 피곤해서 늦잠이나 자려고.
날씨 좋은데 집에만 있기 아깝잖아. 드라이브 갈래?
오 마블은 무조건 아이맥스지. 표 있는지 볼게.
속초나 강릉 어때? 맛있는 회 먹고 바다 구경하자.
치맥 완전 찬성! 한강 라면도 같이 끓여 먹어야지.
방금 예약 완료했어! 창가 자리라 뷰도 예쁠 거야.
군침 돈다. 돗자리는 내가 예쁜 걸로 챙길게 몸만 와.
좋아 맥주도 시원한 걸로 사갈게. 해 질 무렵에 보자.
나도 완전 기대 중이야. 토요일에 예쁘게 입고 만나!"
417,일반 대화,"이번 주 드디어 쉰다. 특별한 약속 잡힌 거 있어?
오 어디 맛집인데? 주말 내내 심심할 뻔 했거든.
마블 신작 나왔다던데 그거 평점 엄청 높더라고.
오 마블은 무조건 아이맥스지. 표 있는지 볼게.
한강 걷다가 치맥 어때? 선선해서 밖에서 먹기 딱이야.
응 토요일 12시에 만나면 딱이겠다. 예약 성공해줘.
당연하지. 돗자리 펴고 라면부터 먹어주는 게 국룰.
군침 돈다. 돗자리는 내가 예쁜 걸로 챙길게 몸만 와.
내일 아침 9시에 픽업 갈 테니까 준비하고 바로 나와.
내일 5시에 여의나루역에서 보자. 늦으면 버리고 간다!"
418,일반 대화,"주말에 시간 어때? 오랜만에 만나서 영화 볼까?
딱히 약속 없어. 집에서 넷플릭스나 보면서 쉴래.
에이 잠만 자면 아깝잖아. 나와서 바람이라도 쐬자.
성수동 좋지! 예쁜 카페도 많으니까 투어 좀 하자.
주말이라 자리 없을 것 같은데. 시간대는 언제가 좋아?
응 토요일 12시에 만나면 딱이겠다. 예약 성공해줘.
당연히 내가 해야지. 넌 옆에서 신나는 음악 틀어.
진짜 고생했어! 내가 근처 디저트 카페 찾아놓을게.
완벽해. 영화 보고 저녁 먹고 깔끔하게 헤어지자.
알았어 지각 안 하고 기다릴게. 내일 아침에 늦지 마!"
419,일반 대화,"이번 주말에 뭐 할 계획이야? 날씨 엄청 좋대.
영화? 좋지! 개봉한 것 중에 재밌는 거 찾아봤어?
에이 잠만 자면 아깝잖아. 나와서 바람이라도 쐬자.
바람 쐬는 것도 좋지. 한강공원이나 같이 걸을까?
한강 걷다가 치맥 어때? 선선해서 밖에서 먹기 딱이야.
응 토요일 12시에 만나면 딱이겠다. 예약 성공해줘.
당연하지. 돗자리 펴고 라면부터 먹어주는 게 국룰.
선곡은 나한테 맡겨. 벌써 여행 가는 기분이라 신나.
내일 아침 9시에 픽업 갈 테니까 준비하고 바로 나와.
맛집 리스트 뽑아갈게. 내일 조심히 시간 맞춰서 와!"
420,일반 대화,"이번 주말에 뭐 할 계획이야? 날씨 엄청 좋대.
나도 약속 없어. 요새 피곤해서 늦잠이나 자려고.
날씨 좋은데 집에만 있기 아깝잖아. 드라이브 갈래?
드라이브 좋지! 바다 쪽으로 가면 가슴 뻥 뚫릴 듯.
주말이라 자리 없을 것 같은데. 시간대는 언제가 좋아?
강릉 완전 좋다! 힐링 될 것 같아. 운전은 네가 해?
당연하지. 돗자리 펴고 라면부터 먹어주는 게 국룰.
팝콘에 콜라 쏠게. 카라멜 어니언 반반 섞어서 먹자.
디저트 배 비워둬야겠다. 너무 기대돼서 잠 안 올 듯.
내일 5시에 여의나루역에서 보자. 늦으면 버리고 간다!"
421,일반 대화,"이번 주말에 뭐 할 계획이야? 날씨 엄청 좋대.
딱히 약속 없어. 집에서 넷플릭스나 보면서 쉴래.
마블 신작 나왔다던데 그거 평점 엄청 높더라고.
성수동 좋지! 예쁜 카페도 많으니까 투어 좀 하자.
한강 걷다가 치맥 어때? 선선해서 밖에서 먹기 딱이야.
나는 토요일 오후 2시가 좋아. 밥 먹고 보면 딱이지.
방금 예약 완료했어! 창가 자리라 뷰도 예쁠 거야.
군침 돈다. 돗자리는 내가 예쁜 걸로 챙길게 몸만 와.
디저트 배 비워둬야겠다. 너무 기대돼서 잠 안 올 듯.
나도 완전 기대 중이야. 토요일에 예쁘게 입고 만나!"
422,일반 대화,"이번 주말에 뭐 할 계획이야? 날씨 엄청 좋대.
영화? 좋지! 개봉한 것 중에 재밌는 거 찾아봤어?
날씨 좋은데 집에만 있기 아깝잖아. 드라이브 갈래?
바람 쐬는 것도 좋지. 한강공원이나 같이 걸을까?
완벽한 계획이다. 토요일 점심에 만나. 예약할게.
나는 토요일 오후 2시가 좋아. 밥 먹고 보면 딱이지.
방금 예약 완료했어! 창가 자리라 뷰도 예쁠 거야.
팝콘에 콜라 쏠게. 카라멜 어니언 반반 섞어서 먹자.
디저트 배 비워둬야겠다. 너무 기대돼서 잠 안 올 듯.
나도 완전 기대 중이야. 토요일에 예쁘게 입고 만나!"
423,일반 대화,"이번 주 드디어 쉰다. 특별한 약속 잡힌 거 있어?
영화? 좋지! 개봉한 것 중에 재밌는 거 찾아봤어?
날씨 좋은데 집에만 있기 아깝잖아. 드라이브 갈래?
드라이브 좋지! 바다 쪽으로 가면 가슴 뻥 뚫릴 듯.
속초나 강릉 어때? 맛있는 회 먹고 바다 구경하자.
강릉 완전 좋다! 힐링 될 것 같아. 운전은 네가 해?
당연하지. 돗자리 펴고 라면부터 먹어주는 게 국룰.
군침 돈다. 돗자리는 내가 예쁜 걸로 챙길게 몸만 와.
완벽해. 영화 보고 저녁 먹고 깔끔하게 헤어지자.
나도 완전 기대 중이야. 토요일에 예쁘게 입고 만나!"
424,일반 대화,"이번 주 드디어 쉰다. 특별한 약속 잡힌 거 있어?
영화? 좋지! 개봉한 것 중에 재밌는 거 찾아봤어?
날씨 좋은데 집에만 있기 아깝잖아. 드라이브 갈래?
오 마블은 무조건 아이맥스지. 표 있는지 볼게.
한강 걷다가 치맥 어때? 선선해서 밖에서 먹기 딱이야.
강릉 완전 좋다! 힐링 될 것 같아. 운전은 네가 해?
당연하지. 돗자리 펴고 라면부터 먹어주는 게 국룰.
팝콘에 콜라 쏠게. 카라멜 어니언 반반 섞어서 먹자.
좋아 맥주도 시원한 걸로 사갈게. 해 질 무렵에 보자.
알았어 지각 안 하고 기다릴게. 내일 아침에 늦지 마!"
425,일반 대화,"이번 주 드디어 쉰다. 특별한 약속 잡힌 거 있어?
나도 약속 없어. 요새 피곤해서 늦잠이나 자려고.
날씨 좋은데 집에만 있기 아깝잖아. 드라이브 갈래?
드라이브 좋지! 바다 쪽으로 가면 가슴 뻥 뚫릴 듯.
한강 걷다가 치맥 어때? 선선해서 밖에서 먹기 딱이야.
치맥 완전 찬성! 한강 라면도 같이 끓여 먹어야지.
당연히 내가 해야지. 넌 옆에서 신나는 음악 틀어.
군침 돈다. 돗자리는 내가 예쁜 걸로 챙길게 몸만 와.
좋아 맥주도 시원한 걸로 사갈게. 해 질 무렵에 보자.
알았어 지각 안 하고 기다릴게. 내일 아침에 늦지 마!"
426,일반 대화,"금요일이다! 주말에 맛집 갈래? 알아본 데 있어.
딱히 약속 없어. 집에서 넷플릭스나 보면서 쉴래.
날씨 좋은데 집에만 있기 아깝잖아. 드라이브 갈래?
성수동 좋지! 예쁜 카페도 많으니까 투어 좀 하자.
완벽한 계획이다. 토요일 점심에 만나. 예약할게.
강릉 완전 좋다! 힐링 될 것 같아. 운전은 네가 해?
오케이 2시 예매 시도해볼게. 팝콘은 네가 사는 거다?
진짜 고생했어! 내가 근처 디저트 카페 찾아놓을게.
디저트 배 비워둬야겠다. 너무 기대돼서 잠 안 올 듯.
맛집 리스트 뽑아갈게. 내일 조심히 시간 맞춰서 와!"
427,일반 대화,"이번 주 드디어 쉰다. 특별한 약속 잡힌 거 있어?
나도 약속 없어. 요새 피곤해서 늦잠이나 자려고.
성수동에 새로 생긴 핫플인데 분위기 대박이래.
드라이브 좋지! 바다 쪽으로 가면 가슴 뻥 뚫릴 듯.
완벽한 계획이다. 토요일 점심에 만나. 예약할게.
강릉 완전 좋다! 힐링 될 것 같아. 운전은 네가 해?
오케이 2시 예매 시도해볼게. 팝콘은 네가 사는 거다?
선곡은 나한테 맡겨. 벌써 여행 가는 기분이라 신나.
완벽해. 영화 보고 저녁 먹고 깔끔하게 헤어지자.
내일 5시에 여의나루역에서 보자. 늦으면 버리고 간다!"
428,일반 대화,"주말에 시간 어때? 오랜만에 만나서 영화 볼까?
영화? 좋지! 개봉한 것 중에 재밌는 거 찾아봤어?
날씨 좋은데 집에만 있기 아깝잖아. 드라이브 갈래?
오 마블은 무조건 아이맥스지. 표 있는지 볼게.
완벽한 계획이다. 토요일 점심에 만나. 예약할게.
강릉 완전 좋다! 힐링 될 것 같아. 운전은 네가 해?
오케이 2시 예매 시도해볼게. 팝콘은 네가 사는 거다?
팝콘에 콜라 쏠게. 카라멜 어니언 반반 섞어서 먹자.
완벽해. 영화 보고 저녁 먹고 깔끔하게 헤어지자.
나도 완전 기대 중이야. 토요일에 예쁘게 입고 만나!"
429,일반 대화,"이번 주말에 뭐 할 계획이야? 날씨 엄청 좋대.
딱히 약속 없어. 집에서 넷플릭스나 보면서 쉴래.
에이 잠만 자면 아깝잖아. 나와서 바람이라도 쐬자.
성수동 좋지! 예쁜 카페도 많으니까 투어 좀 하자.
주말이라 자리 없을 것 같은데. 시간대는 언제가 좋아?
응 토요일 12시에 만나면 딱이겠다. 예약 성공해줘.
당연히 내가 해야지. 넌 옆에서 신나는 음악 틀어.
선곡은 나한테 맡겨. 벌써 여행 가는 기분이라 신나.
디저트 배 비워둬야겠다. 너무 기대돼서 잠 안 올 듯.
내일 5시에 여의나루역에서 보자. 늦으면 버리고 간다!"
430,일반 대화,"이번 주말에 뭐 할 계획이야? 날씨 엄청 좋대.
오 어디 맛집인데? 주말 내내 심심할 뻔 했거든.
마블 신작 나왔다던데 그거 평점 엄청 높더라고.
오 마블은 무조건 아이맥스지. 표 있는지 볼게.
한강 걷다가 치맥 어때? 선선해서 밖에서 먹기 딱이야.
나는 토요일 오후 2시가 좋아. 밥 먹고 보면 딱이지.
당연하지. 돗자리 펴고 라면부터 먹어주는 게 국룰.
팝콘에 콜라 쏠게. 카라멜 어니언 반반 섞어서 먹자.
디저트 배 비워둬야겠다. 너무 기대돼서 잠 안 올 듯.
알았어 지각 안 하고 기다릴게. 내일 아침에 늦지 마!"
431,일반 대화,"금요일이다! 주말에 맛집 갈래? 알아본 데 있어.
나도 약속 없어. 요새 피곤해서 늦잠이나 자려고.
날씨 좋은데 집에만 있기 아깝잖아. 드라이브 갈래?
드라이브 좋지! 바다 쪽으로 가면 가슴 뻥 뚫릴 듯.
한강 걷다가 치맥 어때? 선선해서 밖에서 먹기 딱이야.
나는 토요일 오후 2시가 좋아. 밥 먹고 보면 딱이지.
당연하지. 돗자리 펴고 라면부터 먹어주는 게 국룰.
군침 돈다. 돗자리는 내가 예쁜 걸로 챙길게 몸만 와.
내일 아침 9시에 픽업 갈 테니까 준비하고 바로 나와.
나도 완전 기대 중이야. 토요일에 예쁘게 입고 만나!"
432,일반 대화,"금요일이다! 주말에 맛집 갈래? 알아본 데 있어.
오 어디 맛집인데? 주말 내내 심심할 뻔 했거든.
에이 잠만 자면 아깝잖아. 나와서 바람이라도 쐬자.
바람 쐬는 것도 좋지. 한강공원이나 같이 걸을까?
한강 걷다가 치맥 어때? 선선해서 밖에서 먹기 딱이야.
강릉 완전 좋다! 힐링 될 것 같아. 운전은 네가 해?
당연히 내가 해야지. 넌 옆에서 신나는 음악 틀어.
팝콘에 콜라 쏠게. 카라멜 어니언 반반 섞어서 먹자.
내일 아침 9시에 픽업 갈 테니까 준비하고 바로 나와.
나도 완전 기대 중이야. 토요일에 예쁘게 입고 만나!"
433,일반 대화,"주말에 시간 어때? 오랜만에 만나서 영화 볼까?
오 어디 맛집인데? 주말 내내 심심할 뻔 했거든.
에이 잠만 자면 아깝잖아. 나와서 바람이라도 쐬자.
드라이브 좋지! 바다 쪽으로 가면 가슴 뻥 뚫릴 듯.
주말이라 자리 없을 것 같은데. 시간대는 언제가 좋아?
나는 토요일 오후 2시가 좋아. 밥 먹고 보면 딱이지.
당연히 내가 해야지. 넌 옆에서 신나는 음악 틀어.
선곡은 나한테 맡겨. 벌써 여행 가는 기분이라 신나.
내일 아침 9시에 픽업 갈 테니까 준비하고 바로 나와.
내일 5시에 여의나루역에서 보자. 늦으면 버리고 간다!"
434,일반 대화,"금요일이다! 주말에 맛집 갈래? 알아본 데 있어.
나도 약속 없어. 요새 피곤해서 늦잠이나 자려고.
날씨 좋은데 집에만 있기 아깝잖아. 드라이브 갈래?
성수동 좋지! 예쁜 카페도 많으니까 투어 좀 하자.
한강 걷다가 치맥 어때? 선선해서 밖에서 먹기 딱이야.
응 토요일 12시에 만나면 딱이겠다. 예약 성공해줘.
방금 예약 완료했어! 창가 자리라 뷰도 예쁠 거야.
팝콘에 콜라 쏠게. 카라멜 어니언 반반 섞어서 먹자.
좋아 맥주도 시원한 걸로 사갈게. 해 질 무렵에 보자.
맛집 리스트 뽑아갈게. 내일 조심히 시간 맞춰서 와!"
435,일반 대화,"주말에 시간 어때? 오랜만에 만나서 영화 볼까?
딱히 약속 없어. 집에서 넷플릭스나 보면서 쉴래.
날씨 좋은데 집에만 있기 아깝잖아. 드라이브 갈래?
드라이브 좋지! 바다 쪽으로 가면 가슴 뻥 뚫릴 듯.
완벽한 계획이다. 토요일 점심에 만나. 예약할게.
치맥 완전 찬성! 한강 라면도 같이 끓여 먹어야지.
오케이 2시 예매 시도해볼게. 팝콘은 네가 사는 거다?
진짜 고생했어! 내가 근처 디저트 카페 찾아놓을게.
디저트 배 비워둬야겠다. 너무 기대돼서 잠 안 올 듯.
나도 완전 기대 중이야. 토요일에 예쁘게 입고 만나!"
436,일반 대화,"이번 주말에 뭐 할 계획이야? 날씨 엄청 좋대.
영화? 좋지! 개봉한 것 중에 재밌는 거 찾아봤어?
성수동에 새로 생긴 핫플인데 분위기 대박이래.
드라이브 좋지! 바다 쪽으로 가면 가슴 뻥 뚫릴 듯.
주말이라 자리 없을 것 같은데. 시간대는 언제가 좋아?
응 토요일 12시에 만나면 딱이겠다. 예약 성공해줘.
당연히 내가 해야지. 넌 옆에서 신나는 음악 틀어.
선곡은 나한테 맡겨. 벌써 여행 가는 기분이라 신나.
디저트 배 비워둬야겠다. 너무 기대돼서 잠 안 올 듯.
맛집 리스트 뽑아갈게. 내일 조심히 시간 맞춰서 와!"
437,일반 대화,"이번 주말에 뭐 할 계획이야? 날씨 엄청 좋대.
나도 약속 없어. 요새 피곤해서 늦잠이나 자려고.
마블 신작 나왔다던데 그거 평점 엄청 높더라고.
바람 쐬는 것도 좋지. 한강공원이나 같이 걸을까?
완벽한 계획이다. 토요일 점심에 만나. 예약할게.
나는 토요일 오후 2시가 좋아. 밥 먹고 보면 딱이지.
당연히 내가 해야지. 넌 옆에서 신나는 음악 틀어.
군침 돈다. 돗자리는 내가 예쁜 걸로 챙길게 몸만 와.
완벽해. 영화 보고 저녁 먹고 깔끔하게 헤어지자.
나도 완전 기대 중이야. 토요일에 예쁘게 입고 만나!"
438,일반 대화,"이번 주 드디어 쉰다. 특별한 약속 잡힌 거 있어?
딱히 약속 없어. 집에서 넷플릭스나 보면서 쉴래.
성수동에 새로 생긴 핫플인데 분위기 대박이래.
성수동 좋지! 예쁜 카페도 많으니까 투어 좀 하자.
속초나 강릉 어때? 맛있는 회 먹고 바다 구경하자.
치맥 완전 찬성! 한강 라면도 같이 끓여 먹어야지.
당연하지. 돗자리 펴고 라면부터 먹어주는 게 국룰.
선곡은 나한테 맡겨. 벌써 여행 가는 기분이라 신나.
완벽해. 영화 보고 저녁 먹고 깔끔하게 헤어지자.
알았어 지각 안 하고 기다릴게. 내일 아침에 늦지 마!"
439,일반 대화,"이번 주말에 뭐 할 계획이야? 날씨 엄청 좋대.
나도 약속 없어. 요새 피곤해서 늦잠이나 자려고.
에이 잠만 자면 아깝잖아. 나와서 바람이라도 쐬자.
오 마블은 무조건 아이맥스지. 표 있는지 볼게.
한강 걷다가 치맥 어때? 선선해서 밖에서 먹기 딱이야.
나는 토요일 오후 2시가 좋아. 밥 먹고 보면 딱이지.
오케이 2시 예매 시도해볼게. 팝콘은 네가 사는 거다?
진짜 고생했어! 내가 근처 디저트 카페 찾아놓을게.
좋아 맥주도 시원한 걸로 사갈게. 해 질 무렵에 보자.
나도 완전 기대 중이야. 토요일에 예쁘게 입고 만나!"
440,일반 대화,"이번 주말에 뭐 할 계획이야? 날씨 엄청 좋대.
나도 약속 없어. 요새 피곤해서 늦잠이나 자려고.
에이 잠만 자면 아깝잖아. 나와서 바람이라도 쐬자.
성수동 좋지! 예쁜 카페도 많으니까 투어 좀 하자.
주말이라 자리 없을 것 같은데. 시간대는 언제가 좋아?
응 토요일 12시에 만나면 딱이겠다. 예약 성공해줘.
당연히 내가 해야지. 넌 옆에서 신나는 음악 틀어.
진짜 고생했어! 내가 근처 디저트 카페 찾아놓을게.
내일 아침 9시에 픽업 갈 테니까 준비하고 바로 나와.
맛집 리스트 뽑아갈게. 내일 조심히 시간 맞춰서 와!"
441,일반 대화,"이번 주말에 뭐 할 계획이야? 날씨 엄청 좋대.
오 어디 맛집인데? 주말 내내 심심할 뻔 했거든.
성수동에 새로 생긴 핫플인데 분위기 대박이래.
성수동 좋지! 예쁜 카페도 많으니까 투어 좀 하자.
완벽한 계획이다. 토요일 점심에 만나. 예약할게.
나는 토요일 오후 2시가 좋아. 밥 먹고 보면 딱이지.
당연하지. 돗자리 펴고 라면부터 먹어주는 게 국룰.
선곡은 나한테 맡겨. 벌써 여행 가는 기분이라 신나.
완벽해. 영화 보고 저녁 먹고 깔끔하게 헤어지자.
알았어 지각 안 하고 기다릴게. 내일 아침에 늦지 마!"
442,일반 대화,"이번 주 드디어 쉰다. 특별한 약속 잡힌 거 있어?
오 어디 맛집인데? 주말 내내 심심할 뻔 했거든.
날씨 좋은데 집에만 있기 아깝잖아. 드라이브 갈래?
드라이브 좋지! 바다 쪽으로 가면 가슴 뻥 뚫릴 듯.
속초나 강릉 어때? 맛있는 회 먹고 바다 구경하자.
응 토요일 12시에 만나면 딱이겠다. 예약 성공해줘.
당연하지. 돗자리 펴고 라면부터 먹어주는 게 국룰.
팝콘에 콜라 쏠게. 카라멜 어니언 반반 섞어서 먹자.
좋아 맥주도 시원한 걸로 사갈게. 해 질 무렵에 보자.
맛집 리스트 뽑아갈게. 내일 조심히 시간 맞춰서 와!"
443,일반 대화,"이번 주말에 뭐 할 계획이야? 날씨 엄청 좋대.
딱히 약속 없어. 집에서 넷플릭스나 보면서 쉴래.
마블 신작 나왔다던데 그거 평점 엄청 높더라고.
오 마블은 무조건 아이맥스지. 표 있는지 볼게.
완벽한 계획이다. 토요일 점심에 만나. 예약할게.
나는 토요일 오후 2시가 좋아. 밥 먹고 보면 딱이지.
당연히 내가 해야지. 넌 옆에서 신나는 음악 틀어.
선곡은 나한테 맡겨. 벌써 여행 가는 기분이라 신나.
디저트 배 비워둬야겠다. 너무 기대돼서 잠 안 올 듯.
맛집 리스트 뽑아갈게. 내일 조심히 시간 맞춰서 와!"
444,일반 대화,"이번 주 드디어 쉰다. 특별한 약속 잡힌 거 있어?
나도 약속 없어. 요새 피곤해서 늦잠이나 자려고.
마블 신작 나왔다던데 그거 평점 엄청 높더라고.
성수동 좋지! 예쁜 카페도 많으니까 투어 좀 하자.
한강 걷다가 치맥 어때? 선선해서 밖에서 먹기 딱이야.
나는 토요일 오후 2시가 좋아. 밥 먹고 보면 딱이지.
방금 예약 완료했어! 창가 자리라 뷰도 예쁠 거야.
선곡은 나한테 맡겨. 벌써 여행 가는 기분이라 신나.
디저트 배 비워둬야겠다. 너무 기대돼서 잠 안 올 듯.
맛집 리스트 뽑아갈게. 내일 조심히 시간 맞춰서 와!"
445,일반 대화,"이번 주 드디어 쉰다. 특별한 약속 잡힌 거 있어?
영화? 좋지! 개봉한 것 중에 재밌는 거 찾아봤어?
날씨 좋은데 집에만 있기 아깝잖아. 드라이브 갈래?
오 마블은 무조건 아이맥스지. 표 있는지 볼게.
주말이라 자리 없을 것 같은데. 시간대는 언제가 좋아?
나는 토요일 오후 2시가 좋아. 밥 먹고 보면 딱이지.
오케이 2시 예매 시도해볼게. 팝콘은 네가 사는 거다?
팝콘에 콜라 쏠게. 카라멜 어니언 반반 섞어서 먹자.
디저트 배 비워둬야겠다. 너무 기대돼서 잠 안 올 듯.
맛집 리스트 뽑아갈게. 내일 조심히 시간 맞춰서 와!"
446,일반 대화,"금요일이다! 주말에 맛집 갈래? 알아본 데 있어.
나도 약속 없어. 요새 피곤해서 늦잠이나 자려고.
마블 신작 나왔다던데 그거 평점 엄청 높더라고.
드라이브 좋지! 바다 쪽으로 가면 가슴 뻥 뚫릴 듯.
완벽한 계획이다. 토요일 점심에 만나. 예약할게.
강릉 완전 좋다! 힐링 될 것 같아. 운전은 네가 해?
당연히 내가 해야지. 넌 옆에서 신나는 음악 틀어.
진짜 고생했어! 내가 근처 디저트 카페 찾아놓을게.
좋아 맥주도 시원한 걸로 사갈게. 해 질 무렵에 보자.
알았어 지각 안 하고 기다릴게. 내일 아침에 늦지 마!"
447,일반 대화,"금요일이다! 주말에 맛집 갈래? 알아본 데 있어.
오 어디 맛집인데? 주말 내내 심심할 뻔 했거든.
성수동에 새로 생긴 핫플인데 분위기 대박이래.
드라이브 좋지! 바다 쪽으로 가면 가슴 뻥 뚫릴 듯.
주말이라 자리 없을 것 같은데. 시간대는 언제가 좋아?
강릉 완전 좋다! 힐링 될 것 같아. 운전은 네가 해?
당연하지. 돗자리 펴고 라면부터 먹어주는 게 국룰.
선곡은 나한테 맡겨. 벌써 여행 가는 기분이라 신나.
완벽해. 영화 보고 저녁 먹고 깔끔하게 헤어지자.
알았어 지각 안 하고 기다릴게. 내일 아침에 늦지 마!"
448,일반 대화,"이번 주말에 뭐 할 계획이야? 날씨 엄청 좋대.
오 어디 맛집인데? 주말 내내 심심할 뻔 했거든.
에이 잠만 자면 아깝잖아. 나와서 바람이라도 쐬자.
드라이브 좋지! 바다 쪽으로 가면 가슴 뻥 뚫릴 듯.
주말이라 자리 없을 것 같은데. 시간대는 언제가 좋아?
응 토요일 12시에 만나면 딱이겠다. 예약 성공해줘.
방금 예약 완료했어! 창가 자리라 뷰도 예쁠 거야.
선곡은 나한테 맡겨. 벌써 여행 가는 기분이라 신나.
완벽해. 영화 보고 저녁 먹고 깔끔하게 헤어지자.
알았어 지각 안 하고 기다릴게. 내일 아침에 늦지 마!"
449,일반 대화,"이번 주말에 뭐 할 계획이야? 날씨 엄청 좋대.
오 어디 맛집인데? 주말 내내 심심할 뻔 했거든.
마블 신작 나왔다던데 그거 평점 엄청 높더라고.
드라이브 좋지! 바다 쪽으로 가면 가슴 뻥 뚫릴 듯.
주말이라 자리 없을 것 같은데. 시간대는 언제가 좋아?
나는 토요일 오후 2시가 좋아. 밥 먹고 보면 딱이지.
당연하지. 돗자리 펴고 라면부터 먹어주는 게 국룰.
선곡은 나한테 맡겨. 벌써 여행 가는 기분이라 신나.
디저트 배 비워둬야겠다. 너무 기대돼서 잠 안 올 듯.
맛집 리스트 뽑아갈게. 내일 조심히 시간 맞춰서 와!"
450,일반 대화,"주말에 시간 어때? 오랜만에 만나서 영화 볼까?
영화? 좋지! 개봉한 것 중에 재밌는 거 찾아봤어?
마블 신작 나왔다던데 그거 평점 엄청 높더라고.
드라이브 좋지! 바다 쪽으로 가면 가슴 뻥 뚫릴 듯.
주말이라 자리 없을 것 같은데. 시간대는 언제가 좋아?
치맥 완전 찬성! 한강 라면도 같이 끓여 먹어야지.
당연하지. 돗자리 펴고 라면부터 먹어주는 게 국룰.
진짜 고생했어! 내가 근처 디저트 카페 찾아놓을게.
디저트 배 비워둬야겠다. 너무 기대돼서 잠 안 올 듯.
내일 5시에 여의나루역에서 보자. 늦으면 버리고 간다!"
451,일반 대화,"이번 주 드디어 쉰다. 특별한 약속 잡힌 거 있어?
오 어디 맛집인데? 주말 내내 심심할 뻔 했거든.
마블 신작 나왔다던데 그거 평점 엄청 높더라고.
바람 쐬는 것도 좋지. 한강공원이나 같이 걸을까?
완벽한 계획이다. 토요일 점심에 만나. 예약할게.
나는 토요일 오후 2시가 좋아. 밥 먹고 보면 딱이지.
당연하지. 돗자리 펴고 라면부터 먹어주는 게 국룰.
군침 돈다. 돗자리는 내가 예쁜 걸로 챙길게 몸만 와.
내일 아침 9시에 픽업 갈 테니까 준비하고 바로 나와.
알았어 지각 안 하고 기다릴게. 내일 아침에 늦지 마!"
452,일반 대화,"주말에 시간 어때? 오랜만에 만나서 영화 볼까?
영화? 좋지! 개봉한 것 중에 재밌는 거 찾아봤어?
에이 잠만 자면 아깝잖아. 나와서 바람이라도 쐬자.
바람 쐬는 것도 좋지. 한강공원이나 같이 걸을까?
주말이라 자리 없을 것 같은데. 시간대는 언제가 좋아?
나는 토요일 오후 2시가 좋아. 밥 먹고 보면 딱이지.
오케이 2시 예매 시도해볼게. 팝콘은 네가 사는 거다?
군침 돈다. 돗자리는 내가 예쁜 걸로 챙길게 몸만 와.
디저트 배 비워둬야겠다. 너무 기대돼서 잠 안 올 듯.
내일 5시에 여의나루역에서 보자. 늦으면 버리고 간다!"
453,일반 대화,"금요일이다! 주말에 맛집 갈래? 알아본 데 있어.
딱히 약속 없어. 집에서 넷플릭스나 보면서 쉴래.
마블 신작 나왔다던데 그거 평점 엄청 높더라고.
성수동 좋지! 예쁜 카페도 많으니까 투어 좀 하자.
속초나 강릉 어때? 맛있는 회 먹고 바다 구경하자.
치맥 완전 찬성! 한강 라면도 같이 끓여 먹어야지.
당연하지. 돗자리 펴고 라면부터 먹어주는 게 국룰.
진짜 고생했어! 내가 근처 디저트 카페 찾아놓을게.
내일 아침 9시에 픽업 갈 테니까 준비하고 바로 나와.
나도 완전 기대 중이야. 토요일에 예쁘게 입고 만나!"
454,일반 대화,"주말에 시간 어때? 오랜만에 만나서 영화 볼까?
영화? 좋지! 개봉한 것 중에 재밌는 거 찾아봤어?
마블 신작 나왔다던데 그거 평점 엄청 높더라고.
바람 쐬는 것도 좋지. 한강공원이나 같이 걸을까?
완벽한 계획이다. 토요일 점심에 만나. 예약할게.
응 토요일 12시에 만나면 딱이겠다. 예약 성공해줘.
당연하지. 돗자리 펴고 라면부터 먹어주는 게 국룰.
팝콘에 콜라 쏠게. 카라멜 어니언 반반 섞어서 먹자.
좋아 맥주도 시원한 걸로 사갈게. 해 질 무렵에 보자.
맛집 리스트 뽑아갈게. 내일 조심히 시간 맞춰서 와!"
455,일반 대화,"금요일이다! 주말에 맛집 갈래? 알아본 데 있어.
오 어디 맛집인데? 주말 내내 심심할 뻔 했거든.
마블 신작 나왔다던데 그거 평점 엄청 높더라고.
바람 쐬는 것도 좋지. 한강공원이나 같이 걸을까?
주말이라 자리 없을 것 같은데. 시간대는 언제가 좋아?
치맥 완전 찬성! 한강 라면도 같이 끓여 먹어야지.
방금 예약 완료했어! 창가 자리라 뷰도 예쁠 거야.
진짜 고생했어! 내가 근처 디저트 카페 찾아놓을게.
완벽해. 영화 보고 저녁 먹고 깔끔하게 헤어지자.
나도 완전 기대 중이야. 토요일에 예쁘게 입고 만나!"
456,일반 대화,"주말에 시간 어때? 오랜만에 만나서 영화 볼까?
나도 약속 없어. 요새 피곤해서 늦잠이나 자려고.
에이 잠만 자면 아깝잖아. 나와서 바람이라도 쐬자.
드라이브 좋지! 바다 쪽으로 가면 가슴 뻥 뚫릴 듯.
속초나 강릉 어때? 맛있는 회 먹고 바다 구경하자.
강릉 완전 좋다! 힐링 될 것 같아. 운전은 네가 해?
방금 예약 완료했어! 창가 자리라 뷰도 예쁠 거야.
선곡은 나한테 맡겨. 벌써 여행 가는 기분이라 신나.
디저트 배 비워둬야겠다. 너무 기대돼서 잠 안 올 듯.
나도 완전 기대 중이야. 토요일에 예쁘게 입고 만나!"
457,일반 대화,"이번 주말에 뭐 할 계획이야? 날씨 엄청 좋대.
나도 약속 없어. 요새 피곤해서 늦잠이나 자려고.
에이 잠만 자면 아깝잖아. 나와서 바람이라도 쐬자.
드라이브 좋지! 바다 쪽으로 가면 가슴 뻥 뚫릴 듯.
완벽한 계획이다. 토요일 점심에 만나. 예약할게.
응 토요일 12시에 만나면 딱이겠다. 예약 성공해줘.
방금 예약 완료했어! 창가 자리라 뷰도 예쁠 거야.
선곡은 나한테 맡겨. 벌써 여행 가는 기분이라 신나.
좋아 맥주도 시원한 걸로 사갈게. 해 질 무렵에 보자.
맛집 리스트 뽑아갈게. 내일 조심히 시간 맞춰서 와!"
458,일반 대화,"금요일이다! 주말에 맛집 갈래? 알아본 데 있어.
나도 약속 없어. 요새 피곤해서 늦잠이나 자려고.
에이 잠만 자면 아깝잖아. 나와서 바람이라도 쐬자.
성수동 좋지! 예쁜 카페도 많으니까 투어 좀 하자.
주말이라 자리 없을 것 같은데. 시간대는 언제가 좋아?
응 토요일 12시에 만나면 딱이겠다. 예약 성공해줘.
당연하지. 돗자리 펴고 라면부터 먹어주는 게 국룰.
선곡은 나한테 맡겨. 벌써 여행 가는 기분이라 신나.
좋아 맥주도 시원한 걸로 사갈게. 해 질 무렵에 보자.
내일 5시에 여의나루역에서 보자. 늦으면 버리고 간다!"
459,일반 대화,"금요일이다! 주말에 맛집 갈래? 알아본 데 있어.
영화? 좋지! 개봉한 것 중에 재밌는 거 찾아봤어?
에이 잠만 자면 아깝잖아. 나와서 바람이라도 쐬자.
성수동 좋지! 예쁜 카페도 많으니까 투어 좀 하자.
한강 걷다가 치맥 어때? 선선해서 밖에서 먹기 딱이야.
나는 토요일 오후 2시가 좋아. 밥 먹고 보면 딱이지.
당연히 내가 해야지. 넌 옆에서 신나는 음악 틀어.
선곡은 나한테 맡겨. 벌써 여행 가는 기분이라 신나.
좋아 맥주도 시원한 걸로 사갈게. 해 질 무렵에 보자.
나도 완전 기대 중이야. 토요일에 예쁘게 입고 만나!"
460,일반 대화,"이번 주 드디어 쉰다. 특별한 약속 잡힌 거 있어?
영화? 좋지! 개봉한 것 중에 재밌는 거 찾아봤어?
성수동에 새로 생긴 핫플인데 분위기 대박이래.
드라이브 좋지! 바다 쪽으로 가면 가슴 뻥 뚫릴 듯.
한강 걷다가 치맥 어때? 선선해서 밖에서 먹기 딱이야.
치맥 완전 찬성! 한강 라면도 같이 끓여 먹어야지.
당연히 내가 해야지. 넌 옆에서 신나는 음악 틀어.
팝콘에 콜라 쏠게. 카라멜 어니언 반반 섞어서 먹자.
완벽해. 영화 보고 저녁 먹고 깔끔하게 헤어지자.
맛집 리스트 뽑아갈게. 내일 조심히 시간 맞춰서 와!"
461,일반 대화,"이번 주말에 뭐 할 계획이야? 날씨 엄청 좋대.
영화? 좋지! 개봉한 것 중에 재밌는 거 찾아봤어?
날씨 좋은데 집에만 있기 아깝잖아. 드라이브 갈래?
오 마블은 무조건 아이맥스지. 표 있는지 볼게.
한강 걷다가 치맥 어때? 선선해서 밖에서 먹기 딱이야.
치맥 완전 찬성! 한강 라면도 같이 끓여 먹어야지.
방금 예약 완료했어! 창가 자리라 뷰도 예쁠 거야.
선곡은 나한테 맡겨. 벌써 여행 가는 기분이라 신나.
내일 아침 9시에 픽업 갈 테니까 준비하고 바로 나와.
맛집 리스트 뽑아갈게. 내일 조심히 시간 맞춰서 와!"
462,일반 대화,"이번 주말에 뭐 할 계획이야? 날씨 엄청 좋대.
오 어디 맛집인데? 주말 내내 심심할 뻔 했거든.
성수동에 새로 생긴 핫플인데 분위기 대박이래.
성수동 좋지! 예쁜 카페도 많으니까 투어 좀 하자.
속초나 강릉 어때? 맛있는 회 먹고 바다 구경하자.
나는 토요일 오후 2시가 좋아. 밥 먹고 보면 딱이지.
당연히 내가 해야지. 넌 옆에서 신나는 음악 틀어.
팝콘에 콜라 쏠게. 카라멜 어니언 반반 섞어서 먹자.
완벽해. 영화 보고 저녁 먹고 깔끔하게 헤어지자.
내일 5시에 여의나루역에서 보자. 늦으면 버리고 간다!"
463,일반 대화,"금요일이다! 주말에 맛집 갈래? 알아본 데 있어.
나도 약속 없어. 요새 피곤해서 늦잠이나 자려고.
에이 잠만 자면 아깝잖아. 나와서 바람이라도 쐬자.
성수동 좋지! 예쁜 카페도 많으니까 투어 좀 하자.
주말이라 자리 없을 것 같은데. 시간대는 언제가 좋아?
치맥 완전 찬성! 한강 라면도 같이 끓여 먹어야지.
방금 예약 완료했어! 창가 자리라 뷰도 예쁠 거야.
선곡은 나한테 맡겨. 벌써 여행 가는 기분이라 신나.
디저트 배 비워둬야겠다. 너무 기대돼서 잠 안 올 듯.
알았어 지각 안 하고 기다릴게. 내일 아침에 늦지 마!"
464,일반 대화,"이번 주말에 뭐 할 계획이야? 날씨 엄청 좋대.
딱히 약속 없어. 집에서 넷플릭스나 보면서 쉴래.
에이 잠만 자면 아깝잖아. 나와서 바람이라도 쐬자.
바람 쐬는 것도 좋지. 한강공원이나 같이 걸을까?
주말이라 자리 없을 것 같은데. 시간대는 언제가 좋아?
강릉 완전 좋다! 힐링 될 것 같아. 운전은 네가 해?
오케이 2시 예매 시도해볼게. 팝콘은 네가 사는 거다?
군침 돈다. 돗자리는 내가 예쁜 걸로 챙길게 몸만 와.
디저트 배 비워둬야겠다. 너무 기대돼서 잠 안 올 듯.
나도 완전 기대 중이야. 토요일에 예쁘게 입고 만나!"
465,일반 대화,"금요일이다! 주말에 맛집 갈래? 알아본 데 있어.
나도 약속 없어. 요새 피곤해서 늦잠이나 자려고.
에이 잠만 자면 아깝잖아. 나와서 바람이라도 쐬자.
바람 쐬는 것도 좋지. 한강공원이나 같이 걸을까?
속초나 강릉 어때? 맛있는 회 먹고 바다 구경하자.
응 토요일 12시에 만나면 딱이겠다. 예약 성공해줘.
방금 예약 완료했어! 창가 자리라 뷰도 예쁠 거야.
군침 돈다. 돗자리는 내가 예쁜 걸로 챙길게 몸만 와.
디저트 배 비워둬야겠다. 너무 기대돼서 잠 안 올 듯.
알았어 지각 안 하고 기다릴게. 내일 아침에 늦지 마!"
466,일반 대화,"이번 주말에 뭐 할 계획이야? 날씨 엄청 좋대.
영화? 좋지! 개봉한 것 중에 재밌는 거 찾아봤어?
날씨 좋은데 집에만 있기 아깝잖아. 드라이브 갈래?
드라이브 좋지! 바다 쪽으로 가면 가슴 뻥 뚫릴 듯.
속초나 강릉 어때? 맛있는 회 먹고 바다 구경하자.
치맥 완전 찬성! 한강 라면도 같이 끓여 먹어야지.
방금 예약 완료했어! 창가 자리라 뷰도 예쁠 거야.
선곡은 나한테 맡겨. 벌써 여행 가는 기분이라 신나.
좋아 맥주도 시원한 걸로 사갈게. 해 질 무렵에 보자.
내일 5시에 여의나루역에서 보자. 늦으면 버리고 간다!"
467,일반 대화,"주말에 시간 어때? 오랜만에 만나서 영화 볼까?
오 어디 맛집인데? 주말 내내 심심할 뻔 했거든.
날씨 좋은데 집에만 있기 아깝잖아. 드라이브 갈래?
드라이브 좋지! 바다 쪽으로 가면 가슴 뻥 뚫릴 듯.
주말이라 자리 없을 것 같은데. 시간대는 언제가 좋아?
나는 토요일 오후 2시가 좋아. 밥 먹고 보면 딱이지.
방금 예약 완료했어! 창가 자리라 뷰도 예쁠 거야.
군침 돈다. 돗자리는 내가 예쁜 걸로 챙길게 몸만 와.
좋아 맥주도 시원한 걸로 사갈게. 해 질 무렵에 보자.
내일 5시에 여의나루역에서 보자. 늦으면 버리고 간다!"
468,일반 대화,"이번 주 드디어 쉰다. 특별한 약속 잡힌 거 있어?
딱히 약속 없어. 집에서 넷플릭스나 보면서 쉴래.
마블 신작 나왔다던데 그거 평점 엄청 높더라고.
성수동 좋지! 예쁜 카페도 많으니까 투어 좀 하자.
속초나 강릉 어때? 맛있는 회 먹고 바다 구경하자.
치맥 완전 찬성! 한강 라면도 같이 끓여 먹어야지.
당연히 내가 해야지. 넌 옆에서 신나는 음악 틀어.
팝콘에 콜라 쏠게. 카라멜 어니언 반반 섞어서 먹자.
좋아 맥주도 시원한 걸로 사갈게. 해 질 무렵에 보자.
알았어 지각 안 하고 기다릴게. 내일 아침에 늦지 마!"
469,일반 대화,"주말에 시간 어때? 오랜만에 만나서 영화 볼까?
오 어디 맛집인데? 주말 내내 심심할 뻔 했거든.
날씨 좋은데 집에만 있기 아깝잖아. 드라이브 갈래?
바람 쐬는 것도 좋지. 한강공원이나 같이 걸을까?
완벽한 계획이다. 토요일 점심에 만나. 예약할게.
나는 토요일 오후 2시가 좋아. 밥 먹고 보면 딱이지.
오케이 2시 예매 시도해볼게. 팝콘은 네가 사는 거다?
선곡은 나한테 맡겨. 벌써 여행 가는 기분이라 신나.
내일 아침 9시에 픽업 갈 테니까 준비하고 바로 나와.
맛집 리스트 뽑아갈게. 내일 조심히 시간 맞춰서 와!"
470,일반 대화,"주말에 시간 어때? 오랜만에 만나서 영화 볼까?
딱히 약속 없어. 집에서 넷플릭스나 보면서 쉴래.
성수동에 새로 생긴 핫플인데 분위기 대박이래.
드라이브 좋지! 바다 쪽으로 가면 가슴 뻥 뚫릴 듯.
속초나 강릉 어때? 맛있는 회 먹고 바다 구경하자.
응 토요일 12시에 만나면 딱이겠다. 예약 성공해줘.
당연히 내가 해야지. 넌 옆에서 신나는 음악 틀어.
선곡은 나한테 맡겨. 벌써 여행 가는 기분이라 신나.
완벽해. 영화 보고 저녁 먹고 깔끔하게 헤어지자.
알았어 지각 안 하고 기다릴게. 내일 아침에 늦지 마!"
471,일반 대화,"이번 주말에 뭐 할 계획이야? 날씨 엄청 좋대.
영화? 좋지! 개봉한 것 중에 재밌는 거 찾아봤어?
날씨 좋은데 집에만 있기 아깝잖아. 드라이브 갈래?
오 마블은 무조건 아이맥스지. 표 있는지 볼게.
완벽한 계획이다. 토요일 점심에 만나. 예약할게.
강릉 완전 좋다! 힐링 될 것 같아. 운전은 네가 해?
당연히 내가 해야지. 넌 옆에서 신나는 음악 틀어.
군침 돈다. 돗자리는 내가 예쁜 걸로 챙길게 몸만 와.
내일 아침 9시에 픽업 갈 테니까 준비하고 바로 나와.
알았어 지각 안 하고 기다릴게. 내일 아침에 늦지 마!"
472,일반 대화,"금요일이다! 주말에 맛집 갈래? 알아본 데 있어.
오 어디 맛집인데? 주말 내내 심심할 뻔 했거든.
성수동에 새로 생긴 핫플인데 분위기 대박이래.
오 마블은 무조건 아이맥스지. 표 있는지 볼게.
속초나 강릉 어때? 맛있는 회 먹고 바다 구경하자.
나는 토요일 오후 2시가 좋아. 밥 먹고 보면 딱이지.
방금 예약 완료했어! 창가 자리라 뷰도 예쁠 거야.
팝콘에 콜라 쏠게. 카라멜 어니언 반반 섞어서 먹자.
좋아 맥주도 시원한 걸로 사갈게. 해 질 무렵에 보자.
알았어 지각 안 하고 기다릴게. 내일 아침에 늦지 마!"
473,일반 대화,"주말에 시간 어때? 오랜만에 만나서 영화 볼까?
오 어디 맛집인데? 주말 내내 심심할 뻔 했거든.
날씨 좋은데 집에만 있기 아깝잖아. 드라이브 갈래?
오 마블은 무조건 아이맥스지. 표 있는지 볼게.
속초나 강릉 어때? 맛있는 회 먹고 바다 구경하자.
응 토요일 12시에 만나면 딱이겠다. 예약 성공해줘.
당연하지. 돗자리 펴고 라면부터 먹어주는 게 국룰.
진짜 고생했어! 내가 근처 디저트 카페 찾아놓을게.
내일 아침 9시에 픽업 갈 테니까 준비하고 바로 나와.
나도 완전 기대 중이야. 토요일에 예쁘게 입고 만나!"
474,일반 대화,"이번 주말에 뭐 할 계획이야? 날씨 엄청 좋대.
오 어디 맛집인데? 주말 내내 심심할 뻔 했거든.
에이 잠만 자면 아깝잖아. 나와서 바람이라도 쐬자.
드라이브 좋지! 바다 쪽으로 가면 가슴 뻥 뚫릴 듯.
완벽한 계획이다. 토요일 점심에 만나. 예약할게.
치맥 완전 찬성! 한강 라면도 같이 끓여 먹어야지.
방금 예약 완료했어! 창가 자리라 뷰도 예쁠 거야.
선곡은 나한테 맡겨. 벌써 여행 가는 기분이라 신나.
디저트 배 비워둬야겠다. 너무 기대돼서 잠 안 올 듯.
알았어 지각 안 하고 기다릴게. 내일 아침에 늦지 마!"
475,일반 대화,"금요일이다! 주말에 맛집 갈래? 알아본 데 있어.
나도 약속 없어. 요새 피곤해서 늦잠이나 자려고.
날씨 좋은데 집에만 있기 아깝잖아. 드라이브 갈래?
바람 쐬는 것도 좋지. 한강공원이나 같이 걸을까?
속초나 강릉 어때? 맛있는 회 먹고 바다 구경하자.
나는 토요일 오후 2시가 좋아. 밥 먹고 보면 딱이지.
당연히 내가 해야지. 넌 옆에서 신나는 음악 틀어.
팝콘에 콜라 쏠게. 카라멜 어니언 반반 섞어서 먹자.
내일 아침 9시에 픽업 갈 테니까 준비하고 바로 나와.
맛집 리스트 뽑아갈게. 내일 조심히 시간 맞춰서 와!"
476,일반 대화,"주말에 시간 어때? 오랜만에 만나서 영화 볼까?
오 어디 맛집인데? 주말 내내 심심할 뻔 했거든.
날씨 좋은데 집에만 있기 아깝잖아. 드라이브 갈래?
오 마블은 무조건 아이맥스지. 표 있는지 볼게.
주말이라 자리 없을 것 같은데. 시간대는 언제가 좋아?
치맥 완전 찬성! 한강 라면도 같이 끓여 먹어야지.
당연히 내가 해야지. 넌 옆에서 신나는 음악 틀어.
군침 돈다. 돗자리는 내가 예쁜 걸로 챙길게 몸만 와.
좋아 맥주도 시원한 걸로 사갈게. 해 질 무렵에 보자.
나도 완전 기대 중이야. 토요일에 예쁘게 입고 만나!"
477,일반 대화,"주말에 시간 어때? 오랜만에 만나서 영화 볼까?
딱히 약속 없어. 집에서 넷플릭스나 보면서 쉴래.
성수동에 새로 생긴 핫플인데 분위기 대박이래.
드라이브 좋지! 바다 쪽으로 가면 가슴 뻥 뚫릴 듯.
완벽한 계획이다. 토요일 점심에 만나. 예약할게.
치맥 완전 찬성! 한강 라면도 같이 끓여 먹어야지.
방금 예약 완료했어! 창가 자리라 뷰도 예쁠 거야.
진짜 고생했어! 내가 근처 디저트 카페 찾아놓을게.
디저트 배 비워둬야겠다. 너무 기대돼서 잠 안 올 듯.
내일 5시에 여의나루역에서 보자. 늦으면 버리고 간다!"
478,일반 대화,"금요일이다! 주말에 맛집 갈래? 알아본 데 있어.
딱히 약속 없어. 집에서 넷플릭스나 보면서 쉴래.
마블 신작 나왔다던데 그거 평점 엄청 높더라고.
바람 쐬는 것도 좋지. 한강공원이나 같이 걸을까?
주말이라 자리 없을 것 같은데. 시간대는 언제가 좋아?
나는 토요일 오후 2시가 좋아. 밥 먹고 보면 딱이지.
당연히 내가 해야지. 넌 옆에서 신나는 음악 틀어.
군침 돈다. 돗자리는 내가 예쁜 걸로 챙길게 몸만 와.
좋아 맥주도 시원한 걸로 사갈게. 해 질 무렵에 보자.
내일 5시에 여의나루역에서 보자. 늦으면 버리고 간다!"
479,일반 대화,"주말에 시간 어때? 오랜만에 만나서 영화 볼까?
오 어디 맛집인데? 주말 내내 심심할 뻔 했거든.
에이 잠만 자면 아깝잖아. 나와서 바람이라도 쐬자.
오 마블은 무조건 아이맥스지. 표 있는지 볼게.
한강 걷다가 치맥 어때? 선선해서 밖에서 먹기 딱이야.
응 토요일 12시에 만나면 딱이겠다. 예약 성공해줘.
당연하지. 돗자리 펴고 라면부터 먹어주는 게 국룰.
군침 돈다. 돗자리는 내가 예쁜 걸로 챙길게 몸만 와.
내일 아침 9시에 픽업 갈 테니까 준비하고 바로 나와.
나도 완전 기대 중이야. 토요일에 예쁘게 입고 만나!"
480,일반 대화,"이번 주 드디어 쉰다. 특별한 약속 잡힌 거 있어?
딱히 약속 없어. 집에서 넷플릭스나 보면서 쉴래.
날씨 좋은데 집에만 있기 아깝잖아. 드라이브 갈래?
드라이브 좋지! 바다 쪽으로 가면 가슴 뻥 뚫릴 듯.
속초나 강릉 어때? 맛있는 회 먹고 바다 구경하자.
강릉 완전 좋다! 힐링 될 것 같아. 운전은 네가 해?
오케이 2시 예매 시도해볼게. 팝콘은 네가 사는 거다?
선곡은 나한테 맡겨. 벌써 여행 가는 기분이라 신나.
디저트 배 비워둬야겠다. 너무 기대돼서 잠 안 올 듯.
맛집 리스트 뽑아갈게. 내일 조심히 시간 맞춰서 와!"
481,일반 대화,"이번 주 드디어 쉰다. 특별한 약속 잡힌 거 있어?
오 어디 맛집인데? 주말 내내 심심할 뻔 했거든.
날씨 좋은데 집에만 있기 아깝잖아. 드라이브 갈래?
드라이브 좋지! 바다 쪽으로 가면 가슴 뻥 뚫릴 듯.
속초나 강릉 어때? 맛있는 회 먹고 바다 구경하자.
응 토요일 12시에 만나면 딱이겠다. 예약 성공해줘.
오케이 2시 예매 시도해볼게. 팝콘은 네가 사는 거다?
팝콘에 콜라 쏠게. 카라멜 어니언 반반 섞어서 먹자.
디저트 배 비워둬야겠다. 너무 기대돼서 잠 안 올 듯.
맛집 리스트 뽑아갈게. 내일 조심히 시간 맞춰서 와!"
482,일반 대화,"이번 주말에 뭐 할 계획이야? 날씨 엄청 좋대.
나도 약속 없어. 요새 피곤해서 늦잠이나 자려고.
마블 신작 나왔다던데 그거 평점 엄청 높더라고.
바람 쐬는 것도 좋지. 한강공원이나 같이 걸을까?
한강 걷다가 치맥 어때? 선선해서 밖에서 먹기 딱이야.
나는 토요일 오후 2시가 좋아. 밥 먹고 보면 딱이지.
당연하지. 돗자리 펴고 라면부터 먹어주는 게 국룰.
팝콘에 콜라 쏠게. 카라멜 어니언 반반 섞어서 먹자.
디저트 배 비워둬야겠다. 너무 기대돼서 잠 안 올 듯.
알았어 지각 안 하고 기다릴게. 내일 아침에 늦지 마!"
483,일반 대화,"이번 주 드디어 쉰다. 특별한 약속 잡힌 거 있어?
나도 약속 없어. 요새 피곤해서 늦잠이나 자려고.
날씨 좋은데 집에만 있기 아깝잖아. 드라이브 갈래?
바람 쐬는 것도 좋지. 한강공원이나 같이 걸을까?
속초나 강릉 어때? 맛있는 회 먹고 바다 구경하자.
치맥 완전 찬성! 한강 라면도 같이 끓여 먹어야지.
당연히 내가 해야지. 넌 옆에서 신나는 음악 틀어.
군침 돈다. 돗자리는 내가 예쁜 걸로 챙길게 몸만 와.
완벽해. 영화 보고 저녁 먹고 깔끔하게 헤어지자.
알았어 지각 안 하고 기다릴게. 내일 아침에 늦지 마!"
484,일반 대화,"금요일이다! 주말에 맛집 갈래? 알아본 데 있어.
딱히 약속 없어. 집에서 넷플릭스나 보면서 쉴래.
성수동에 새로 생긴 핫플인데 분위기 대박이래.
바람 쐬는 것도 좋지. 한강공원이나 같이 걸을까?
주말이라 자리 없을 것 같은데. 시간대는 언제가 좋아?
강릉 완전 좋다! 힐링 될 것 같아. 운전은 네가 해?
당연하지. 돗자리 펴고 라면부터 먹어주는 게 국룰.
선곡은 나한테 맡겨. 벌써 여행 가는 기분이라 신나.
완벽해. 영화 보고 저녁 먹고 깔끔하게 헤어지자.
알았어 지각 안 하고 기다릴게. 내일 아침에 늦지 마!"
485,일반 대화,"이번 주말에 뭐 할 계획이야? 날씨 엄청 좋대.
딱히 약속 없어. 집에서 넷플릭스나 보면서 쉴래.
성수동에 새로 생긴 핫플인데 분위기 대박이래.
바람 쐬는 것도 좋지. 한강공원이나 같이 걸을까?
속초나 강릉 어때? 맛있는 회 먹고 바다 구경하자.
응 토요일 12시에 만나면 딱이겠다. 예약 성공해줘.
방금 예약 완료했어! 창가 자리라 뷰도 예쁠 거야.
선곡은 나한테 맡겨. 벌써 여행 가는 기분이라 신나.
완벽해. 영화 보고 저녁 먹고 깔끔하게 헤어지자.
내일 5시에 여의나루역에서 보자. 늦으면 버리고 간다!"
486,일반 대화,"이번 주말에 뭐 할 계획이야? 날씨 엄청 좋대.
영화? 좋지! 개봉한 것 중에 재밌는 거 찾아봤어?
성수동에 새로 생긴 핫플인데 분위기 대박이래.
성수동 좋지! 예쁜 카페도 많으니까 투어 좀 하자.
속초나 강릉 어때? 맛있는 회 먹고 바다 구경하자.
치맥 완전 찬성! 한강 라면도 같이 끓여 먹어야지.
오케이 2시 예매 시도해볼게. 팝콘은 네가 사는 거다?
진짜 고생했어! 내가 근처 디저트 카페 찾아놓을게.
완벽해. 영화 보고 저녁 먹고 깔끔하게 헤어지자.
나도 완전 기대 중이야. 토요일에 예쁘게 입고 만나!"
487,일반 대화,"이번 주말에 뭐 할 계획이야? 날씨 엄청 좋대.
나도 약속 없어. 요새 피곤해서 늦잠이나 자려고.
날씨 좋은데 집에만 있기 아깝잖아. 드라이브 갈래?
바람 쐬는 것도 좋지. 한강공원이나 같이 걸을까?
주말이라 자리 없을 것 같은데. 시간대는 언제가 좋아?
강릉 완전 좋다! 힐링 될 것 같아. 운전은 네가 해?
방금 예약 완료했어! 창가 자리라 뷰도 예쁠 거야.
선곡은 나한테 맡겨. 벌써 여행 가는 기분이라 신나.
디저트 배 비워둬야겠다. 너무 기대돼서 잠 안 올 듯.
맛집 리스트 뽑아갈게. 내일 조심히 시간 맞춰서 와!"
488,일반 대화,"이번 주말에 뭐 할 계획이야? 날씨 엄청 좋대.
딱히 약속 없어. 집에서 넷플릭스나 보면서 쉴래.
에이 잠만 자면 아깝잖아. 나와서 바람이라도 쐬자.
성수동 좋지! 예쁜 카페도 많으니까 투어 좀 하자.
한강 걷다가 치맥 어때? 선선해서 밖에서 먹기 딱이야.
나는 토요일 오후 2시가 좋아. 밥 먹고 보면 딱이지.
당연히 내가 해야지. 넌 옆에서 신나는 음악 틀어.
진짜 고생했어! 내가 근처 디저트 카페 찾아놓을게.
내일 아침 9시에 픽업 갈 테니까 준비하고 바로 나와.
맛집 리스트 뽑아갈게. 내일 조심히 시간 맞춰서 와!"
489,일반 대화,"금요일이다! 주말에 맛집 갈래? 알아본 데 있어.
딱히 약속 없어. 집에서 넷플릭스나 보면서 쉴래.
날씨 좋은데 집에만 있기 아깝잖아. 드라이브 갈래?
오 마블은 무조건 아이맥스지. 표 있는지 볼게.
주말이라 자리 없을 것 같은데. 시간대는 언제가 좋아?
응 토요일 12시에 만나면 딱이겠다. 예약 성공해줘.
오케이 2시 예매 시도해볼게. 팝콘은 네가 사는 거다?
팝콘에 콜라 쏠게. 카라멜 어니언 반반 섞어서 먹자.
내일 아침 9시에 픽업 갈 테니까 준비하고 바로 나와.
맛집 리스트 뽑아갈게. 내일 조심히 시간 맞춰서 와!"
490,일반 대화,"주말에 시간 어때? 오랜만에 만나서 영화 볼까?
나도 약속 없어. 요새 피곤해서 늦잠이나 자려고.
에이 잠만 자면 아깝잖아. 나와서 바람이라도 쐬자.
오 마블은 무조건 아이맥스지. 표 있는지 볼게.
한강 걷다가 치맥 어때? 선선해서 밖에서 먹기 딱이야.
치맥 완전 찬성! 한강 라면도 같이 끓여 먹어야지.
오케이 2시 예매 시도해볼게. 팝콘은 네가 사는 거다?
팝콘에 콜라 쏠게. 카라멜 어니언 반반 섞어서 먹자.
내일 아침 9시에 픽업 갈 테니까 준비하고 바로 나와.
알았어 지각 안 하고 기다릴게. 내일 아침에 늦지 마!"
491,일반 대화,"이번 주말에 뭐 할 계획이야? 날씨 엄청 좋대.
나도 약속 없어. 요새 피곤해서 늦잠이나 자려고.
에이 잠만 자면 아깝잖아. 나와서 바람이라도 쐬자.
성수동 좋지! 예쁜 카페도 많으니까 투어 좀 하자.
주말이라 자리 없을 것 같은데. 시간대는 언제가 좋아?
치맥 완전 찬성! 한강 라면도 같이 끓여 먹어야지.
당연하지. 돗자리 펴고 라면부터 먹어주는 게 국룰.
군침 돈다. 돗자리는 내가 예쁜 걸로 챙길게 몸만 와.
완벽해. 영화 보고 저녁 먹고 깔끔하게 헤어지자.
내일 5시에 여의나루역에서 보자. 늦으면 버리고 간다!"
492,일반 대화,"이번 주말에 뭐 할 계획이야? 날씨 엄청 좋대.
오 어디 맛집인데? 주말 내내 심심할 뻔 했거든.
에이 잠만 자면 아깝잖아. 나와서 바람이라도 쐬자.
드라이브 좋지! 바다 쪽으로 가면 가슴 뻥 뚫릴 듯.
주말이라 자리 없을 것 같은데. 시간대는 언제가 좋아?
나는 토요일 오후 2시가 좋아. 밥 먹고 보면 딱이지.
당연하지. 돗자리 펴고 라면부터 먹어주는 게 국룰.
군침 돈다. 돗자리는 내가 예쁜 걸로 챙길게 몸만 와.
좋아 맥주도 시원한 걸로 사갈게. 해 질 무렵에 보자.
알았어 지각 안 하고 기다릴게. 내일 아침에 늦지 마!"
493,일반 대화,"금요일이다! 주말에 맛집 갈래? 알아본 데 있어.
영화? 좋지! 개봉한 것 중에 재밌는 거 찾아봤어?
날씨 좋은데 집에만 있기 아깝잖아. 드라이브 갈래?
드라이브 좋지! 바다 쪽으로 가면 가슴 뻥 뚫릴 듯.
완벽한 계획이다. 토요일 점심에 만나. 예약할게.
치맥 완전 찬성! 한강 라면도 같이 끓여 먹어야지.
당연히 내가 해야지. 넌 옆에서 신나는 음악 틀어.
선곡은 나한테 맡겨. 벌써 여행 가는 기분이라 신나.
좋아 맥주도 시원한 걸로 사갈게. 해 질 무렵에 보자.
맛집 리스트 뽑아갈게. 내일 조심히 시간 맞춰서 와!"
494,일반 대화,"이번 주말에 뭐 할 계획이야? 날씨 엄청 좋대.
영화? 좋지! 개봉한 것 중에 재밌는 거 찾아봤어?
성수동에 새로 생긴 핫플인데 분위기 대박이래.
드라이브 좋지! 바다 쪽으로 가면 가슴 뻥 뚫릴 듯.
주말이라 자리 없을 것 같은데. 시간대는 언제가 좋아?
치맥 완전 찬성! 한강 라면도 같이 끓여 먹어야지.
당연히 내가 해야지. 넌 옆에서 신나는 음악 틀어.
군침 돈다. 돗자리는 내가 예쁜 걸로 챙길게 몸만 와.
좋아 맥주도 시원한 걸로 사갈게. 해 질 무렵에 보자.
맛집 리스트 뽑아갈게. 내일 조심히 시간 맞춰서 와!"
495,일반 대화,"주말에 시간 어때? 오랜만에 만나서 영화 볼까?
나도 약속 없어. 요새 피곤해서 늦잠이나 자려고.
마블 신작 나왔다던데 그거 평점 엄청 높더라고.
바람 쐬는 것도 좋지. 한강공원이나 같이 걸을까?
주말이라 자리 없을 것 같은데. 시간대는 언제가 좋아?
나는 토요일 오후 2시가 좋아. 밥 먹고 보면 딱이지.
방금 예약 완료했어! 창가 자리라 뷰도 예쁠 거야.
진짜 고생했어! 내가 근처 디저트 카페 찾아놓을게.
내일 아침 9시에 픽업 갈 테니까 준비하고 바로 나와.
맛집 리스트 뽑아갈게. 내일 조심히 시간 맞춰서 와!"
496,일반 대화,"이번 주 드디어 쉰다. 특별한 약속 잡힌 거 있어?
나도 약속 없어. 요새 피곤해서 늦잠이나 자려고.
에이 잠만 자면 아깝잖아. 나와서 바람이라도 쐬자.
성수동 좋지! 예쁜 카페도 많으니까 투어 좀 하자.
속초나 강릉 어때? 맛있는 회 먹고 바다 구경하자.
응 토요일 12시에 만나면 딱이겠다. 예약 성공해줘.
당연하지. 돗자리 펴고 라면부터 먹어주는 게 국룰.
진짜 고생했어! 내가 근처 디저트 카페 찾아놓을게.
완벽해. 영화 보고 저녁 먹고 깔끔하게 헤어지자.
알았어 지각 안 하고 기다릴게. 내일 아침에 늦지 마!"
497,일반 대화,"금요일이다! 주말에 맛집 갈래? 알아본 데 있어.
오 어디 맛집인데? 주말 내내 심심할 뻔 했거든.
날씨 좋은데 집에만 있기 아깝잖아. 드라이브 갈래?
드라이브 좋지! 바다 쪽으로 가면 가슴 뻥 뚫릴 듯.
속초나 강릉 어때? 맛있는 회 먹고 바다 구경하자.
강릉 완전 좋다! 힐링 될 것 같아. 운전은 네가 해?
방금 예약 완료했어! 창가 자리라 뷰도 예쁠 거야.
군침 돈다. 돗자리는 내가 예쁜 걸로 챙길게 몸만 와.
완벽해. 영화 보고 저녁 먹고 깔끔하게 헤어지자.
맛집 리스트 뽑아갈게. 내일 조심히 시간 맞춰서 와!"
498,일반 대화,"이번 주말에 뭐 할 계획이야? 날씨 엄청 좋대.
오 어디 맛집인데? 주말 내내 심심할 뻔 했거든.
에이 잠만 자면 아깝잖아. 나와서 바람이라도 쐬자.
드라이브 좋지! 바다 쪽으로 가면 가슴 뻥 뚫릴 듯.
속초나 강릉 어때? 맛있는 회 먹고 바다 구경하자.
치맥 완전 찬성! 한강 라면도 같이 끓여 먹어야지.
방금 예약 완료했어! 창가 자리라 뷰도 예쁠 거야.
선곡은 나한테 맡겨. 벌써 여행 가는 기분이라 신나.
내일 아침 9시에 픽업 갈 테니까 준비하고 바로 나와.
나도 완전 기대 중이야. 토요일에 예쁘게 입고 만나!"
499,일반 대화,"이번 주말에 뭐 할 계획이야? 날씨 엄청 좋대.
딱히 약속 없어. 집에서 넷플릭스나 보면서 쉴래.
마블 신작 나왔다던데 그거 평점 엄청 높더라고.
오 마블은 무조건 아이맥스지. 표 있는지 볼게.
속초나 강릉 어때? 맛있는 회 먹고 바다 구경하자.
치맥 완전 찬성! 한강 라면도 같이 끓여 먹어야지.
당연하지. 돗자리 펴고 라면부터 먹어주는 게 국룰.
팝콘에 콜라 쏠게. 카라멜 어니언 반반 섞어서 먹자.
완벽해. 영화 보고 저녁 먹고 깔끔하게 헤어지자.
알았어 지각 안 하고 기다릴게. 내일 아침에 늦지 마!"
500,일반 대화,"이번 주 내내 야근이라니 체력 한계가 오는 것 같아.
주말에도 출근해야 할지도 모른다는데 완전 절망이야.
고마워 단 거 들어가면 좀 낫겠다. 달달한 거 먹으러 가.
수당 안 주면 노동부에 신고할 거야. 진짜 너무 화난다.
와 너 완전 천사다. 끝나면 내가 진짜 맛있는 저녁 쏜다.
다음 주 금요일이 마감이라던데 그때까지 무사히 버티자.
우리 오늘 저녁에 스트레스 풀게 치킨에 맥주나 한잔해?
연차 쓰고 해외여행 갈까? 특가 항공권 뜨는지 좀 봐야겠다.
여행 완전 추천! 나도 같이 가고 싶어. 빨리 마무리하자.
알았어 끝나고 내가 카톡 할게. 남은 업무 파이팅해!"
501,일반 대화,"이번 주 내내 야근이라니 체력 한계가 오는 것 같아.
나도 보면서 조마조마했어. 내가 맛있는 커피 사줄게.
휴게실 가서 커피 한 잔 할까? 뇌가 정지할 것 같아.
카페모카에 크림 잔뜩 올려서 마시자. 스트레스엔 단 거.
근데 이직하고 싶어도 이력서 쓸 시간이 없다는 게 함정.
주말에 쉬어야 뭘 준비를 하든가 하지. 악순환 반복이야.
로또 되면 사표 던지고 바로 세계 여행부터 떠날 거야.
연차 쓰고 해외여행 갈까? 특가 항공권 뜨는지 좀 봐야겠다.
오늘 하루만 고생하자. 맛있는 거 먹을 생각하며 버티자.
알았어 끝나고 내가 카톡 할게. 남은 업무 파이팅해!"
502,일반 대화,"팀장님 왜 저러셔? 아까 회의 때 기분 완전 상했잖아.
응 거의 다 했어. 마지막 오타 검수만 하면 끝날 거야.
고마워 단 거 들어가면 좀 낫겠다. 달달한 거 먹으러 가.
수당 안 주면 노동부에 신고할 거야. 진짜 너무 화난다.
근데 이직하고 싶어도 이력서 쓸 시간이 없다는 게 함정.
소고기 사주는 거다? ㅋㅋ 알았어 내 것부터 빨리 끝낼게.
우리 오늘 저녁에 스트레스 풀게 치킨에 맥주나 한잔해?
알았어 ㅋㅋ 일단 각자 집중하자. 5시쯤 다시 상황 볼게.
빨리 씻고 침대에 눕고 싶다. 남은 시간 조금만 파이팅하자.
너무 고마워. 저녁 소고기 먹을 생각하면서 진짜 힘낼게!"
503,일반 대화,"팀장님 왜 저러셔? 아까 회의 때 기분 완전 상했잖아.
응 거의 다 했어. 마지막 오타 검수만 하면 끝날 거야.
나는 아직 PPT 수정할 게 산더미야. 디자인 너무 어려워.
내가 빨리 끝내고 도와줄게 너무 걱정 마. 다 할 수 있어!
근데 이직하고 싶어도 이력서 쓸 시간이 없다는 게 함정.
주말에 쉬어야 뭘 준비를 하든가 하지. 악순환 반복이야.
당연하지 한우 투뿔로 쏠 테니까 나 좀 살려줘 야근 싫어.
상상만 해도 행복하다. 현실은 엑셀 파일이나 정리해야지.
빨리 씻고 침대에 눕고 싶다. 남은 시간 조금만 파이팅하자.
이따가 저녁 뭐 먹을지나 고민하면서 일하자. 수고해!"
504,일반 대화,"드디어 내일 프로젝트 마감이네. 네 파트 다 끝나가?
나도 그래. 하루 종일 모니터 봤더니 눈 빠질 것 같아.
고마워 단 거 들어가면 좀 낫겠다. 달달한 거 먹으러 가.
내가 빨리 끝내고 도와줄게 너무 걱정 마. 다 할 수 있어!
근데 이직하고 싶어도 이력서 쓸 시간이 없다는 게 함정.
누가 내 일 대신해줬으면. 로또 당첨은 대체 언제 될까?
당연하지 한우 투뿔로 쏠 테니까 나 좀 살려줘 야근 싫어.
알았어 ㅋㅋ 일단 각자 집중하자. 5시쯤 다시 상황 볼게.
빨리 씻고 침대에 눕고 싶다. 남은 시간 조금만 파이팅하자.
이따가 저녁 뭐 먹을지나 고민하면서 일하자. 수고해!"
505,일반 대화,"드디어 내일 프로젝트 마감이네. 네 파트 다 끝나가?
응 거의 다 했어. 마지막 오타 검수만 하면 끝날 거야.
나는 아직 PPT 수정할 게 산더미야. 디자인 너무 어려워.
수당 안 주면 노동부에 신고할 거야. 진짜 너무 화난다.
이번 프로젝트 진짜 언제 끝나냐. 끝이 안 보이는 느낌.
다음 주 금요일이 마감이라던데 그때까지 무사히 버티자.
버티는 자가 승리하는 거지. 끝나면 연차 쓰고 푹 쉴래.
알았어 ㅋㅋ 일단 각자 집중하자. 5시쯤 다시 상황 볼게.
여행 완전 추천! 나도 같이 가고 싶어. 빨리 마무리하자.
이따가 저녁 뭐 먹을지나 고민하면서 일하자. 수고해!"
506,일반 대화,"아 오늘 퇴사 마렵다. 일 너무 많아 미치겠네.
주말에도 출근해야 할지도 모른다는데 완전 절망이야.
나는 아직 PPT 수정할 게 산더미야. 디자인 너무 어려워.
내가 빨리 끝내고 도와줄게 너무 걱정 마. 다 할 수 있어!
이번 프로젝트 진짜 언제 끝나냐. 끝이 안 보이는 느낌.
소고기 사주는 거다? ㅋㅋ 알았어 내 것부터 빨리 끝낼게.
로또 되면 사표 던지고 바로 세계 여행부터 떠날 거야.
완전 콜. 야근 끝나고 근처 치킨집으로 바로 헤쳐 모이자.
오늘 하루만 고생하자. 맛있는 거 먹을 생각하며 버티자.
알았어 끝나고 내가 카톡 할게. 남은 업무 파이팅해!"
507,일반 대화,"팀장님 왜 저러셔? 아까 회의 때 기분 완전 상했잖아.
응 거의 다 했어. 마지막 오타 검수만 하면 끝날 거야.
주말 출근은 선 넘었지. 수당은 제대로 쳐주려나 몰라.
믹스커피 엄청 땡겼어. 아무도 안 보니까 빨리 다녀오자.
근데 이직하고 싶어도 이력서 쓸 시간이 없다는 게 함정.
소고기 사주는 거다? ㅋㅋ 알았어 내 것부터 빨리 끝낼게.
로또 되면 사표 던지고 바로 세계 여행부터 떠날 거야.
알았어 ㅋㅋ 일단 각자 집중하자. 5시쯤 다시 상황 볼게.
여행 완전 추천! 나도 같이 가고 싶어. 빨리 마무리하자.
이따가 저녁 뭐 먹을지나 고민하면서 일하자. 수고해!"
508,일반 대화,"아 오늘 퇴사 마렵다. 일 너무 많아 미치겠네.
주말에도 출근해야 할지도 모른다는데 완전 절망이야.
주말 출근은 선 넘었지. 수당은 제대로 쳐주려나 몰라.
수당 안 주면 노동부에 신고할 거야. 진짜 너무 화난다.
근데 이직하고 싶어도 이력서 쓸 시간이 없다는 게 함정.
누가 내 일 대신해줬으면. 로또 당첨은 대체 언제 될까?
로또 되면 사표 던지고 바로 세계 여행부터 떠날 거야.
상상만 해도 행복하다. 현실은 엑셀 파일이나 정리해야지.
여행 완전 추천! 나도 같이 가고 싶어. 빨리 마무리하자.
이따가 저녁 뭐 먹을지나 고민하면서 일하자. 수고해!"
509,일반 대화,"아 오늘 퇴사 마렵다. 일 너무 많아 미치겠네.
주말에도 출근해야 할지도 모른다는데 완전 절망이야.
나는 아직 PPT 수정할 게 산더미야. 디자인 너무 어려워.
믹스커피 엄청 땡겼어. 아무도 안 보니까 빨리 다녀오자.
이번 프로젝트 진짜 언제 끝나냐. 끝이 안 보이는 느낌.
소고기 사주는 거다? ㅋㅋ 알았어 내 것부터 빨리 끝낼게.
버티는 자가 승리하는 거지. 끝나면 연차 쓰고 푹 쉴래.
연차 쓰고 해외여행 갈까? 특가 항공권 뜨는지 좀 봐야겠다.
빨리 씻고 침대에 눕고 싶다. 남은 시간 조금만 파이팅하자.
너무 고마워. 저녁 소고기 먹을 생각하면서 진짜 힘낼게!"
510,일반 대화,"이번 주 내내 야근이라니 체력 한계가 오는 것 같아.
나도 그래. 하루 종일 모니터 봤더니 눈 빠질 것 같아.
주말 출근은 선 넘었지. 수당은 제대로 쳐주려나 몰라.
믹스커피 엄청 땡겼어. 아무도 안 보니까 빨리 다녀오자.
10분만 농땡이 치고 오자. 남은 업무량 보니까 답 없네.
다음 주 금요일이 마감이라던데 그때까지 무사히 버티자.
당연하지 한우 투뿔로 쏠 테니까 나 좀 살려줘 야근 싫어.
알았어 ㅋㅋ 일단 각자 집중하자. 5시쯤 다시 상황 볼게.
빨리 씻고 침대에 눕고 싶다. 남은 시간 조금만 파이팅하자.
조금만 더 힘내! 퇴근할 때 지하철역까지 같이 걸어가자."
511,일반 대화,"드디어 내일 프로젝트 마감이네. 네 파트 다 끝나가?
나도 보면서 조마조마했어. 내가 맛있는 커피 사줄게.
휴게실 가서 커피 한 잔 할까? 뇌가 정지할 것 같아.
카페모카에 크림 잔뜩 올려서 마시자. 스트레스엔 단 거.
와 너 완전 천사다. 끝나면 내가 진짜 맛있는 저녁 쏜다.
주말에 쉬어야 뭘 준비를 하든가 하지. 악순환 반복이야.
우리 오늘 저녁에 스트레스 풀게 치킨에 맥주나 한잔해?
완전 콜. 야근 끝나고 근처 치킨집으로 바로 헤쳐 모이자.
빨리 씻고 침대에 눕고 싶다. 남은 시간 조금만 파이팅하자.
조금만 더 힘내! 퇴근할 때 지하철역까지 같이 걸어가자."
512,일반 대화,"이번 주 내내 야근이라니 체력 한계가 오는 것 같아.
나도 보면서 조마조마했어. 내가 맛있는 커피 사줄게.
고마워 단 거 들어가면 좀 낫겠다. 달달한 거 먹으러 가.
카페모카에 크림 잔뜩 올려서 마시자. 스트레스엔 단 거.
근데 이직하고 싶어도 이력서 쓸 시간이 없다는 게 함정.
소고기 사주는 거다? ㅋㅋ 알았어 내 것부터 빨리 끝낼게.
당연하지 한우 투뿔로 쏠 테니까 나 좀 살려줘 야근 싫어.
완전 콜. 야근 끝나고 근처 치킨집으로 바로 헤쳐 모이자.
응 파이팅! 막히는 거 있으면 혼자 고민 말고 바로 물어봐.
조금만 더 힘내! 퇴근할 때 지하철역까지 같이 걸어가자."
513,일반 대화,"이번 주 내내 야근이라니 체력 한계가 오는 것 같아.
나도 보면서 조마조마했어. 내가 맛있는 커피 사줄게.
휴게실 가서 커피 한 잔 할까? 뇌가 정지할 것 같아.
믹스커피 엄청 땡겼어. 아무도 안 보니까 빨리 다녀오자.
이번 프로젝트 진짜 언제 끝나냐. 끝이 안 보이는 느낌.
누가 내 일 대신해줬으면. 로또 당첨은 대체 언제 될까?
우리 오늘 저녁에 스트레스 풀게 치킨에 맥주나 한잔해?
상상만 해도 행복하다. 현실은 엑셀 파일이나 정리해야지.
여행 완전 추천! 나도 같이 가고 싶어. 빨리 마무리하자.
너무 고마워. 저녁 소고기 먹을 생각하면서 진짜 힘낼게!"
514,일반 대화,"아 오늘 퇴사 마렵다. 일 너무 많아 미치겠네.
응 거의 다 했어. 마지막 오타 검수만 하면 끝날 거야.
고마워 단 거 들어가면 좀 낫겠다. 달달한 거 먹으러 가.
믹스커피 엄청 땡겼어. 아무도 안 보니까 빨리 다녀오자.
근데 이직하고 싶어도 이력서 쓸 시간이 없다는 게 함정.
소고기 사주는 거다? ㅋㅋ 알았어 내 것부터 빨리 끝낼게.
버티는 자가 승리하는 거지. 끝나면 연차 쓰고 푹 쉴래.
알았어 ㅋㅋ 일단 각자 집중하자. 5시쯤 다시 상황 볼게.
오늘 하루만 고생하자. 맛있는 거 먹을 생각하며 버티자.
알았어 끝나고 내가 카톡 할게. 남은 업무 파이팅해!"
515,일반 대화,"팀장님 왜 저러셔? 아까 회의 때 기분 완전 상했잖아.
나도 그래. 하루 종일 모니터 봤더니 눈 빠질 것 같아.
고마워 단 거 들어가면 좀 낫겠다. 달달한 거 먹으러 가.
믹스커피 엄청 땡겼어. 아무도 안 보니까 빨리 다녀오자.
10분만 농땡이 치고 오자. 남은 업무량 보니까 답 없네.
다음 주 금요일이 마감이라던데 그때까지 무사히 버티자.
버티는 자가 승리하는 거지. 끝나면 연차 쓰고 푹 쉴래.
연차 쓰고 해외여행 갈까? 특가 항공권 뜨는지 좀 봐야겠다.
여행 완전 추천! 나도 같이 가고 싶어. 빨리 마무리하자.
이따가 저녁 뭐 먹을지나 고민하면서 일하자. 수고해!"
516,일반 대화,"팀장님 왜 저러셔? 아까 회의 때 기분 완전 상했잖아.
응 거의 다 했어. 마지막 오타 검수만 하면 끝날 거야.
휴게실 가서 커피 한 잔 할까? 뇌가 정지할 것 같아.
카페모카에 크림 잔뜩 올려서 마시자. 스트레스엔 단 거.
근데 이직하고 싶어도 이력서 쓸 시간이 없다는 게 함정.
누가 내 일 대신해줬으면. 로또 당첨은 대체 언제 될까?
당연하지 한우 투뿔로 쏠 테니까 나 좀 살려줘 야근 싫어.
완전 콜. 야근 끝나고 근처 치킨집으로 바로 헤쳐 모이자.
빨리 씻고 침대에 눕고 싶다. 남은 시간 조금만 파이팅하자.
이따가 저녁 뭐 먹을지나 고민하면서 일하자. 수고해!"
517,일반 대화,"팀장님 왜 저러셔? 아까 회의 때 기분 완전 상했잖아.
나도 그래. 하루 종일 모니터 봤더니 눈 빠질 것 같아.
고마워 단 거 들어가면 좀 낫겠다. 달달한 거 먹으러 가.
믹스커피 엄청 땡겼어. 아무도 안 보니까 빨리 다녀오자.
10분만 농땡이 치고 오자. 남은 업무량 보니까 답 없네.
소고기 사주는 거다? ㅋㅋ 알았어 내 것부터 빨리 끝낼게.
로또 되면 사표 던지고 바로 세계 여행부터 떠날 거야.
연차 쓰고 해외여행 갈까? 특가 항공권 뜨는지 좀 봐야겠다.
빨리 씻고 침대에 눕고 싶다. 남은 시간 조금만 파이팅하자.
조금만 더 힘내! 퇴근할 때 지하철역까지 같이 걸어가자."
518,일반 대화,"팀장님 왜 저러셔? 아까 회의 때 기분 완전 상했잖아.
나도 보면서 조마조마했어. 내가 맛있는 커피 사줄게.
고마워 단 거 들어가면 좀 낫겠다. 달달한 거 먹으러 가.
내가 빨리 끝내고 도와줄게 너무 걱정 마. 다 할 수 있어!
이번 프로젝트 진짜 언제 끝나냐. 끝이 안 보이는 느낌.
누가 내 일 대신해줬으면. 로또 당첨은 대체 언제 될까?
우리 오늘 저녁에 스트레스 풀게 치킨에 맥주나 한잔해?
완전 콜. 야근 끝나고 근처 치킨집으로 바로 헤쳐 모이자.
여행 완전 추천! 나도 같이 가고 싶어. 빨리 마무리하자.
이따가 저녁 뭐 먹을지나 고민하면서 일하자. 수고해!"
519,일반 대화,"아 오늘 퇴사 마렵다. 일 너무 많아 미치겠네.
나도 그래. 하루 종일 모니터 봤더니 눈 빠질 것 같아.
주말 출근은 선 넘었지. 수당은 제대로 쳐주려나 몰라.
믹스커피 엄청 땡겼어. 아무도 안 보니까 빨리 다녀오자.
이번 프로젝트 진짜 언제 끝나냐. 끝이 안 보이는 느낌.
소고기 사주는 거다? ㅋㅋ 알았어 내 것부터 빨리 끝낼게.
우리 오늘 저녁에 스트레스 풀게 치킨에 맥주나 한잔해?
연차 쓰고 해외여행 갈까? 특가 항공권 뜨는지 좀 봐야겠다.
빨리 씻고 침대에 눕고 싶다. 남은 시간 조금만 파이팅하자.
이따가 저녁 뭐 먹을지나 고민하면서 일하자. 수고해!"
520,일반 대화,"팀장님 왜 저러셔? 아까 회의 때 기분 완전 상했잖아.
나도 보면서 조마조마했어. 내가 맛있는 커피 사줄게.
휴게실 가서 커피 한 잔 할까? 뇌가 정지할 것 같아.
내가 빨리 끝내고 도와줄게 너무 걱정 마. 다 할 수 있어!
10분만 농땡이 치고 오자. 남은 업무량 보니까 답 없네.
소고기 사주는 거다? ㅋㅋ 알았어 내 것부터 빨리 끝낼게.
우리 오늘 저녁에 스트레스 풀게 치킨에 맥주나 한잔해?
알았어 ㅋㅋ 일단 각자 집중하자. 5시쯤 다시 상황 볼게.
여행 완전 추천! 나도 같이 가고 싶어. 빨리 마무리하자.
너무 고마워. 저녁 소고기 먹을 생각하면서 진짜 힘낼게!"
521,일반 대화,"팀장님 왜 저러셔? 아까 회의 때 기분 완전 상했잖아.
주말에도 출근해야 할지도 모른다는데 완전 절망이야.
휴게실 가서 커피 한 잔 할까? 뇌가 정지할 것 같아.
내가 빨리 끝내고 도와줄게 너무 걱정 마. 다 할 수 있어!
와 너 완전 천사다. 끝나면 내가 진짜 맛있는 저녁 쏜다.
소고기 사주는 거다? ㅋㅋ 알았어 내 것부터 빨리 끝낼게.
로또 되면 사표 던지고 바로 세계 여행부터 떠날 거야.
상상만 해도 행복하다. 현실은 엑셀 파일이나 정리해야지.
여행 완전 추천! 나도 같이 가고 싶어. 빨리 마무리하자.
이따가 저녁 뭐 먹을지나 고민하면서 일하자. 수고해!"
522,일반 대화,"드디어 내일 프로젝트 마감이네. 네 파트 다 끝나가?
나도 그래. 하루 종일 모니터 봤더니 눈 빠질 것 같아.
고마워 단 거 들어가면 좀 낫겠다. 달달한 거 먹으러 가.
믹스커피 엄청 땡겼어. 아무도 안 보니까 빨리 다녀오자.
이번 프로젝트 진짜 언제 끝나냐. 끝이 안 보이는 느낌.
소고기 사주는 거다? ㅋㅋ 알았어 내 것부터 빨리 끝낼게.
당연하지 한우 투뿔로 쏠 테니까 나 좀 살려줘 야근 싫어.
완전 콜. 야근 끝나고 근처 치킨집으로 바로 헤쳐 모이자.
빨리 씻고 침대에 눕고 싶다. 남은 시간 조금만 파이팅하자.
알았어 끝나고 내가 카톡 할게. 남은 업무 파이팅해!"
523,일반 대화,"이번 주 내내 야근이라니 체력 한계가 오는 것 같아.
나도 그래. 하루 종일 모니터 봤더니 눈 빠질 것 같아.
고마워 단 거 들어가면 좀 낫겠다. 달달한 거 먹으러 가.
믹스커피 엄청 땡겼어. 아무도 안 보니까 빨리 다녀오자.
이번 프로젝트 진짜 언제 끝나냐. 끝이 안 보이는 느낌.
다음 주 금요일이 마감이라던데 그때까지 무사히 버티자.
로또 되면 사표 던지고 바로 세계 여행부터 떠날 거야.
상상만 해도 행복하다. 현실은 엑셀 파일이나 정리해야지.
응 파이팅! 막히는 거 있으면 혼자 고민 말고 바로 물어봐.
이따가 저녁 뭐 먹을지나 고민하면서 일하자. 수고해!"
524,일반 대화,"드디어 내일 프로젝트 마감이네. 네 파트 다 끝나가?
나도 그래. 하루 종일 모니터 봤더니 눈 빠질 것 같아.
주말 출근은 선 넘었지. 수당은 제대로 쳐주려나 몰라.
수당 안 주면 노동부에 신고할 거야. 진짜 너무 화난다.
이번 프로젝트 진짜 언제 끝나냐. 끝이 안 보이는 느낌.
소고기 사주는 거다? ㅋㅋ 알았어 내 것부터 빨리 끝낼게.
버티는 자가 승리하는 거지. 끝나면 연차 쓰고 푹 쉴래.
연차 쓰고 해외여행 갈까? 특가 항공권 뜨는지 좀 봐야겠다.
응 파이팅! 막히는 거 있으면 혼자 고민 말고 바로 물어봐.
너무 고마워. 저녁 소고기 먹을 생각하면서 진짜 힘낼게!"
525,일반 대화,"아 오늘 퇴사 마렵다. 일 너무 많아 미치겠네.
나도 보면서 조마조마했어. 내가 맛있는 커피 사줄게.
나는 아직 PPT 수정할 게 산더미야. 디자인 너무 어려워.
믹스커피 엄청 땡겼어. 아무도 안 보니까 빨리 다녀오자.
10분만 농땡이 치고 오자. 남은 업무량 보니까 답 없네.
다음 주 금요일이 마감이라던데 그때까지 무사히 버티자.
우리 오늘 저녁에 스트레스 풀게 치킨에 맥주나 한잔해?
알았어 ㅋㅋ 일단 각자 집중하자. 5시쯤 다시 상황 볼게.
빨리 씻고 침대에 눕고 싶다. 남은 시간 조금만 파이팅하자.
알았어 끝나고 내가 카톡 할게. 남은 업무 파이팅해!"
526,일반 대화,"이번 주 내내 야근이라니 체력 한계가 오는 것 같아.
주말에도 출근해야 할지도 모른다는데 완전 절망이야.
주말 출근은 선 넘었지. 수당은 제대로 쳐주려나 몰라.
내가 빨리 끝내고 도와줄게 너무 걱정 마. 다 할 수 있어!
와 너 완전 천사다. 끝나면 내가 진짜 맛있는 저녁 쏜다.
누가 내 일 대신해줬으면. 로또 당첨은 대체 언제 될까?
우리 오늘 저녁에 스트레스 풀게 치킨에 맥주나 한잔해?
완전 콜. 야근 끝나고 근처 치킨집으로 바로 헤쳐 모이자.
응 파이팅! 막히는 거 있으면 혼자 고민 말고 바로 물어봐.
알았어 끝나고 내가 카톡 할게. 남은 업무 파이팅해!"
527,일반 대화,"팀장님 왜 저러셔? 아까 회의 때 기분 완전 상했잖아.
응 거의 다 했어. 마지막 오타 검수만 하면 끝날 거야.
나는 아직 PPT 수정할 게 산더미야. 디자인 너무 어려워.
수당 안 주면 노동부에 신고할 거야. 진짜 너무 화난다.
와 너 완전 천사다. 끝나면 내가 진짜 맛있는 저녁 쏜다.
누가 내 일 대신해줬으면. 로또 당첨은 대체 언제 될까?
우리 오늘 저녁에 스트레스 풀게 치킨에 맥주나 한잔해?
알았어 ㅋㅋ 일단 각자 집중하자. 5시쯤 다시 상황 볼게.
여행 완전 추천! 나도 같이 가고 싶어. 빨리 마무리하자.
너무 고마워. 저녁 소고기 먹을 생각하면서 진짜 힘낼게!"
528,일반 대화,"아 오늘 퇴사 마렵다. 일 너무 많아 미치겠네.
주말에도 출근해야 할지도 모른다는데 완전 절망이야.
주말 출근은 선 넘었지. 수당은 제대로 쳐주려나 몰라.
수당 안 주면 노동부에 신고할 거야. 진짜 너무 화난다.
와 너 완전 천사다. 끝나면 내가 진짜 맛있는 저녁 쏜다.
누가 내 일 대신해줬으면. 로또 당첨은 대체 언제 될까?
당연하지 한우 투뿔로 쏠 테니까 나 좀 살려줘 야근 싫어.
상상만 해도 행복하다. 현실은 엑셀 파일이나 정리해야지.
여행 완전 추천! 나도 같이 가고 싶어. 빨리 마무리하자.
알았어 끝나고 내가 카톡 할게. 남은 업무 파이팅해!"
529,일반 대화,"이번 주 내내 야근이라니 체력 한계가 오는 것 같아.
나도 보면서 조마조마했어. 내가 맛있는 커피 사줄게.
휴게실 가서 커피 한 잔 할까? 뇌가 정지할 것 같아.
내가 빨리 끝내고 도와줄게 너무 걱정 마. 다 할 수 있어!
와 너 완전 천사다. 끝나면 내가 진짜 맛있는 저녁 쏜다.
누가 내 일 대신해줬으면. 로또 당첨은 대체 언제 될까?
버티는 자가 승리하는 거지. 끝나면 연차 쓰고 푹 쉴래.
상상만 해도 행복하다. 현실은 엑셀 파일이나 정리해야지.
응 파이팅! 막히는 거 있으면 혼자 고민 말고 바로 물어봐.
이따가 저녁 뭐 먹을지나 고민하면서 일하자. 수고해!"
530,일반 대화,"아 오늘 퇴사 마렵다. 일 너무 많아 미치겠네.
나도 그래. 하루 종일 모니터 봤더니 눈 빠질 것 같아.
휴게실 가서 커피 한 잔 할까? 뇌가 정지할 것 같아.
카페모카에 크림 잔뜩 올려서 마시자. 스트레스엔 단 거.
와 너 완전 천사다. 끝나면 내가 진짜 맛있는 저녁 쏜다.
주말에 쉬어야 뭘 준비를 하든가 하지. 악순환 반복이야.
당연하지 한우 투뿔로 쏠 테니까 나 좀 살려줘 야근 싫어.
완전 콜. 야근 끝나고 근처 치킨집으로 바로 헤쳐 모이자.
여행 완전 추천! 나도 같이 가고 싶어. 빨리 마무리하자.
알았어 끝나고 내가 카톡 할게. 남은 업무 파이팅해!"
531,일반 대화,"이번 주 내내 야근이라니 체력 한계가 오는 것 같아.
응 거의 다 했어. 마지막 오타 검수만 하면 끝날 거야.
휴게실 가서 커피 한 잔 할까? 뇌가 정지할 것 같아.
믹스커피 엄청 땡겼어. 아무도 안 보니까 빨리 다녀오자.
근데 이직하고 싶어도 이력서 쓸 시간이 없다는 게 함정.
누가 내 일 대신해줬으면. 로또 당첨은 대체 언제 될까?
당연하지 한우 투뿔로 쏠 테니까 나 좀 살려줘 야근 싫어.
완전 콜. 야근 끝나고 근처 치킨집으로 바로 헤쳐 모이자.
응 파이팅! 막히는 거 있으면 혼자 고민 말고 바로 물어봐.
너무 고마워. 저녁 소고기 먹을 생각하면서 진짜 힘낼게!"
532,일반 대화,"팀장님 왜 저러셔? 아까 회의 때 기분 완전 상했잖아.
나도 그래. 하루 종일 모니터 봤더니 눈 빠질 것 같아.
나는 아직 PPT 수정할 게 산더미야. 디자인 너무 어려워.
수당 안 주면 노동부에 신고할 거야. 진짜 너무 화난다.
근데 이직하고 싶어도 이력서 쓸 시간이 없다는 게 함정.
누가 내 일 대신해줬으면. 로또 당첨은 대체 언제 될까?
우리 오늘 저녁에 스트레스 풀게 치킨에 맥주나 한잔해?
알았어 ㅋㅋ 일단 각자 집중하자. 5시쯤 다시 상황 볼게.
빨리 씻고 침대에 눕고 싶다. 남은 시간 조금만 파이팅하자.
너무 고마워. 저녁 소고기 먹을 생각하면서 진짜 힘낼게!"
533,일반 대화,"이번 주 내내 야근이라니 체력 한계가 오는 것 같아.
주말에도 출근해야 할지도 모른다는데 완전 절망이야.
주말 출근은 선 넘었지. 수당은 제대로 쳐주려나 몰라.
내가 빨리 끝내고 도와줄게 너무 걱정 마. 다 할 수 있어!
근데 이직하고 싶어도 이력서 쓸 시간이 없다는 게 함정.
누가 내 일 대신해줬으면. 로또 당첨은 대체 언제 될까?
로또 되면 사표 던지고 바로 세계 여행부터 떠날 거야.
상상만 해도 행복하다. 현실은 엑셀 파일이나 정리해야지.
여행 완전 추천! 나도 같이 가고 싶어. 빨리 마무리하자.
너무 고마워. 저녁 소고기 먹을 생각하면서 진짜 힘낼게!"
534,일반 대화,"이번 주 내내 야근이라니 체력 한계가 오는 것 같아.
나도 보면서 조마조마했어. 내가 맛있는 커피 사줄게.
나는 아직 PPT 수정할 게 산더미야. 디자인 너무 어려워.
믹스커피 엄청 땡겼어. 아무도 안 보니까 빨리 다녀오자.
근데 이직하고 싶어도 이력서 쓸 시간이 없다는 게 함정.
소고기 사주는 거다? ㅋㅋ 알았어 내 것부터 빨리 끝낼게.
우리 오늘 저녁에 스트레스 풀게 치킨에 맥주나 한잔해?
연차 쓰고 해외여행 갈까? 특가 항공권 뜨는지 좀 봐야겠다.
응 파이팅! 막히는 거 있으면 혼자 고민 말고 바로 물어봐.
조금만 더 힘내! 퇴근할 때 지하철역까지 같이 걸어가자."
535,일반 대화,"팀장님 왜 저러셔? 아까 회의 때 기분 완전 상했잖아.
주말에도 출근해야 할지도 모른다는데 완전 절망이야.
휴게실 가서 커피 한 잔 할까? 뇌가 정지할 것 같아.
카페모카에 크림 잔뜩 올려서 마시자. 스트레스엔 단 거.
근데 이직하고 싶어도 이력서 쓸 시간이 없다는 게 함정.
주말에 쉬어야 뭘 준비를 하든가 하지. 악순환 반복이야.
우리 오늘 저녁에 스트레스 풀게 치킨에 맥주나 한잔해?
연차 쓰고 해외여행 갈까? 특가 항공권 뜨는지 좀 봐야겠다.
오늘 하루만 고생하자. 맛있는 거 먹을 생각하며 버티자.
너무 고마워. 저녁 소고기 먹을 생각하면서 진짜 힘낼게!"
536,일반 대화,"드디어 내일 프로젝트 마감이네. 네 파트 다 끝나가?
응 거의 다 했어. 마지막 오타 검수만 하면 끝날 거야.
고마워 단 거 들어가면 좀 낫겠다. 달달한 거 먹으러 가.
내가 빨리 끝내고 도와줄게 너무 걱정 마. 다 할 수 있어!
이번 프로젝트 진짜 언제 끝나냐. 끝이 안 보이는 느낌.
누가 내 일 대신해줬으면. 로또 당첨은 대체 언제 될까?
버티는 자가 승리하는 거지. 끝나면 연차 쓰고 푹 쉴래.
알았어 ㅋㅋ 일단 각자 집중하자. 5시쯤 다시 상황 볼게.
여행 완전 추천! 나도 같이 가고 싶어. 빨리 마무리하자.
알았어 끝나고 내가 카톡 할게. 남은 업무 파이팅해!"
537,일반 대화,"팀장님 왜 저러셔? 아까 회의 때 기분 완전 상했잖아.
응 거의 다 했어. 마지막 오타 검수만 하면 끝날 거야.
주말 출근은 선 넘었지. 수당은 제대로 쳐주려나 몰라.
내가 빨리 끝내고 도와줄게 너무 걱정 마. 다 할 수 있어!
근데 이직하고 싶어도 이력서 쓸 시간이 없다는 게 함정.
다음 주 금요일이 마감이라던데 그때까지 무사히 버티자.
버티는 자가 승리하는 거지. 끝나면 연차 쓰고 푹 쉴래.
알았어 ㅋㅋ 일단 각자 집중하자. 5시쯤 다시 상황 볼게.
빨리 씻고 침대에 눕고 싶다. 남은 시간 조금만 파이팅하자.
조금만 더 힘내! 퇴근할 때 지하철역까지 같이 걸어가자."
538,일반 대화,"이번 주 내내 야근이라니 체력 한계가 오는 것 같아.
나도 그래. 하루 종일 모니터 봤더니 눈 빠질 것 같아.
휴게실 가서 커피 한 잔 할까? 뇌가 정지할 것 같아.
수당 안 주면 노동부에 신고할 거야. 진짜 너무 화난다.
와 너 완전 천사다. 끝나면 내가 진짜 맛있는 저녁 쏜다.
누가 내 일 대신해줬으면. 로또 당첨은 대체 언제 될까?
당연하지 한우 투뿔로 쏠 테니까 나 좀 살려줘 야근 싫어.
상상만 해도 행복하다. 현실은 엑셀 파일이나 정리해야지.
오늘 하루만 고생하자. 맛있는 거 먹을 생각하며 버티자.
이따가 저녁 뭐 먹을지나 고민하면서 일하자. 수고해!"
539,일반 대화,"이번 주 내내 야근이라니 체력 한계가 오는 것 같아.
응 거의 다 했어. 마지막 오타 검수만 하면 끝날 거야.
나는 아직 PPT 수정할 게 산더미야. 디자인 너무 어려워.
믹스커피 엄청 땡겼어. 아무도 안 보니까 빨리 다녀오자.
와 너 완전 천사다. 끝나면 내가 진짜 맛있는 저녁 쏜다.
소고기 사주는 거다? ㅋㅋ 알았어 내 것부터 빨리 끝낼게.
우리 오늘 저녁에 스트레스 풀게 치킨에 맥주나 한잔해?
상상만 해도 행복하다. 현실은 엑셀 파일이나 정리해야지.
응 파이팅! 막히는 거 있으면 혼자 고민 말고 바로 물어봐.
알았어 끝나고 내가 카톡 할게. 남은 업무 파이팅해!"
540,일반 대화,"이번 주 내내 야근이라니 체력 한계가 오는 것 같아.
주말에도 출근해야 할지도 모른다는데 완전 절망이야.
나는 아직 PPT 수정할 게 산더미야. 디자인 너무 어려워.
믹스커피 엄청 땡겼어. 아무도 안 보니까 빨리 다녀오자.
10분만 농땡이 치고 오자. 남은 업무량 보니까 답 없네.
누가 내 일 대신해줬으면. 로또 당첨은 대체 언제 될까?
우리 오늘 저녁에 스트레스 풀게 치킨에 맥주나 한잔해?
연차 쓰고 해외여행 갈까? 특가 항공권 뜨는지 좀 봐야겠다.
여행 완전 추천! 나도 같이 가고 싶어. 빨리 마무리하자.
조금만 더 힘내! 퇴근할 때 지하철역까지 같이 걸어가자."
541,일반 대화,"팀장님 왜 저러셔? 아까 회의 때 기분 완전 상했잖아.
나도 보면서 조마조마했어. 내가 맛있는 커피 사줄게.
휴게실 가서 커피 한 잔 할까? 뇌가 정지할 것 같아.
믹스커피 엄청 땡겼어. 아무도 안 보니까 빨리 다녀오자.
근데 이직하고 싶어도 이력서 쓸 시간이 없다는 게 함정.
소고기 사주는 거다? ㅋㅋ 알았어 내 것부터 빨리 끝낼게.
로또 되면 사표 던지고 바로 세계 여행부터 떠날 거야.
알았어 ㅋㅋ 일단 각자 집중하자. 5시쯤 다시 상황 볼게.
여행 완전 추천! 나도 같이 가고 싶어. 빨리 마무리하자.
알았어 끝나고 내가 카톡 할게. 남은 업무 파이팅해!"
542,일반 대화,"팀장님 왜 저러셔? 아까 회의 때 기분 완전 상했잖아.
나도 보면서 조마조마했어. 내가 맛있는 커피 사줄게.
주말 출근은 선 넘었지. 수당은 제대로 쳐주려나 몰라.
수당 안 주면 노동부에 신고할 거야. 진짜 너무 화난다.
와 너 완전 천사다. 끝나면 내가 진짜 맛있는 저녁 쏜다.
소고기 사주는 거다? ㅋㅋ 알았어 내 것부터 빨리 끝낼게.
로또 되면 사표 던지고 바로 세계 여행부터 떠날 거야.
연차 쓰고 해외여행 갈까? 특가 항공권 뜨는지 좀 봐야겠다.
빨리 씻고 침대에 눕고 싶다. 남은 시간 조금만 파이팅하자.
이따가 저녁 뭐 먹을지나 고민하면서 일하자. 수고해!"
543,일반 대화,"아 오늘 퇴사 마렵다. 일 너무 많아 미치겠네.
응 거의 다 했어. 마지막 오타 검수만 하면 끝날 거야.
나는 아직 PPT 수정할 게 산더미야. 디자인 너무 어려워.
카페모카에 크림 잔뜩 올려서 마시자. 스트레스엔 단 거.
이번 프로젝트 진짜 언제 끝나냐. 끝이 안 보이는 느낌.
소고기 사주는 거다? ㅋㅋ 알았어 내 것부터 빨리 끝낼게.
로또 되면 사표 던지고 바로 세계 여행부터 떠날 거야.
알았어 ㅋㅋ 일단 각자 집중하자. 5시쯤 다시 상황 볼게.
응 파이팅! 막히는 거 있으면 혼자 고민 말고 바로 물어봐.
알았어 끝나고 내가 카톡 할게. 남은 업무 파이팅해!"
544,일반 대화,"드디어 내일 프로젝트 마감이네. 네 파트 다 끝나가?
응 거의 다 했어. 마지막 오타 검수만 하면 끝날 거야.
고마워 단 거 들어가면 좀 낫겠다. 달달한 거 먹으러 가.
믹스커피 엄청 땡겼어. 아무도 안 보니까 빨리 다녀오자.
이번 프로젝트 진짜 언제 끝나냐. 끝이 안 보이는 느낌.
소고기 사주는 거다? ㅋㅋ 알았어 내 것부터 빨리 끝낼게.
당연하지 한우 투뿔로 쏠 테니까 나 좀 살려줘 야근 싫어.
완전 콜. 야근 끝나고 근처 치킨집으로 바로 헤쳐 모이자.
빨리 씻고 침대에 눕고 싶다. 남은 시간 조금만 파이팅하자.
이따가 저녁 뭐 먹을지나 고민하면서 일하자. 수고해!"
545,일반 대화,"팀장님 왜 저러셔? 아까 회의 때 기분 완전 상했잖아.
나도 그래. 하루 종일 모니터 봤더니 눈 빠질 것 같아.
주말 출근은 선 넘었지. 수당은 제대로 쳐주려나 몰라.
내가 빨리 끝내고 도와줄게 너무 걱정 마. 다 할 수 있어!
근데 이직하고 싶어도 이력서 쓸 시간이 없다는 게 함정.
다음 주 금요일이 마감이라던데 그때까지 무사히 버티자.
우리 오늘 저녁에 스트레스 풀게 치킨에 맥주나 한잔해?
상상만 해도 행복하다. 현실은 엑셀 파일이나 정리해야지.
오늘 하루만 고생하자. 맛있는 거 먹을 생각하며 버티자.
너무 고마워. 저녁 소고기 먹을 생각하면서 진짜 힘낼게!"
546,일반 대화,"팀장님 왜 저러셔? 아까 회의 때 기분 완전 상했잖아.
주말에도 출근해야 할지도 모른다는데 완전 절망이야.
고마워 단 거 들어가면 좀 낫겠다. 달달한 거 먹으러 가.
믹스커피 엄청 땡겼어. 아무도 안 보니까 빨리 다녀오자.
10분만 농땡이 치고 오자. 남은 업무량 보니까 답 없네.
누가 내 일 대신해줬으면. 로또 당첨은 대체 언제 될까?
버티는 자가 승리하는 거지. 끝나면 연차 쓰고 푹 쉴래.
알았어 ㅋㅋ 일단 각자 집중하자. 5시쯤 다시 상황 볼게.
빨리 씻고 침대에 눕고 싶다. 남은 시간 조금만 파이팅하자.
이따가 저녁 뭐 먹을지나 고민하면서 일하자. 수고해!"
547,일반 대화,"이번 주 내내 야근이라니 체력 한계가 오는 것 같아.
응 거의 다 했어. 마지막 오타 검수만 하면 끝날 거야.
나는 아직 PPT 수정할 게 산더미야. 디자인 너무 어려워.
믹스커피 엄청 땡겼어. 아무도 안 보니까 빨리 다녀오자.
근데 이직하고 싶어도 이력서 쓸 시간이 없다는 게 함정.
누가 내 일 대신해줬으면. 로또 당첨은 대체 언제 될까?
버티는 자가 승리하는 거지. 끝나면 연차 쓰고 푹 쉴래.
연차 쓰고 해외여행 갈까? 특가 항공권 뜨는지 좀 봐야겠다.
오늘 하루만 고생하자. 맛있는 거 먹을 생각하며 버티자.
너무 고마워. 저녁 소고기 먹을 생각하면서 진짜 힘낼게!"
548,일반 대화,"드디어 내일 프로젝트 마감이네. 네 파트 다 끝나가?
응 거의 다 했어. 마지막 오타 검수만 하면 끝날 거야.
주말 출근은 선 넘었지. 수당은 제대로 쳐주려나 몰라.
수당 안 주면 노동부에 신고할 거야. 진짜 너무 화난다.
10분만 농땡이 치고 오자. 남은 업무량 보니까 답 없네.
다음 주 금요일이 마감이라던데 그때까지 무사히 버티자.
당연하지 한우 투뿔로 쏠 테니까 나 좀 살려줘 야근 싫어.
알았어 ㅋㅋ 일단 각자 집중하자. 5시쯤 다시 상황 볼게.
빨리 씻고 침대에 눕고 싶다. 남은 시간 조금만 파이팅하자.
알았어 끝나고 내가 카톡 할게. 남은 업무 파이팅해!"
549,일반 대화,"아 오늘 퇴사 마렵다. 일 너무 많아 미치겠네.
나도 보면서 조마조마했어. 내가 맛있는 커피 사줄게.
주말 출근은 선 넘었지. 수당은 제대로 쳐주려나 몰라.
수당 안 주면 노동부에 신고할 거야. 진짜 너무 화난다.
와 너 완전 천사다. 끝나면 내가 진짜 맛있는 저녁 쏜다.
소고기 사주는 거다? ㅋㅋ 알았어 내 것부터 빨리 끝낼게.
당연하지 한우 투뿔로 쏠 테니까 나 좀 살려줘 야근 싫어.
완전 콜. 야근 끝나고 근처 치킨집으로 바로 헤쳐 모이자.
빨리 씻고 침대에 눕고 싶다. 남은 시간 조금만 파이팅하자.
알았어 끝나고 내가 카톡 할게. 남은 업무 파이팅해!"
550,일반 대화,"이번 주 내내 야근이라니 체력 한계가 오는 것 같아.
주말에도 출근해야 할지도 모른다는데 완전 절망이야.
고마워 단 거 들어가면 좀 낫겠다. 달달한 거 먹으러 가.
내가 빨리 끝내고 도와줄게 너무 걱정 마. 다 할 수 있어!
근데 이직하고 싶어도 이력서 쓸 시간이 없다는 게 함정.
누가 내 일 대신해줬으면. 로또 당첨은 대체 언제 될까?
버티는 자가 승리하는 거지. 끝나면 연차 쓰고 푹 쉴래.
연차 쓰고 해외여행 갈까? 특가 항공권 뜨는지 좀 봐야겠다.
오늘 하루만 고생하자. 맛있는 거 먹을 생각하며 버티자.
이따가 저녁 뭐 먹을지나 고민하면서 일하자. 수고해!"
551,일반 대화,"팀장님 왜 저러셔? 아까 회의 때 기분 완전 상했잖아.
응 거의 다 했어. 마지막 오타 검수만 하면 끝날 거야.
나는 아직 PPT 수정할 게 산더미야. 디자인 너무 어려워.
카페모카에 크림 잔뜩 올려서 마시자. 스트레스엔 단 거.
근데 이직하고 싶어도 이력서 쓸 시간이 없다는 게 함정.
소고기 사주는 거다? ㅋㅋ 알았어 내 것부터 빨리 끝낼게.
당연하지 한우 투뿔로 쏠 테니까 나 좀 살려줘 야근 싫어.
알았어 ㅋㅋ 일단 각자 집중하자. 5시쯤 다시 상황 볼게.
여행 완전 추천! 나도 같이 가고 싶어. 빨리 마무리하자.
알았어 끝나고 내가 카톡 할게. 남은 업무 파이팅해!"
552,일반 대화,"이번 주 내내 야근이라니 체력 한계가 오는 것 같아.
나도 그래. 하루 종일 모니터 봤더니 눈 빠질 것 같아.
나는 아직 PPT 수정할 게 산더미야. 디자인 너무 어려워.
내가 빨리 끝내고 도와줄게 너무 걱정 마. 다 할 수 있어!
10분만 농땡이 치고 오자. 남은 업무량 보니까 답 없네.
누가 내 일 대신해줬으면. 로또 당첨은 대체 언제 될까?
우리 오늘 저녁에 스트레스 풀게 치킨에 맥주나 한잔해?
연차 쓰고 해외여행 갈까? 특가 항공권 뜨는지 좀 봐야겠다.
응 파이팅! 막히는 거 있으면 혼자 고민 말고 바로 물어봐.
조금만 더 힘내! 퇴근할 때 지하철역까지 같이 걸어가자."
553,일반 대화,"팀장님 왜 저러셔? 아까 회의 때 기분 완전 상했잖아.
나도 보면서 조마조마했어. 내가 맛있는 커피 사줄게.
나는 아직 PPT 수정할 게 산더미야. 디자인 너무 어려워.
카페모카에 크림 잔뜩 올려서 마시자. 스트레스엔 단 거.
10분만 농땡이 치고 오자. 남은 업무량 보니까 답 없네.
다음 주 금요일이 마감이라던데 그때까지 무사히 버티자.
당연하지 한우 투뿔로 쏠 테니까 나 좀 살려줘 야근 싫어.
알았어 ㅋㅋ 일단 각자 집중하자. 5시쯤 다시 상황 볼게.
여행 완전 추천! 나도 같이 가고 싶어. 빨리 마무리하자.
이따가 저녁 뭐 먹을지나 고민하면서 일하자. 수고해!"
554,일반 대화,"이번 주 내내 야근이라니 체력 한계가 오는 것 같아.
응 거의 다 했어. 마지막 오타 검수만 하면 끝날 거야.
휴게실 가서 커피 한 잔 할까? 뇌가 정지할 것 같아.
수당 안 주면 노동부에 신고할 거야. 진짜 너무 화난다.
와 너 완전 천사다. 끝나면 내가 진짜 맛있는 저녁 쏜다.
주말에 쉬어야 뭘 준비를 하든가 하지. 악순환 반복이야.
로또 되면 사표 던지고 바로 세계 여행부터 떠날 거야.
상상만 해도 행복하다. 현실은 엑셀 파일이나 정리해야지.
오늘 하루만 고생하자. 맛있는 거 먹을 생각하며 버티자.
알았어 끝나고 내가 카톡 할게. 남은 업무 파이팅해!"
555,일반 대화,"팀장님 왜 저러셔? 아까 회의 때 기분 완전 상했잖아.
주말에도 출근해야 할지도 모른다는데 완전 절망이야.
나는 아직 PPT 수정할 게 산더미야. 디자인 너무 어려워.
수당 안 주면 노동부에 신고할 거야. 진짜 너무 화난다.
이번 프로젝트 진짜 언제 끝나냐. 끝이 안 보이는 느낌.
다음 주 금요일이 마감이라던데 그때까지 무사히 버티자.
로또 되면 사표 던지고 바로 세계 여행부터 떠날 거야.
완전 콜. 야근 끝나고 근처 치킨집으로 바로 헤쳐 모이자.
응 파이팅! 막히는 거 있으면 혼자 고민 말고 바로 물어봐.
조금만 더 힘내! 퇴근할 때 지하철역까지 같이 걸어가자."
556,일반 대화,"드디어 내일 프로젝트 마감이네. 네 파트 다 끝나가?
나도 그래. 하루 종일 모니터 봤더니 눈 빠질 것 같아.
주말 출근은 선 넘었지. 수당은 제대로 쳐주려나 몰라.
내가 빨리 끝내고 도와줄게 너무 걱정 마. 다 할 수 있어!
와 너 완전 천사다. 끝나면 내가 진짜 맛있는 저녁 쏜다.
주말에 쉬어야 뭘 준비를 하든가 하지. 악순환 반복이야.
로또 되면 사표 던지고 바로 세계 여행부터 떠날 거야.
알았어 ㅋㅋ 일단 각자 집중하자. 5시쯤 다시 상황 볼게.
여행 완전 추천! 나도 같이 가고 싶어. 빨리 마무리하자.
이따가 저녁 뭐 먹을지나 고민하면서 일하자. 수고해!"
557,일반 대화,"팀장님 왜 저러셔? 아까 회의 때 기분 완전 상했잖아.
나도 그래. 하루 종일 모니터 봤더니 눈 빠질 것 같아.
주말 출근은 선 넘었지. 수당은 제대로 쳐주려나 몰라.
내가 빨리 끝내고 도와줄게 너무 걱정 마. 다 할 수 있어!
근데 이직하고 싶어도 이력서 쓸 시간이 없다는 게 함정.
소고기 사주는 거다? ㅋㅋ 알았어 내 것부터 빨리 끝낼게.
버티는 자가 승리하는 거지. 끝나면 연차 쓰고 푹 쉴래.
연차 쓰고 해외여행 갈까? 특가 항공권 뜨는지 좀 봐야겠다.
빨리 씻고 침대에 눕고 싶다. 남은 시간 조금만 파이팅하자.
조금만 더 힘내! 퇴근할 때 지하철역까지 같이 걸어가자."
558,일반 대화,"팀장님 왜 저러셔? 아까 회의 때 기분 완전 상했잖아.
응 거의 다 했어. 마지막 오타 검수만 하면 끝날 거야.
고마워 단 거 들어가면 좀 낫겠다. 달달한 거 먹으러 가.
내가 빨리 끝내고 도와줄게 너무 걱정 마. 다 할 수 있어!
근데 이직하고 싶어도 이력서 쓸 시간이 없다는 게 함정.
누가 내 일 대신해줬으면. 로또 당첨은 대체 언제 될까?
우리 오늘 저녁에 스트레스 풀게 치킨에 맥주나 한잔해?
상상만 해도 행복하다. 현실은 엑셀 파일이나 정리해야지.
여행 완전 추천! 나도 같이 가고 싶어. 빨리 마무리하자.
조금만 더 힘내! 퇴근할 때 지하철역까지 같이 걸어가자."
559,일반 대화,"이번 주 내내 야근이라니 체력 한계가 오는 것 같아.
주말에도 출근해야 할지도 모른다는데 완전 절망이야.
휴게실 가서 커피 한 잔 할까? 뇌가 정지할 것 같아.
카페모카에 크림 잔뜩 올려서 마시자. 스트레스엔 단 거.
이번 프로젝트 진짜 언제 끝나냐. 끝이 안 보이는 느낌.
주말에 쉬어야 뭘 준비를 하든가 하지. 악순환 반복이야.
우리 오늘 저녁에 스트레스 풀게 치킨에 맥주나 한잔해?
상상만 해도 행복하다. 현실은 엑셀 파일이나 정리해야지.
응 파이팅! 막히는 거 있으면 혼자 고민 말고 바로 물어봐.
조금만 더 힘내! 퇴근할 때 지하철역까지 같이 걸어가자."
560,일반 대화,"아 오늘 퇴사 마렵다. 일 너무 많아 미치겠네.
주말에도 출근해야 할지도 모른다는데 완전 절망이야.
고마워 단 거 들어가면 좀 낫겠다. 달달한 거 먹으러 가.
믹스커피 엄청 땡겼어. 아무도 안 보니까 빨리 다녀오자.
와 너 완전 천사다. 끝나면 내가 진짜 맛있는 저녁 쏜다.
주말에 쉬어야 뭘 준비를 하든가 하지. 악순환 반복이야.
로또 되면 사표 던지고 바로 세계 여행부터 떠날 거야.
알았어 ㅋㅋ 일단 각자 집중하자. 5시쯤 다시 상황 볼게.
응 파이팅! 막히는 거 있으면 혼자 고민 말고 바로 물어봐.
너무 고마워. 저녁 소고기 먹을 생각하면서 진짜 힘낼게!"
561,일반 대화,"이번 주 내내 야근이라니 체력 한계가 오는 것 같아.
응 거의 다 했어. 마지막 오타 검수만 하면 끝날 거야.
주말 출근은 선 넘었지. 수당은 제대로 쳐주려나 몰라.
내가 빨리 끝내고 도와줄게 너무 걱정 마. 다 할 수 있어!
이번 프로젝트 진짜 언제 끝나냐. 끝이 안 보이는 느낌.
소고기 사주는 거다? ㅋㅋ 알았어 내 것부터 빨리 끝낼게.
버티는 자가 승리하는 거지. 끝나면 연차 쓰고 푹 쉴래.
알았어 ㅋㅋ 일단 각자 집중하자. 5시쯤 다시 상황 볼게.
오늘 하루만 고생하자. 맛있는 거 먹을 생각하며 버티자.
이따가 저녁 뭐 먹을지나 고민하면서 일하자. 수고해!"
562,일반 대화,"이번 주 내내 야근이라니 체력 한계가 오는 것 같아.
나도 보면서 조마조마했어. 내가 맛있는 커피 사줄게.
고마워 단 거 들어가면 좀 낫겠다. 달달한 거 먹으러 가.
내가 빨리 끝내고 도와줄게 너무 걱정 마. 다 할 수 있어!
근데 이직하고 싶어도 이력서 쓸 시간이 없다는 게 함정.
소고기 사주는 거다? ㅋㅋ 알았어 내 것부터 빨리 끝낼게.
우리 오늘 저녁에 스트레스 풀게 치킨에 맥주나 한잔해?
상상만 해도 행복하다. 현실은 엑셀 파일이나 정리해야지.
오늘 하루만 고생하자. 맛있는 거 먹을 생각하며 버티자.
알았어 끝나고 내가 카톡 할게. 남은 업무 파이팅해!"
563,일반 대화,"팀장님 왜 저러셔? 아까 회의 때 기분 완전 상했잖아.
주말에도 출근해야 할지도 모른다는데 완전 절망이야.
고마워 단 거 들어가면 좀 낫겠다. 달달한 거 먹으러 가.
카페모카에 크림 잔뜩 올려서 마시자. 스트레스엔 단 거.
와 너 완전 천사다. 끝나면 내가 진짜 맛있는 저녁 쏜다.
누가 내 일 대신해줬으면. 로또 당첨은 대체 언제 될까?
버티는 자가 승리하는 거지. 끝나면 연차 쓰고 푹 쉴래.
완전 콜. 야근 끝나고 근처 치킨집으로 바로 헤쳐 모이자.
오늘 하루만 고생하자. 맛있는 거 먹을 생각하며 버티자.
이따가 저녁 뭐 먹을지나 고민하면서 일하자. 수고해!"
564,일반 대화,"아 오늘 퇴사 마렵다. 일 너무 많아 미치겠네.
주말에도 출근해야 할지도 모른다는데 완전 절망이야.
휴게실 가서 커피 한 잔 할까? 뇌가 정지할 것 같아.
수당 안 주면 노동부에 신고할 거야. 진짜 너무 화난다.
10분만 농땡이 치고 오자. 남은 업무량 보니까 답 없네.
소고기 사주는 거다? ㅋㅋ 알았어 내 것부터 빨리 끝낼게.
로또 되면 사표 던지고 바로 세계 여행부터 떠날 거야.
완전 콜. 야근 끝나고 근처 치킨집으로 바로 헤쳐 모이자.
오늘 하루만 고생하자. 맛있는 거 먹을 생각하며 버티자.
이따가 저녁 뭐 먹을지나 고민하면서 일하자. 수고해!"
565,일반 대화,"이번 주 내내 야근이라니 체력 한계가 오는 것 같아.
나도 보면서 조마조마했어. 내가 맛있는 커피 사줄게.
주말 출근은 선 넘었지. 수당은 제대로 쳐주려나 몰라.
카페모카에 크림 잔뜩 올려서 마시자. 스트레스엔 단 거.
근데 이직하고 싶어도 이력서 쓸 시간이 없다는 게 함정.
누가 내 일 대신해줬으면. 로또 당첨은 대체 언제 될까?
로또 되면 사표 던지고 바로 세계 여행부터 떠날 거야.
알았어 ㅋㅋ 일단 각자 집중하자. 5시쯤 다시 상황 볼게.
응 파이팅! 막히는 거 있으면 혼자 고민 말고 바로 물어봐.
조금만 더 힘내! 퇴근할 때 지하철역까지 같이 걸어가자."
566,일반 대화,"드디어 내일 프로젝트 마감이네. 네 파트 다 끝나가?
주말에도 출근해야 할지도 모른다는데 완전 절망이야.
고마워 단 거 들어가면 좀 낫겠다. 달달한 거 먹으러 가.
믹스커피 엄청 땡겼어. 아무도 안 보니까 빨리 다녀오자.
근데 이직하고 싶어도 이력서 쓸 시간이 없다는 게 함정.
주말에 쉬어야 뭘 준비를 하든가 하지. 악순환 반복이야.
로또 되면 사표 던지고 바로 세계 여행부터 떠날 거야.
완전 콜. 야근 끝나고 근처 치킨집으로 바로 헤쳐 모이자.
여행 완전 추천! 나도 같이 가고 싶어. 빨리 마무리하자.
알았어 끝나고 내가 카톡 할게. 남은 업무 파이팅해!"
567,일반 대화,"아 오늘 퇴사 마렵다. 일 너무 많아 미치겠네.
응 거의 다 했어. 마지막 오타 검수만 하면 끝날 거야.
주말 출근은 선 넘었지. 수당은 제대로 쳐주려나 몰라.
수당 안 주면 노동부에 신고할 거야. 진짜 너무 화난다.
10분만 농땡이 치고 오자. 남은 업무량 보니까 답 없네.
주말에 쉬어야 뭘 준비를 하든가 하지. 악순환 반복이야.
당연하지 한우 투뿔로 쏠 테니까 나 좀 살려줘 야근 싫어.
연차 쓰고 해외여행 갈까? 특가 항공권 뜨는지 좀 봐야겠다.
응 파이팅! 막히는 거 있으면 혼자 고민 말고 바로 물어봐.
조금만 더 힘내! 퇴근할 때 지하철역까지 같이 걸어가자."
568,일반 대화,"드디어 내일 프로젝트 마감이네. 네 파트 다 끝나가?
나도 그래. 하루 종일 모니터 봤더니 눈 빠질 것 같아.
고마워 단 거 들어가면 좀 낫겠다. 달달한 거 먹으러 가.
수당 안 주면 노동부에 신고할 거야. 진짜 너무 화난다.
10분만 농땡이 치고 오자. 남은 업무량 보니까 답 없네.
소고기 사주는 거다? ㅋㅋ 알았어 내 것부터 빨리 끝낼게.
우리 오늘 저녁에 스트레스 풀게 치킨에 맥주나 한잔해?
완전 콜. 야근 끝나고 근처 치킨집으로 바로 헤쳐 모이자.
여행 완전 추천! 나도 같이 가고 싶어. 빨리 마무리하자.
너무 고마워. 저녁 소고기 먹을 생각하면서 진짜 힘낼게!"
569,일반 대화,"팀장님 왜 저러셔? 아까 회의 때 기분 완전 상했잖아.
나도 그래. 하루 종일 모니터 봤더니 눈 빠질 것 같아.
나는 아직 PPT 수정할 게 산더미야. 디자인 너무 어려워.
믹스커피 엄청 땡겼어. 아무도 안 보니까 빨리 다녀오자.
근데 이직하고 싶어도 이력서 쓸 시간이 없다는 게 함정.
다음 주 금요일이 마감이라던데 그때까지 무사히 버티자.
버티는 자가 승리하는 거지. 끝나면 연차 쓰고 푹 쉴래.
완전 콜. 야근 끝나고 근처 치킨집으로 바로 헤쳐 모이자.
오늘 하루만 고생하자. 맛있는 거 먹을 생각하며 버티자.
알았어 끝나고 내가 카톡 할게. 남은 업무 파이팅해!"
570,일반 대화,"아 오늘 퇴사 마렵다. 일 너무 많아 미치겠네.
나도 그래. 하루 종일 모니터 봤더니 눈 빠질 것 같아.
주말 출근은 선 넘었지. 수당은 제대로 쳐주려나 몰라.
믹스커피 엄청 땡겼어. 아무도 안 보니까 빨리 다녀오자.
근데 이직하고 싶어도 이력서 쓸 시간이 없다는 게 함정.
소고기 사주는 거다? ㅋㅋ 알았어 내 것부터 빨리 끝낼게.
버티는 자가 승리하는 거지. 끝나면 연차 쓰고 푹 쉴래.
연차 쓰고 해외여행 갈까? 특가 항공권 뜨는지 좀 봐야겠다.
빨리 씻고 침대에 눕고 싶다. 남은 시간 조금만 파이팅하자.
이따가 저녁 뭐 먹을지나 고민하면서 일하자. 수고해!"
571,일반 대화,"아 오늘 퇴사 마렵다. 일 너무 많아 미치겠네.
나도 그래. 하루 종일 모니터 봤더니 눈 빠질 것 같아.
휴게실 가서 커피 한 잔 할까? 뇌가 정지할 것 같아.
카페모카에 크림 잔뜩 올려서 마시자. 스트레스엔 단 거.
이번 프로젝트 진짜 언제 끝나냐. 끝이 안 보이는 느낌.
주말에 쉬어야 뭘 준비를 하든가 하지. 악순환 반복이야.
버티는 자가 승리하는 거지. 끝나면 연차 쓰고 푹 쉴래.
알았어 ㅋㅋ 일단 각자 집중하자. 5시쯤 다시 상황 볼게.
빨리 씻고 침대에 눕고 싶다. 남은 시간 조금만 파이팅하자.
너무 고마워. 저녁 소고기 먹을 생각하면서 진짜 힘낼게!"
572,일반 대화,"이번 주 내내 야근이라니 체력 한계가 오는 것 같아.
주말에도 출근해야 할지도 모른다는데 완전 절망이야.
주말 출근은 선 넘었지. 수당은 제대로 쳐주려나 몰라.
수당 안 주면 노동부에 신고할 거야. 진짜 너무 화난다.
이번 프로젝트 진짜 언제 끝나냐. 끝이 안 보이는 느낌.
누가 내 일 대신해줬으면. 로또 당첨은 대체 언제 될까?
로또 되면 사표 던지고 바로 세계 여행부터 떠날 거야.
상상만 해도 행복하다. 현실은 엑셀 파일이나 정리해야지.
응 파이팅! 막히는 거 있으면 혼자 고민 말고 바로 물어봐.
조금만 더 힘내! 퇴근할 때 지하철역까지 같이 걸어가자."
573,일반 대화,"드디어 내일 프로젝트 마감이네. 네 파트 다 끝나가?
나도 보면서 조마조마했어. 내가 맛있는 커피 사줄게.
나는 아직 PPT 수정할 게 산더미야. 디자인 너무 어려워.
믹스커피 엄청 땡겼어. 아무도 안 보니까 빨리 다녀오자.
와 너 완전 천사다. 끝나면 내가 진짜 맛있는 저녁 쏜다.
소고기 사주는 거다? ㅋㅋ 알았어 내 것부터 빨리 끝낼게.
당연하지 한우 투뿔로 쏠 테니까 나 좀 살려줘 야근 싫어.
알았어 ㅋㅋ 일단 각자 집중하자. 5시쯤 다시 상황 볼게.
여행 완전 추천! 나도 같이 가고 싶어. 빨리 마무리하자.
이따가 저녁 뭐 먹을지나 고민하면서 일하자. 수고해!"
574,일반 대화,"팀장님 왜 저러셔? 아까 회의 때 기분 완전 상했잖아.
응 거의 다 했어. 마지막 오타 검수만 하면 끝날 거야.
주말 출근은 선 넘었지. 수당은 제대로 쳐주려나 몰라.
카페모카에 크림 잔뜩 올려서 마시자. 스트레스엔 단 거.
10분만 농땡이 치고 오자. 남은 업무량 보니까 답 없네.
누가 내 일 대신해줬으면. 로또 당첨은 대체 언제 될까?
로또 되면 사표 던지고 바로 세계 여행부터 떠날 거야.
상상만 해도 행복하다. 현실은 엑셀 파일이나 정리해야지.
빨리 씻고 침대에 눕고 싶다. 남은 시간 조금만 파이팅하자.
조금만 더 힘내! 퇴근할 때 지하철역까지 같이 걸어가자."
575,일반 대화,"팀장님 왜 저러셔? 아까 회의 때 기분 완전 상했잖아.
주말에도 출근해야 할지도 모른다는데 완전 절망이야.
휴게실 가서 커피 한 잔 할까? 뇌가 정지할 것 같아.
수당 안 주면 노동부에 신고할 거야. 진짜 너무 화난다.
이번 프로젝트 진짜 언제 끝나냐. 끝이 안 보이는 느낌.
소고기 사주는 거다? ㅋㅋ 알았어 내 것부터 빨리 끝낼게.
버티는 자가 승리하는 거지. 끝나면 연차 쓰고 푹 쉴래.
상상만 해도 행복하다. 현실은 엑셀 파일이나 정리해야지.
오늘 하루만 고생하자. 맛있는 거 먹을 생각하며 버티자.
알았어 끝나고 내가 카톡 할게. 남은 업무 파이팅해!"
576,일반 대화,"아 오늘 퇴사 마렵다. 일 너무 많아 미치겠네.
주말에도 출근해야 할지도 모른다는데 완전 절망이야.
나는 아직 PPT 수정할 게 산더미야. 디자인 너무 어려워.
믹스커피 엄청 땡겼어. 아무도 안 보니까 빨리 다녀오자.
와 너 완전 천사다. 끝나면 내가 진짜 맛있는 저녁 쏜다.
소고기 사주는 거다? ㅋㅋ 알았어 내 것부터 빨리 끝낼게.
버티는 자가 승리하는 거지. 끝나면 연차 쓰고 푹 쉴래.
알았어 ㅋㅋ 일단 각자 집중하자. 5시쯤 다시 상황 볼게.
오늘 하루만 고생하자. 맛있는 거 먹을 생각하며 버티자.
알았어 끝나고 내가 카톡 할게. 남은 업무 파이팅해!"
577,일반 대화,"이번 주 내내 야근이라니 체력 한계가 오는 것 같아.
주말에도 출근해야 할지도 모른다는데 완전 절망이야.
고마워 단 거 들어가면 좀 낫겠다. 달달한 거 먹으러 가.
카페모카에 크림 잔뜩 올려서 마시자. 스트레스엔 단 거.
이번 프로젝트 진짜 언제 끝나냐. 끝이 안 보이는 느낌.
다음 주 금요일이 마감이라던데 그때까지 무사히 버티자.
버티는 자가 승리하는 거지. 끝나면 연차 쓰고 푹 쉴래.
완전 콜. 야근 끝나고 근처 치킨집으로 바로 헤쳐 모이자.
빨리 씻고 침대에 눕고 싶다. 남은 시간 조금만 파이팅하자.
조금만 더 힘내! 퇴근할 때 지하철역까지 같이 걸어가자."
578,일반 대화,"아 오늘 퇴사 마렵다. 일 너무 많아 미치겠네.
주말에도 출근해야 할지도 모른다는데 완전 절망이야.
나는 아직 PPT 수정할 게 산더미야. 디자인 너무 어려워.
수당 안 주면 노동부에 신고할 거야. 진짜 너무 화난다.
와 너 완전 천사다. 끝나면 내가 진짜 맛있는 저녁 쏜다.
주말에 쉬어야 뭘 준비를 하든가 하지. 악순환 반복이야.
버티는 자가 승리하는 거지. 끝나면 연차 쓰고 푹 쉴래.
완전 콜. 야근 끝나고 근처 치킨집으로 바로 헤쳐 모이자.
응 파이팅! 막히는 거 있으면 혼자 고민 말고 바로 물어봐.
조금만 더 힘내! 퇴근할 때 지하철역까지 같이 걸어가자."
579,일반 대화,"드디어 내일 프로젝트 마감이네. 네 파트 다 끝나가?
응 거의 다 했어. 마지막 오타 검수만 하면 끝날 거야.
나는 아직 PPT 수정할 게 산더미야. 디자인 너무 어려워.
수당 안 주면 노동부에 신고할 거야. 진짜 너무 화난다.
이번 프로젝트 진짜 언제 끝나냐. 끝이 안 보이는 느낌.
다음 주 금요일이 마감이라던데 그때까지 무사히 버티자.
버티는 자가 승리하는 거지. 끝나면 연차 쓰고 푹 쉴래.
완전 콜. 야근 끝나고 근처 치킨집으로 바로 헤쳐 모이자.
오늘 하루만 고생하자. 맛있는 거 먹을 생각하며 버티자.
조금만 더 힘내! 퇴근할 때 지하철역까지 같이 걸어가자."
580,일반 대화,"아 오늘 퇴사 마렵다. 일 너무 많아 미치겠네.
나도 그래. 하루 종일 모니터 봤더니 눈 빠질 것 같아.
나는 아직 PPT 수정할 게 산더미야. 디자인 너무 어려워.
카페모카에 크림 잔뜩 올려서 마시자. 스트레스엔 단 거.
10분만 농땡이 치고 오자. 남은 업무량 보니까 답 없네.
주말에 쉬어야 뭘 준비를 하든가 하지. 악순환 반복이야.
당연하지 한우 투뿔로 쏠 테니까 나 좀 살려줘 야근 싫어.
상상만 해도 행복하다. 현실은 엑셀 파일이나 정리해야지.
빨리 씻고 침대에 눕고 싶다. 남은 시간 조금만 파이팅하자.
이따가 저녁 뭐 먹을지나 고민하면서 일하자. 수고해!"
581,일반 대화,"드디어 내일 프로젝트 마감이네. 네 파트 다 끝나가?
응 거의 다 했어. 마지막 오타 검수만 하면 끝날 거야.
주말 출근은 선 넘었지. 수당은 제대로 쳐주려나 몰라.
수당 안 주면 노동부에 신고할 거야. 진짜 너무 화난다.
근데 이직하고 싶어도 이력서 쓸 시간이 없다는 게 함정.
주말에 쉬어야 뭘 준비를 하든가 하지. 악순환 반복이야.
버티는 자가 승리하는 거지. 끝나면 연차 쓰고 푹 쉴래.
상상만 해도 행복하다. 현실은 엑셀 파일이나 정리해야지.
응 파이팅! 막히는 거 있으면 혼자 고민 말고 바로 물어봐.
이따가 저녁 뭐 먹을지나 고민하면서 일하자. 수고해!"
582,일반 대화,"드디어 내일 프로젝트 마감이네. 네 파트 다 끝나가?
나도 그래. 하루 종일 모니터 봤더니 눈 빠질 것 같아.
주말 출근은 선 넘었지. 수당은 제대로 쳐주려나 몰라.
믹스커피 엄청 땡겼어. 아무도 안 보니까 빨리 다녀오자.
10분만 농땡이 치고 오자. 남은 업무량 보니까 답 없네.
소고기 사주는 거다? ㅋㅋ 알았어 내 것부터 빨리 끝낼게.
당연하지 한우 투뿔로 쏠 테니까 나 좀 살려줘 야근 싫어.
상상만 해도 행복하다. 현실은 엑셀 파일이나 정리해야지.
여행 완전 추천! 나도 같이 가고 싶어. 빨리 마무리하자.
조금만 더 힘내! 퇴근할 때 지하철역까지 같이 걸어가자."
583,일반 대화,"팀장님 왜 저러셔? 아까 회의 때 기분 완전 상했잖아.
주말에도 출근해야 할지도 모른다는데 완전 절망이야.
휴게실 가서 커피 한 잔 할까? 뇌가 정지할 것 같아.
수당 안 주면 노동부에 신고할 거야. 진짜 너무 화난다.
근데 이직하고 싶어도 이력서 쓸 시간이 없다는 게 함정.
누가 내 일 대신해줬으면. 로또 당첨은 대체 언제 될까?
로또 되면 사표 던지고 바로 세계 여행부터 떠날 거야.
연차 쓰고 해외여행 갈까? 특가 항공권 뜨는지 좀 봐야겠다.
오늘 하루만 고생하자. 맛있는 거 먹을 생각하며 버티자.
조금만 더 힘내! 퇴근할 때 지하철역까지 같이 걸어가자."
584,일반 대화,"드디어 내일 프로젝트 마감이네. 네 파트 다 끝나가?
주말에도 출근해야 할지도 모른다는데 완전 절망이야.
나는 아직 PPT 수정할 게 산더미야. 디자인 너무 어려워.
수당 안 주면 노동부에 신고할 거야. 진짜 너무 화난다.
와 너 완전 천사다. 끝나면 내가 진짜 맛있는 저녁 쏜다.
주말에 쉬어야 뭘 준비를 하든가 하지. 악순환 반복이야.
우리 오늘 저녁에 스트레스 풀게 치킨에 맥주나 한잔해?
완전 콜. 야근 끝나고 근처 치킨집으로 바로 헤쳐 모이자.
응 파이팅! 막히는 거 있으면 혼자 고민 말고 바로 물어봐.
너무 고마워. 저녁 소고기 먹을 생각하면서 진짜 힘낼게!"
585,일반 대화,"아 오늘 퇴사 마렵다. 일 너무 많아 미치겠네.
주말에도 출근해야 할지도 모른다는데 완전 절망이야.
휴게실 가서 커피 한 잔 할까? 뇌가 정지할 것 같아.
카페모카에 크림 잔뜩 올려서 마시자. 스트레스엔 단 거.
와 너 완전 천사다. 끝나면 내가 진짜 맛있는 저녁 쏜다.
소고기 사주는 거다? ㅋㅋ 알았어 내 것부터 빨리 끝낼게.
우리 오늘 저녁에 스트레스 풀게 치킨에 맥주나 한잔해?
완전 콜. 야근 끝나고 근처 치킨집으로 바로 헤쳐 모이자.
빨리 씻고 침대에 눕고 싶다. 남은 시간 조금만 파이팅하자.
조금만 더 힘내! 퇴근할 때 지하철역까지 같이 걸어가자."
586,일반 대화,"이번 주 내내 야근이라니 체력 한계가 오는 것 같아.
응 거의 다 했어. 마지막 오타 검수만 하면 끝날 거야.
고마워 단 거 들어가면 좀 낫겠다. 달달한 거 먹으러 가.
믹스커피 엄청 땡겼어. 아무도 안 보니까 빨리 다녀오자.
근데 이직하고 싶어도 이력서 쓸 시간이 없다는 게 함정.
소고기 사주는 거다? ㅋㅋ 알았어 내 것부터 빨리 끝낼게.
로또 되면 사표 던지고 바로 세계 여행부터 떠날 거야.
완전 콜. 야근 끝나고 근처 치킨집으로 바로 헤쳐 모이자.
여행 완전 추천! 나도 같이 가고 싶어. 빨리 마무리하자.
알았어 끝나고 내가 카톡 할게. 남은 업무 파이팅해!"
587,일반 대화,"팀장님 왜 저러셔? 아까 회의 때 기분 완전 상했잖아.
주말에도 출근해야 할지도 모른다는데 완전 절망이야.
고마워 단 거 들어가면 좀 낫겠다. 달달한 거 먹으러 가.
카페모카에 크림 잔뜩 올려서 마시자. 스트레스엔 단 거.
와 너 완전 천사다. 끝나면 내가 진짜 맛있는 저녁 쏜다.
주말에 쉬어야 뭘 준비를 하든가 하지. 악순환 반복이야.
버티는 자가 승리하는 거지. 끝나면 연차 쓰고 푹 쉴래.
알았어 ㅋㅋ 일단 각자 집중하자. 5시쯤 다시 상황 볼게.
빨리 씻고 침대에 눕고 싶다. 남은 시간 조금만 파이팅하자.
너무 고마워. 저녁 소고기 먹을 생각하면서 진짜 힘낼게!"
588,일반 대화,"이번 주 내내 야근이라니 체력 한계가 오는 것 같아.
응 거의 다 했어. 마지막 오타 검수만 하면 끝날 거야.
주말 출근은 선 넘었지. 수당은 제대로 쳐주려나 몰라.
믹스커피 엄청 땡겼어. 아무도 안 보니까 빨리 다녀오자.
와 너 완전 천사다. 끝나면 내가 진짜 맛있는 저녁 쏜다.
누가 내 일 대신해줬으면. 로또 당첨은 대체 언제 될까?
당연하지 한우 투뿔로 쏠 테니까 나 좀 살려줘 야근 싫어.
상상만 해도 행복하다. 현실은 엑셀 파일이나 정리해야지.
여행 완전 추천! 나도 같이 가고 싶어. 빨리 마무리하자.
알았어 끝나고 내가 카톡 할게. 남은 업무 파이팅해!"
589,일반 대화,"드디어 내일 프로젝트 마감이네. 네 파트 다 끝나가?
나도 그래. 하루 종일 모니터 봤더니 눈 빠질 것 같아.
나는 아직 PPT 수정할 게 산더미야. 디자인 너무 어려워.
믹스커피 엄청 땡겼어. 아무도 안 보니까 빨리 다녀오자.
이번 프로젝트 진짜 언제 끝나냐. 끝이 안 보이는 느낌.
누가 내 일 대신해줬으면. 로또 당첨은 대체 언제 될까?
당연하지 한우 투뿔로 쏠 테니까 나 좀 살려줘 야근 싫어.
알았어 ㅋㅋ 일단 각자 집중하자. 5시쯤 다시 상황 볼게.
응 파이팅! 막히는 거 있으면 혼자 고민 말고 바로 물어봐.
알았어 끝나고 내가 카톡 할게. 남은 업무 파이팅해!"
590,일반 대화,"아 오늘 퇴사 마렵다. 일 너무 많아 미치겠네.
주말에도 출근해야 할지도 모른다는데 완전 절망이야.
주말 출근은 선 넘었지. 수당은 제대로 쳐주려나 몰라.
카페모카에 크림 잔뜩 올려서 마시자. 스트레스엔 단 거.
이번 프로젝트 진짜 언제 끝나냐. 끝이 안 보이는 느낌.
소고기 사주는 거다? ㅋㅋ 알았어 내 것부터 빨리 끝낼게.
버티는 자가 승리하는 거지. 끝나면 연차 쓰고 푹 쉴래.
완전 콜. 야근 끝나고 근처 치킨집으로 바로 헤쳐 모이자.
응 파이팅! 막히는 거 있으면 혼자 고민 말고 바로 물어봐.
조금만 더 힘내! 퇴근할 때 지하철역까지 같이 걸어가자."
591,일반 대화,"이번 주 내내 야근이라니 체력 한계가 오는 것 같아.
나도 보면서 조마조마했어. 내가 맛있는 커피 사줄게.
고마워 단 거 들어가면 좀 낫겠다. 달달한 거 먹으러 가.
내가 빨리 끝내고 도와줄게 너무 걱정 마. 다 할 수 있어!
근데 이직하고 싶어도 이력서 쓸 시간이 없다는 게 함정.
주말에 쉬어야 뭘 준비를 하든가 하지. 악순환 반복이야.
당연하지 한우 투뿔로 쏠 테니까 나 좀 살려줘 야근 싫어.
알았어 ㅋㅋ 일단 각자 집중하자. 5시쯤 다시 상황 볼게.
빨리 씻고 침대에 눕고 싶다. 남은 시간 조금만 파이팅하자.
너무 고마워. 저녁 소고기 먹을 생각하면서 진짜 힘낼게!"
592,일반 대화,"아 오늘 퇴사 마렵다. 일 너무 많아 미치겠네.
나도 보면서 조마조마했어. 내가 맛있는 커피 사줄게.
휴게실 가서 커피 한 잔 할까? 뇌가 정지할 것 같아.
카페모카에 크림 잔뜩 올려서 마시자. 스트레스엔 단 거.
근데 이직하고 싶어도 이력서 쓸 시간이 없다는 게 함정.
다음 주 금요일이 마감이라던데 그때까지 무사히 버티자.
버티는 자가 승리하는 거지. 끝나면 연차 쓰고 푹 쉴래.
알았어 ㅋㅋ 일단 각자 집중하자. 5시쯤 다시 상황 볼게.
여행 완전 추천! 나도 같이 가고 싶어. 빨리 마무리하자.
너무 고마워. 저녁 소고기 먹을 생각하면서 진짜 힘낼게!"
593,일반 대화,"이번 주 내내 야근이라니 체력 한계가 오는 것 같아.
응 거의 다 했어. 마지막 오타 검수만 하면 끝날 거야.
나는 아직 PPT 수정할 게 산더미야. 디자인 너무 어려워.
내가 빨리 끝내고 도와줄게 너무 걱정 마. 다 할 수 있어!
근데 이직하고 싶어도 이력서 쓸 시간이 없다는 게 함정.
누가 내 일 대신해줬으면. 로또 당첨은 대체 언제 될까?
버티는 자가 승리하는 거지. 끝나면 연차 쓰고 푹 쉴래.
연차 쓰고 해외여행 갈까? 특가 항공권 뜨는지 좀 봐야겠다.
응 파이팅! 막히는 거 있으면 혼자 고민 말고 바로 물어봐.
이따가 저녁 뭐 먹을지나 고민하면서 일하자. 수고해!"
594,일반 대화,"이번 주 내내 야근이라니 체력 한계가 오는 것 같아.
응 거의 다 했어. 마지막 오타 검수만 하면 끝날 거야.
나는 아직 PPT 수정할 게 산더미야. 디자인 너무 어려워.
믹스커피 엄청 땡겼어. 아무도 안 보니까 빨리 다녀오자.
근데 이직하고 싶어도 이력서 쓸 시간이 없다는 게 함정.
다음 주 금요일이 마감이라던데 그때까지 무사히 버티자.
우리 오늘 저녁에 스트레스 풀게 치킨에 맥주나 한잔해?
완전 콜. 야근 끝나고 근처 치킨집으로 바로 헤쳐 모이자.
여행 완전 추천! 나도 같이 가고 싶어. 빨리 마무리하자.
너무 고마워. 저녁 소고기 먹을 생각하면서 진짜 힘낼게!"
595,일반 대화,"팀장님 왜 저러셔? 아까 회의 때 기분 완전 상했잖아.
나도 보면서 조마조마했어. 내가 맛있는 커피 사줄게.
휴게실 가서 커피 한 잔 할까? 뇌가 정지할 것 같아.
믹스커피 엄청 땡겼어. 아무도 안 보니까 빨리 다녀오자.
이번 프로젝트 진짜 언제 끝나냐. 끝이 안 보이는 느낌.
소고기 사주는 거다? ㅋㅋ 알았어 내 것부터 빨리 끝낼게.
로또 되면 사표 던지고 바로 세계 여행부터 떠날 거야.
완전 콜. 야근 끝나고 근처 치킨집으로 바로 헤쳐 모이자.
빨리 씻고 침대에 눕고 싶다. 남은 시간 조금만 파이팅하자.
이따가 저녁 뭐 먹을지나 고민하면서 일하자. 수고해!"
596,일반 대화,"드디어 내일 프로젝트 마감이네. 네 파트 다 끝나가?
주말에도 출근해야 할지도 모른다는데 완전 절망이야.
휴게실 가서 커피 한 잔 할까? 뇌가 정지할 것 같아.
믹스커피 엄청 땡겼어. 아무도 안 보니까 빨리 다녀오자.
근데 이직하고 싶어도 이력서 쓸 시간이 없다는 게 함정.
누가 내 일 대신해줬으면. 로또 당첨은 대체 언제 될까?
버티는 자가 승리하는 거지. 끝나면 연차 쓰고 푹 쉴래.
연차 쓰고 해외여행 갈까? 특가 항공권 뜨는지 좀 봐야겠다.
여행 완전 추천! 나도 같이 가고 싶어. 빨리 마무리하자.
너무 고마워. 저녁 소고기 먹을 생각하면서 진짜 힘낼게!"
597,일반 대화,"이번 주 내내 야근이라니 체력 한계가 오는 것 같아.
응 거의 다 했어. 마지막 오타 검수만 하면 끝날 거야.
주말 출근은 선 넘었지. 수당은 제대로 쳐주려나 몰라.
믹스커피 엄청 땡겼어. 아무도 안 보니까 빨리 다녀오자.
이번 프로젝트 진짜 언제 끝나냐. 끝이 안 보이는 느낌.
다음 주 금요일이 마감이라던데 그때까지 무사히 버티자.
버티는 자가 승리하는 거지. 끝나면 연차 쓰고 푹 쉴래.
연차 쓰고 해외여행 갈까? 특가 항공권 뜨는지 좀 봐야겠다.
응 파이팅! 막히는 거 있으면 혼자 고민 말고 바로 물어봐.
알았어 끝나고 내가 카톡 할게. 남은 업무 파이팅해!"
598,일반 대화,"팀장님 왜 저러셔? 아까 회의 때 기분 완전 상했잖아.
나도 그래. 하루 종일 모니터 봤더니 눈 빠질 것 같아.
고마워 단 거 들어가면 좀 낫겠다. 달달한 거 먹으러 가.
카페모카에 크림 잔뜩 올려서 마시자. 스트레스엔 단 거.
와 너 완전 천사다. 끝나면 내가 진짜 맛있는 저녁 쏜다.
다음 주 금요일이 마감이라던데 그때까지 무사히 버티자.
로또 되면 사표 던지고 바로 세계 여행부터 떠날 거야.
연차 쓰고 해외여행 갈까? 특가 항공권 뜨는지 좀 봐야겠다.
여행 완전 추천! 나도 같이 가고 싶어. 빨리 마무리하자.
알았어 끝나고 내가 카톡 할게. 남은 업무 파이팅해!"
599,일반 대화,"이번 주 내내 야근이라니 체력 한계가 오는 것 같아.
주말에도 출근해야 할지도 모른다는데 완전 절망이야.
휴게실 가서 커피 한 잔 할까? 뇌가 정지할 것 같아.
내가 빨리 끝내고 도와줄게 너무 걱정 마. 다 할 수 있어!
근데 이직하고 싶어도 이력서 쓸 시간이 없다는 게 함정.
소고기 사주는 거다? ㅋㅋ 알았어 내 것부터 빨리 끝낼게.
로또 되면 사표 던지고 바로 세계 여행부터 떠날 거야.
완전 콜. 야근 끝나고 근처 치킨집으로 바로 헤쳐 모이자.
여행 완전 추천! 나도 같이 가고 싶어. 빨리 마무리하자.
조금만 더 힘내! 퇴근할 때 지하철역까지 같이 걸어가자."
600,일반 대화,"드디어 내일 프로젝트 마감이네. 네 파트 다 끝나가?
응 거의 다 했어. 마지막 오타 검수만 하면 끝날 거야.
나는 아직 PPT 수정할 게 산더미야. 디자인 너무 어려워.
카페모카에 크림 잔뜩 올려서 마시자. 스트레스엔 단 거.
근데 이직하고 싶어도 이력서 쓸 시간이 없다는 게 함정.
소고기 사주는 거다? ㅋㅋ 알았어 내 것부터 빨리 끝낼게.
로또 되면 사표 던지고 바로 세계 여행부터 떠날 거야.
상상만 해도 행복하다. 현실은 엑셀 파일이나 정리해야지.
오늘 하루만 고생하자. 맛있는 거 먹을 생각하며 버티자.
이따가 저녁 뭐 먹을지나 고민하면서 일하자. 수고해!"
601,일반 대화,"팀장님 왜 저러셔? 아까 회의 때 기분 완전 상했잖아.
주말에도 출근해야 할지도 모른다는데 완전 절망이야.
고마워 단 거 들어가면 좀 낫겠다. 달달한 거 먹으러 가.
카페모카에 크림 잔뜩 올려서 마시자. 스트레스엔 단 거.
10분만 농땡이 치고 오자. 남은 업무량 보니까 답 없네.
누가 내 일 대신해줬으면. 로또 당첨은 대체 언제 될까?
당연하지 한우 투뿔로 쏠 테니까 나 좀 살려줘 야근 싫어.
연차 쓰고 해외여행 갈까? 특가 항공권 뜨는지 좀 봐야겠다.
오늘 하루만 고생하자. 맛있는 거 먹을 생각하며 버티자.
이따가 저녁 뭐 먹을지나 고민하면서 일하자. 수고해!"
602,일반 대화,"팀장님 왜 저러셔? 아까 회의 때 기분 완전 상했잖아.
응 거의 다 했어. 마지막 오타 검수만 하면 끝날 거야.
고마워 단 거 들어가면 좀 낫겠다. 달달한 거 먹으러 가.
내가 빨리 끝내고 도와줄게 너무 걱정 마. 다 할 수 있어!
와 너 완전 천사다. 끝나면 내가 진짜 맛있는 저녁 쏜다.
소고기 사주는 거다? ㅋㅋ 알았어 내 것부터 빨리 끝낼게.
버티는 자가 승리하는 거지. 끝나면 연차 쓰고 푹 쉴래.
완전 콜. 야근 끝나고 근처 치킨집으로 바로 헤쳐 모이자.
응 파이팅! 막히는 거 있으면 혼자 고민 말고 바로 물어봐.
너무 고마워. 저녁 소고기 먹을 생각하면서 진짜 힘낼게!"
603,일반 대화,"이번 주 내내 야근이라니 체력 한계가 오는 것 같아.
응 거의 다 했어. 마지막 오타 검수만 하면 끝날 거야.
고마워 단 거 들어가면 좀 낫겠다. 달달한 거 먹으러 가.
카페모카에 크림 잔뜩 올려서 마시자. 스트레스엔 단 거.
이번 프로젝트 진짜 언제 끝나냐. 끝이 안 보이는 느낌.
소고기 사주는 거다? ㅋㅋ 알았어 내 것부터 빨리 끝낼게.
당연하지 한우 투뿔로 쏠 테니까 나 좀 살려줘 야근 싫어.
상상만 해도 행복하다. 현실은 엑셀 파일이나 정리해야지.
오늘 하루만 고생하자. 맛있는 거 먹을 생각하며 버티자.
이따가 저녁 뭐 먹을지나 고민하면서 일하자. 수고해!"
604,일반 대화,"이번 주 내내 야근이라니 체력 한계가 오는 것 같아.
나도 그래. 하루 종일 모니터 봤더니 눈 빠질 것 같아.
주말 출근은 선 넘었지. 수당은 제대로 쳐주려나 몰라.
믹스커피 엄청 땡겼어. 아무도 안 보니까 빨리 다녀오자.
와 너 완전 천사다. 끝나면 내가 진짜 맛있는 저녁 쏜다.
누가 내 일 대신해줬으면. 로또 당첨은 대체 언제 될까?
버티는 자가 승리하는 거지. 끝나면 연차 쓰고 푹 쉴래.
연차 쓰고 해외여행 갈까? 특가 항공권 뜨는지 좀 봐야겠다.
오늘 하루만 고생하자. 맛있는 거 먹을 생각하며 버티자.
이따가 저녁 뭐 먹을지나 고민하면서 일하자. 수고해!"
605,일반 대화,"이번 주 내내 야근이라니 체력 한계가 오는 것 같아.
나도 그래. 하루 종일 모니터 봤더니 눈 빠질 것 같아.
고마워 단 거 들어가면 좀 낫겠다. 달달한 거 먹으러 가.
수당 안 주면 노동부에 신고할 거야. 진짜 너무 화난다.
이번 프로젝트 진짜 언제 끝나냐. 끝이 안 보이는 느낌.
소고기 사주는 거다? ㅋㅋ 알았어 내 것부터 빨리 끝낼게.
당연하지 한우 투뿔로 쏠 테니까 나 좀 살려줘 야근 싫어.
알았어 ㅋㅋ 일단 각자 집중하자. 5시쯤 다시 상황 볼게.
오늘 하루만 고생하자. 맛있는 거 먹을 생각하며 버티자.
너무 고마워. 저녁 소고기 먹을 생각하면서 진짜 힘낼게!"
606,일반 대화,"드디어 내일 프로젝트 마감이네. 네 파트 다 끝나가?
주말에도 출근해야 할지도 모른다는데 완전 절망이야.
나는 아직 PPT 수정할 게 산더미야. 디자인 너무 어려워.
카페모카에 크림 잔뜩 올려서 마시자. 스트레스엔 단 거.
와 너 완전 천사다. 끝나면 내가 진짜 맛있는 저녁 쏜다.
누가 내 일 대신해줬으면. 로또 당첨은 대체 언제 될까?
우리 오늘 저녁에 스트레스 풀게 치킨에 맥주나 한잔해?
상상만 해도 행복하다. 현실은 엑셀 파일이나 정리해야지.
여행 완전 추천! 나도 같이 가고 싶어. 빨리 마무리하자.
알았어 끝나고 내가 카톡 할게. 남은 업무 파이팅해!"
607,일반 대화,"이번 주 내내 야근이라니 체력 한계가 오는 것 같아.
응 거의 다 했어. 마지막 오타 검수만 하면 끝날 거야.
나는 아직 PPT 수정할 게 산더미야. 디자인 너무 어려워.
수당 안 주면 노동부에 신고할 거야. 진짜 너무 화난다.
이번 프로젝트 진짜 언제 끝나냐. 끝이 안 보이는 느낌.
소고기 사주는 거다? ㅋㅋ 알았어 내 것부터 빨리 끝낼게.
로또 되면 사표 던지고 바로 세계 여행부터 떠날 거야.
완전 콜. 야근 끝나고 근처 치킨집으로 바로 헤쳐 모이자.
여행 완전 추천! 나도 같이 가고 싶어. 빨리 마무리하자.
알았어 끝나고 내가 카톡 할게. 남은 업무 파이팅해!"
608,일반 대화,"아 오늘 퇴사 마렵다. 일 너무 많아 미치겠네.
나도 그래. 하루 종일 모니터 봤더니 눈 빠질 것 같아.
나는 아직 PPT 수정할 게 산더미야. 디자인 너무 어려워.
믹스커피 엄청 땡겼어. 아무도 안 보니까 빨리 다녀오자.
근데 이직하고 싶어도 이력서 쓸 시간이 없다는 게 함정.
다음 주 금요일이 마감이라던데 그때까지 무사히 버티자.
버티는 자가 승리하는 거지. 끝나면 연차 쓰고 푹 쉴래.
상상만 해도 행복하다. 현실은 엑셀 파일이나 정리해야지.
응 파이팅! 막히는 거 있으면 혼자 고민 말고 바로 물어봐.
이따가 저녁 뭐 먹을지나 고민하면서 일하자. 수고해!"
609,일반 대화,"팀장님 왜 저러셔? 아까 회의 때 기분 완전 상했잖아.
주말에도 출근해야 할지도 모른다는데 완전 절망이야.
고마워 단 거 들어가면 좀 낫겠다. 달달한 거 먹으러 가.
내가 빨리 끝내고 도와줄게 너무 걱정 마. 다 할 수 있어!
10분만 농땡이 치고 오자. 남은 업무량 보니까 답 없네.
다음 주 금요일이 마감이라던데 그때까지 무사히 버티자.
우리 오늘 저녁에 스트레스 풀게 치킨에 맥주나 한잔해?
상상만 해도 행복하다. 현실은 엑셀 파일이나 정리해야지.
응 파이팅! 막히는 거 있으면 혼자 고민 말고 바로 물어봐.
이따가 저녁 뭐 먹을지나 고민하면서 일하자. 수고해!"
610,일반 대화,"팀장님 왜 저러셔? 아까 회의 때 기분 완전 상했잖아.
나도 보면서 조마조마했어. 내가 맛있는 커피 사줄게.
휴게실 가서 커피 한 잔 할까? 뇌가 정지할 것 같아.
수당 안 주면 노동부에 신고할 거야. 진짜 너무 화난다.
이번 프로젝트 진짜 언제 끝나냐. 끝이 안 보이는 느낌.
누가 내 일 대신해줬으면. 로또 당첨은 대체 언제 될까?
버티는 자가 승리하는 거지. 끝나면 연차 쓰고 푹 쉴래.
상상만 해도 행복하다. 현실은 엑셀 파일이나 정리해야지.
오늘 하루만 고생하자. 맛있는 거 먹을 생각하며 버티자.
조금만 더 힘내! 퇴근할 때 지하철역까지 같이 걸어가자."
611,일반 대화,"드디어 내일 프로젝트 마감이네. 네 파트 다 끝나가?
나도 보면서 조마조마했어. 내가 맛있는 커피 사줄게.
휴게실 가서 커피 한 잔 할까? 뇌가 정지할 것 같아.
수당 안 주면 노동부에 신고할 거야. 진짜 너무 화난다.
와 너 완전 천사다. 끝나면 내가 진짜 맛있는 저녁 쏜다.
주말에 쉬어야 뭘 준비를 하든가 하지. 악순환 반복이야.
우리 오늘 저녁에 스트레스 풀게 치킨에 맥주나 한잔해?
알았어 ㅋㅋ 일단 각자 집중하자. 5시쯤 다시 상황 볼게.
여행 완전 추천! 나도 같이 가고 싶어. 빨리 마무리하자.
알았어 끝나고 내가 카톡 할게. 남은 업무 파이팅해!"
612,일반 대화,"드디어 내일 프로젝트 마감이네. 네 파트 다 끝나가?
주말에도 출근해야 할지도 모른다는데 완전 절망이야.
주말 출근은 선 넘었지. 수당은 제대로 쳐주려나 몰라.
믹스커피 엄청 땡겼어. 아무도 안 보니까 빨리 다녀오자.
와 너 완전 천사다. 끝나면 내가 진짜 맛있는 저녁 쏜다.
다음 주 금요일이 마감이라던데 그때까지 무사히 버티자.
우리 오늘 저녁에 스트레스 풀게 치킨에 맥주나 한잔해?
완전 콜. 야근 끝나고 근처 치킨집으로 바로 헤쳐 모이자.
응 파이팅! 막히는 거 있으면 혼자 고민 말고 바로 물어봐.
이따가 저녁 뭐 먹을지나 고민하면서 일하자. 수고해!"
613,일반 대화,"아 오늘 퇴사 마렵다. 일 너무 많아 미치겠네.
응 거의 다 했어. 마지막 오타 검수만 하면 끝날 거야.
나는 아직 PPT 수정할 게 산더미야. 디자인 너무 어려워.
수당 안 주면 노동부에 신고할 거야. 진짜 너무 화난다.
와 너 완전 천사다. 끝나면 내가 진짜 맛있는 저녁 쏜다.
누가 내 일 대신해줬으면. 로또 당첨은 대체 언제 될까?
우리 오늘 저녁에 스트레스 풀게 치킨에 맥주나 한잔해?
완전 콜. 야근 끝나고 근처 치킨집으로 바로 헤쳐 모이자.
여행 완전 추천! 나도 같이 가고 싶어. 빨리 마무리하자.
이따가 저녁 뭐 먹을지나 고민하면서 일하자. 수고해!"
614,일반 대화,"드디어 내일 프로젝트 마감이네. 네 파트 다 끝나가?
나도 그래. 하루 종일 모니터 봤더니 눈 빠질 것 같아.
휴게실 가서 커피 한 잔 할까? 뇌가 정지할 것 같아.
내가 빨리 끝내고 도와줄게 너무 걱정 마. 다 할 수 있어!
이번 프로젝트 진짜 언제 끝나냐. 끝이 안 보이는 느낌.
소고기 사주는 거다? ㅋㅋ 알았어 내 것부터 빨리 끝낼게.
우리 오늘 저녁에 스트레스 풀게 치킨에 맥주나 한잔해?
상상만 해도 행복하다. 현실은 엑셀 파일이나 정리해야지.
응 파이팅! 막히는 거 있으면 혼자 고민 말고 바로 물어봐.
이따가 저녁 뭐 먹을지나 고민하면서 일하자. 수고해!"
615,일반 대화,"아 오늘 퇴사 마렵다. 일 너무 많아 미치겠네.
나도 보면서 조마조마했어. 내가 맛있는 커피 사줄게.
휴게실 가서 커피 한 잔 할까? 뇌가 정지할 것 같아.
믹스커피 엄청 땡겼어. 아무도 안 보니까 빨리 다녀오자.
10분만 농땡이 치고 오자. 남은 업무량 보니까 답 없네.
누가 내 일 대신해줬으면. 로또 당첨은 대체 언제 될까?
로또 되면 사표 던지고 바로 세계 여행부터 떠날 거야.
연차 쓰고 해외여행 갈까? 특가 항공권 뜨는지 좀 봐야겠다.
빨리 씻고 침대에 눕고 싶다. 남은 시간 조금만 파이팅하자.
조금만 더 힘내! 퇴근할 때 지하철역까지 같이 걸어가자."
616,일반 대화,"드디어 내일 프로젝트 마감이네. 네 파트 다 끝나가?
나도 그래. 하루 종일 모니터 봤더니 눈 빠질 것 같아.
고마워 단 거 들어가면 좀 낫겠다. 달달한 거 먹으러 가.
내가 빨리 끝내고 도와줄게 너무 걱정 마. 다 할 수 있어!
10분만 농땡이 치고 오자. 남은 업무량 보니까 답 없네.
누가 내 일 대신해줬으면. 로또 당첨은 대체 언제 될까?
버티는 자가 승리하는 거지. 끝나면 연차 쓰고 푹 쉴래.
알았어 ㅋㅋ 일단 각자 집중하자. 5시쯤 다시 상황 볼게.
여행 완전 추천! 나도 같이 가고 싶어. 빨리 마무리하자.
알았어 끝나고 내가 카톡 할게. 남은 업무 파이팅해!"
617,일반 대화,"이번 주 내내 야근이라니 체력 한계가 오는 것 같아.
나도 보면서 조마조마했어. 내가 맛있는 커피 사줄게.
휴게실 가서 커피 한 잔 할까? 뇌가 정지할 것 같아.
믹스커피 엄청 땡겼어. 아무도 안 보니까 빨리 다녀오자.
10분만 농땡이 치고 오자. 남은 업무량 보니까 답 없네.
누가 내 일 대신해줬으면. 로또 당첨은 대체 언제 될까?
버티는 자가 승리하는 거지. 끝나면 연차 쓰고 푹 쉴래.
알았어 ㅋㅋ 일단 각자 집중하자. 5시쯤 다시 상황 볼게.
빨리 씻고 침대에 눕고 싶다. 남은 시간 조금만 파이팅하자.
이따가 저녁 뭐 먹을지나 고민하면서 일하자. 수고해!"
618,일반 대화,"팀장님 왜 저러셔? 아까 회의 때 기분 완전 상했잖아.
응 거의 다 했어. 마지막 오타 검수만 하면 끝날 거야.
휴게실 가서 커피 한 잔 할까? 뇌가 정지할 것 같아.
카페모카에 크림 잔뜩 올려서 마시자. 스트레스엔 단 거.
와 너 완전 천사다. 끝나면 내가 진짜 맛있는 저녁 쏜다.
다음 주 금요일이 마감이라던데 그때까지 무사히 버티자.
우리 오늘 저녁에 스트레스 풀게 치킨에 맥주나 한잔해?
알았어 ㅋㅋ 일단 각자 집중하자. 5시쯤 다시 상황 볼게.
빨리 씻고 침대에 눕고 싶다. 남은 시간 조금만 파이팅하자.
알았어 끝나고 내가 카톡 할게. 남은 업무 파이팅해!"
619,일반 대화,"드디어 내일 프로젝트 마감이네. 네 파트 다 끝나가?
주말에도 출근해야 할지도 모른다는데 완전 절망이야.
휴게실 가서 커피 한 잔 할까? 뇌가 정지할 것 같아.
수당 안 주면 노동부에 신고할 거야. 진짜 너무 화난다.
10분만 농땡이 치고 오자. 남은 업무량 보니까 답 없네.
소고기 사주는 거다? ㅋㅋ 알았어 내 것부터 빨리 끝낼게.
당연하지 한우 투뿔로 쏠 테니까 나 좀 살려줘 야근 싫어.
상상만 해도 행복하다. 현실은 엑셀 파일이나 정리해야지.
여행 완전 추천! 나도 같이 가고 싶어. 빨리 마무리하자.
알았어 끝나고 내가 카톡 할게. 남은 업무 파이팅해!"
620,일반 대화,"아 오늘 퇴사 마렵다. 일 너무 많아 미치겠네.
응 거의 다 했어. 마지막 오타 검수만 하면 끝날 거야.
휴게실 가서 커피 한 잔 할까? 뇌가 정지할 것 같아.
내가 빨리 끝내고 도와줄게 너무 걱정 마. 다 할 수 있어!
이번 프로젝트 진짜 언제 끝나냐. 끝이 안 보이는 느낌.
다음 주 금요일이 마감이라던데 그때까지 무사히 버티자.
당연하지 한우 투뿔로 쏠 테니까 나 좀 살려줘 야근 싫어.
연차 쓰고 해외여행 갈까? 특가 항공권 뜨는지 좀 봐야겠다.
빨리 씻고 침대에 눕고 싶다. 남은 시간 조금만 파이팅하자.
이따가 저녁 뭐 먹을지나 고민하면서 일하자. 수고해!"
621,일반 대화,"팀장님 왜 저러셔? 아까 회의 때 기분 완전 상했잖아.
나도 그래. 하루 종일 모니터 봤더니 눈 빠질 것 같아.
고마워 단 거 들어가면 좀 낫겠다. 달달한 거 먹으러 가.
내가 빨리 끝내고 도와줄게 너무 걱정 마. 다 할 수 있어!
근데 이직하고 싶어도 이력서 쓸 시간이 없다는 게 함정.
소고기 사주는 거다? ㅋㅋ 알았어 내 것부터 빨리 끝낼게.
우리 오늘 저녁에 스트레스 풀게 치킨에 맥주나 한잔해?
완전 콜. 야근 끝나고 근처 치킨집으로 바로 헤쳐 모이자.
여행 완전 추천! 나도 같이 가고 싶어. 빨리 마무리하자.
너무 고마워. 저녁 소고기 먹을 생각하면서 진짜 힘낼게!"
622,일반 대화,"아 오늘 퇴사 마렵다. 일 너무 많아 미치겠네.
주말에도 출근해야 할지도 모른다는데 완전 절망이야.
나는 아직 PPT 수정할 게 산더미야. 디자인 너무 어려워.
내가 빨리 끝내고 도와줄게 너무 걱정 마. 다 할 수 있어!
근데 이직하고 싶어도 이력서 쓸 시간이 없다는 게 함정.
주말에 쉬어야 뭘 준비를 하든가 하지. 악순환 반복이야.
로또 되면 사표 던지고 바로 세계 여행부터 떠날 거야.
완전 콜. 야근 끝나고 근처 치킨집으로 바로 헤쳐 모이자.
응 파이팅! 막히는 거 있으면 혼자 고민 말고 바로 물어봐.
너무 고마워. 저녁 소고기 먹을 생각하면서 진짜 힘낼게!"
623,일반 대화,"아 오늘 퇴사 마렵다. 일 너무 많아 미치겠네.
주말에도 출근해야 할지도 모른다는데 완전 절망이야.
나는 아직 PPT 수정할 게 산더미야. 디자인 너무 어려워.
수당 안 주면 노동부에 신고할 거야. 진짜 너무 화난다.
10분만 농땡이 치고 오자. 남은 업무량 보니까 답 없네.
누가 내 일 대신해줬으면. 로또 당첨은 대체 언제 될까?
당연하지 한우 투뿔로 쏠 테니까 나 좀 살려줘 야근 싫어.
알았어 ㅋㅋ 일단 각자 집중하자. 5시쯤 다시 상황 볼게.
빨리 씻고 침대에 눕고 싶다. 남은 시간 조금만 파이팅하자.
이따가 저녁 뭐 먹을지나 고민하면서 일하자. 수고해!"
624,일반 대화,"팀장님 왜 저러셔? 아까 회의 때 기분 완전 상했잖아.
주말에도 출근해야 할지도 모른다는데 완전 절망이야.
고마워 단 거 들어가면 좀 낫겠다. 달달한 거 먹으러 가.
내가 빨리 끝내고 도와줄게 너무 걱정 마. 다 할 수 있어!
10분만 농땡이 치고 오자. 남은 업무량 보니까 답 없네.
주말에 쉬어야 뭘 준비를 하든가 하지. 악순환 반복이야.
버티는 자가 승리하는 거지. 끝나면 연차 쓰고 푹 쉴래.
연차 쓰고 해외여행 갈까? 특가 항공권 뜨는지 좀 봐야겠다.
오늘 하루만 고생하자. 맛있는 거 먹을 생각하며 버티자.
조금만 더 힘내! 퇴근할 때 지하철역까지 같이 걸어가자."
625,일반 대화,"팀장님 왜 저러셔? 아까 회의 때 기분 완전 상했잖아.
주말에도 출근해야 할지도 모른다는데 완전 절망이야.
나는 아직 PPT 수정할 게 산더미야. 디자인 너무 어려워.
믹스커피 엄청 땡겼어. 아무도 안 보니까 빨리 다녀오자.
와 너 완전 천사다. 끝나면 내가 진짜 맛있는 저녁 쏜다.
주말에 쉬어야 뭘 준비를 하든가 하지. 악순환 반복이야.
로또 되면 사표 던지고 바로 세계 여행부터 떠날 거야.
상상만 해도 행복하다. 현실은 엑셀 파일이나 정리해야지.
응 파이팅! 막히는 거 있으면 혼자 고민 말고 바로 물어봐.
알았어 끝나고 내가 카톡 할게. 남은 업무 파이팅해!"
626,일반 대화,"아 오늘 퇴사 마렵다. 일 너무 많아 미치겠네.
나도 그래. 하루 종일 모니터 봤더니 눈 빠질 것 같아.
휴게실 가서 커피 한 잔 할까? 뇌가 정지할 것 같아.
수당 안 주면 노동부에 신고할 거야. 진짜 너무 화난다.
와 너 완전 천사다. 끝나면 내가 진짜 맛있는 저녁 쏜다.
소고기 사주는 거다? ㅋㅋ 알았어 내 것부터 빨리 끝낼게.
당연하지 한우 투뿔로 쏠 테니까 나 좀 살려줘 야근 싫어.
완전 콜. 야근 끝나고 근처 치킨집으로 바로 헤쳐 모이자.
여행 완전 추천! 나도 같이 가고 싶어. 빨리 마무리하자.
알았어 끝나고 내가 카톡 할게. 남은 업무 파이팅해!"
627,일반 대화,"이번 주 내내 야근이라니 체력 한계가 오는 것 같아.
나도 그래. 하루 종일 모니터 봤더니 눈 빠질 것 같아.
휴게실 가서 커피 한 잔 할까? 뇌가 정지할 것 같아.
카페모카에 크림 잔뜩 올려서 마시자. 스트레스엔 단 거.
10분만 농땡이 치고 오자. 남은 업무량 보니까 답 없네.
다음 주 금요일이 마감이라던데 그때까지 무사히 버티자.
로또 되면 사표 던지고 바로 세계 여행부터 떠날 거야.
알았어 ㅋㅋ 일단 각자 집중하자. 5시쯤 다시 상황 볼게.
빨리 씻고 침대에 눕고 싶다. 남은 시간 조금만 파이팅하자.
조금만 더 힘내! 퇴근할 때 지하철역까지 같이 걸어가자."
628,일반 대화,"드디어 내일 프로젝트 마감이네. 네 파트 다 끝나가?
나도 보면서 조마조마했어. 내가 맛있는 커피 사줄게.
주말 출근은 선 넘었지. 수당은 제대로 쳐주려나 몰라.
믹스커피 엄청 땡겼어. 아무도 안 보니까 빨리 다녀오자.
와 너 완전 천사다. 끝나면 내가 진짜 맛있는 저녁 쏜다.
누가 내 일 대신해줬으면. 로또 당첨은 대체 언제 될까?
로또 되면 사표 던지고 바로 세계 여행부터 떠날 거야.
완전 콜. 야근 끝나고 근처 치킨집으로 바로 헤쳐 모이자.
응 파이팅! 막히는 거 있으면 혼자 고민 말고 바로 물어봐.
조금만 더 힘내! 퇴근할 때 지하철역까지 같이 걸어가자."
629,일반 대화,"이번 주 내내 야근이라니 체력 한계가 오는 것 같아.
응 거의 다 했어. 마지막 오타 검수만 하면 끝날 거야.
주말 출근은 선 넘었지. 수당은 제대로 쳐주려나 몰라.
수당 안 주면 노동부에 신고할 거야. 진짜 너무 화난다.
근데 이직하고 싶어도 이력서 쓸 시간이 없다는 게 함정.
소고기 사주는 거다? ㅋㅋ 알았어 내 것부터 빨리 끝낼게.
버티는 자가 승리하는 거지. 끝나면 연차 쓰고 푹 쉴래.
연차 쓰고 해외여행 갈까? 특가 항공권 뜨는지 좀 봐야겠다.
여행 완전 추천! 나도 같이 가고 싶어. 빨리 마무리하자.
알았어 끝나고 내가 카톡 할게. 남은 업무 파이팅해!"
630,일반 대화,"아 오늘 퇴사 마렵다. 일 너무 많아 미치겠네.
나도 그래. 하루 종일 모니터 봤더니 눈 빠질 것 같아.
고마워 단 거 들어가면 좀 낫겠다. 달달한 거 먹으러 가.
내가 빨리 끝내고 도와줄게 너무 걱정 마. 다 할 수 있어!
10분만 농땡이 치고 오자. 남은 업무량 보니까 답 없네.
주말에 쉬어야 뭘 준비를 하든가 하지. 악순환 반복이야.
우리 오늘 저녁에 스트레스 풀게 치킨에 맥주나 한잔해?
연차 쓰고 해외여행 갈까? 특가 항공권 뜨는지 좀 봐야겠다.
빨리 씻고 침대에 눕고 싶다. 남은 시간 조금만 파이팅하자.
이따가 저녁 뭐 먹을지나 고민하면서 일하자. 수고해!"
631,일반 대화,"아 오늘 퇴사 마렵다. 일 너무 많아 미치겠네.
응 거의 다 했어. 마지막 오타 검수만 하면 끝날 거야.
휴게실 가서 커피 한 잔 할까? 뇌가 정지할 것 같아.
내가 빨리 끝내고 도와줄게 너무 걱정 마. 다 할 수 있어!
10분만 농땡이 치고 오자. 남은 업무량 보니까 답 없네.
주말에 쉬어야 뭘 준비를 하든가 하지. 악순환 반복이야.
당연하지 한우 투뿔로 쏠 테니까 나 좀 살려줘 야근 싫어.
연차 쓰고 해외여행 갈까? 특가 항공권 뜨는지 좀 봐야겠다.
응 파이팅! 막히는 거 있으면 혼자 고민 말고 바로 물어봐.
너무 고마워. 저녁 소고기 먹을 생각하면서 진짜 힘낼게!"
632,일반 대화,"이번 주 내내 야근이라니 체력 한계가 오는 것 같아.
나도 그래. 하루 종일 모니터 봤더니 눈 빠질 것 같아.
휴게실 가서 커피 한 잔 할까? 뇌가 정지할 것 같아.
내가 빨리 끝내고 도와줄게 너무 걱정 마. 다 할 수 있어!
10분만 농땡이 치고 오자. 남은 업무량 보니까 답 없네.
다음 주 금요일이 마감이라던데 그때까지 무사히 버티자.
버티는 자가 승리하는 거지. 끝나면 연차 쓰고 푹 쉴래.
알았어 ㅋㅋ 일단 각자 집중하자. 5시쯤 다시 상황 볼게.
빨리 씻고 침대에 눕고 싶다. 남은 시간 조금만 파이팅하자.
조금만 더 힘내! 퇴근할 때 지하철역까지 같이 걸어가자."
633,일반 대화,"이번 주 내내 야근이라니 체력 한계가 오는 것 같아.
나도 보면서 조마조마했어. 내가 맛있는 커피 사줄게.
주말 출근은 선 넘었지. 수당은 제대로 쳐주려나 몰라.
수당 안 주면 노동부에 신고할 거야. 진짜 너무 화난다.
근데 이직하고 싶어도 이력서 쓸 시간이 없다는 게 함정.
소고기 사주는 거다? ㅋㅋ 알았어 내 것부터 빨리 끝낼게.
당연하지 한우 투뿔로 쏠 테니까 나 좀 살려줘 야근 싫어.
완전 콜. 야근 끝나고 근처 치킨집으로 바로 헤쳐 모이자.
오늘 하루만 고생하자. 맛있는 거 먹을 생각하며 버티자.
조금만 더 힘내! 퇴근할 때 지하철역까지 같이 걸어가자."
634,일반 대화,"팀장님 왜 저러셔? 아까 회의 때 기분 완전 상했잖아.
나도 보면서 조마조마했어. 내가 맛있는 커피 사줄게.
주말 출근은 선 넘었지. 수당은 제대로 쳐주려나 몰라.
내가 빨리 끝내고 도와줄게 너무 걱정 마. 다 할 수 있어!
이번 프로젝트 진짜 언제 끝나냐. 끝이 안 보이는 느낌.
누가 내 일 대신해줬으면. 로또 당첨은 대체 언제 될까?
우리 오늘 저녁에 스트레스 풀게 치킨에 맥주나 한잔해?
연차 쓰고 해외여행 갈까? 특가 항공권 뜨는지 좀 봐야겠다.
오늘 하루만 고생하자. 맛있는 거 먹을 생각하며 버티자.
이따가 저녁 뭐 먹을지나 고민하면서 일하자. 수고해!"
635,일반 대화,"이번 주 내내 야근이라니 체력 한계가 오는 것 같아.
응 거의 다 했어. 마지막 오타 검수만 하면 끝날 거야.
고마워 단 거 들어가면 좀 낫겠다. 달달한 거 먹으러 가.
내가 빨리 끝내고 도와줄게 너무 걱정 마. 다 할 수 있어!
이번 프로젝트 진짜 언제 끝나냐. 끝이 안 보이는 느낌.
다음 주 금요일이 마감이라던데 그때까지 무사히 버티자.
우리 오늘 저녁에 스트레스 풀게 치킨에 맥주나 한잔해?
연차 쓰고 해외여행 갈까? 특가 항공권 뜨는지 좀 봐야겠다.
여행 완전 추천! 나도 같이 가고 싶어. 빨리 마무리하자.
너무 고마워. 저녁 소고기 먹을 생각하면서 진짜 힘낼게!"
636,일반 대화,"이번 주 내내 야근이라니 체력 한계가 오는 것 같아.
나도 보면서 조마조마했어. 내가 맛있는 커피 사줄게.
휴게실 가서 커피 한 잔 할까? 뇌가 정지할 것 같아.
믹스커피 엄청 땡겼어. 아무도 안 보니까 빨리 다녀오자.
와 너 완전 천사다. 끝나면 내가 진짜 맛있는 저녁 쏜다.
주말에 쉬어야 뭘 준비를 하든가 하지. 악순환 반복이야.
버티는 자가 승리하는 거지. 끝나면 연차 쓰고 푹 쉴래.
상상만 해도 행복하다. 현실은 엑셀 파일이나 정리해야지.
오늘 하루만 고생하자. 맛있는 거 먹을 생각하며 버티자.
알았어 끝나고 내가 카톡 할게. 남은 업무 파이팅해!"
637,일반 대화,"드디어 내일 프로젝트 마감이네. 네 파트 다 끝나가?
주말에도 출근해야 할지도 모른다는데 완전 절망이야.
휴게실 가서 커피 한 잔 할까? 뇌가 정지할 것 같아.
수당 안 주면 노동부에 신고할 거야. 진짜 너무 화난다.
와 너 완전 천사다. 끝나면 내가 진짜 맛있는 저녁 쏜다.
다음 주 금요일이 마감이라던데 그때까지 무사히 버티자.
로또 되면 사표 던지고 바로 세계 여행부터 떠날 거야.
알았어 ㅋㅋ 일단 각자 집중하자. 5시쯤 다시 상황 볼게.
여행 완전 추천! 나도 같이 가고 싶어. 빨리 마무리하자.
조금만 더 힘내! 퇴근할 때 지하철역까지 같이 걸어가자."
638,일반 대화,"팀장님 왜 저러셔? 아까 회의 때 기분 완전 상했잖아.
나도 보면서 조마조마했어. 내가 맛있는 커피 사줄게.
휴게실 가서 커피 한 잔 할까? 뇌가 정지할 것 같아.
믹스커피 엄청 땡겼어. 아무도 안 보니까 빨리 다녀오자.
이번 프로젝트 진짜 언제 끝나냐. 끝이 안 보이는 느낌.
소고기 사주는 거다? ㅋㅋ 알았어 내 것부터 빨리 끝낼게.
로또 되면 사표 던지고 바로 세계 여행부터 떠날 거야.
상상만 해도 행복하다. 현실은 엑셀 파일이나 정리해야지.
빨리 씻고 침대에 눕고 싶다. 남은 시간 조금만 파이팅하자.
너무 고마워. 저녁 소고기 먹을 생각하면서 진짜 힘낼게!"
639,일반 대화,"팀장님 왜 저러셔? 아까 회의 때 기분 완전 상했잖아.
나도 그래. 하루 종일 모니터 봤더니 눈 빠질 것 같아.
나는 아직 PPT 수정할 게 산더미야. 디자인 너무 어려워.
수당 안 주면 노동부에 신고할 거야. 진짜 너무 화난다.
와 너 완전 천사다. 끝나면 내가 진짜 맛있는 저녁 쏜다.
누가 내 일 대신해줬으면. 로또 당첨은 대체 언제 될까?
당연하지 한우 투뿔로 쏠 테니까 나 좀 살려줘 야근 싫어.
연차 쓰고 해외여행 갈까? 특가 항공권 뜨는지 좀 봐야겠다.
여행 완전 추천! 나도 같이 가고 싶어. 빨리 마무리하자.
이따가 저녁 뭐 먹을지나 고민하면서 일하자. 수고해!"
640,일반 대화,"아 오늘 퇴사 마렵다. 일 너무 많아 미치겠네.
주말에도 출근해야 할지도 모른다는데 완전 절망이야.
주말 출근은 선 넘었지. 수당은 제대로 쳐주려나 몰라.
카페모카에 크림 잔뜩 올려서 마시자. 스트레스엔 단 거.
와 너 완전 천사다. 끝나면 내가 진짜 맛있는 저녁 쏜다.
소고기 사주는 거다? ㅋㅋ 알았어 내 것부터 빨리 끝낼게.
우리 오늘 저녁에 스트레스 풀게 치킨에 맥주나 한잔해?
상상만 해도 행복하다. 현실은 엑셀 파일이나 정리해야지.
오늘 하루만 고생하자. 맛있는 거 먹을 생각하며 버티자.
이따가 저녁 뭐 먹을지나 고민하면서 일하자. 수고해!"
641,일반 대화,"이번 주 내내 야근이라니 체력 한계가 오는 것 같아.
나도 그래. 하루 종일 모니터 봤더니 눈 빠질 것 같아.
나는 아직 PPT 수정할 게 산더미야. 디자인 너무 어려워.
카페모카에 크림 잔뜩 올려서 마시자. 스트레스엔 단 거.
10분만 농땡이 치고 오자. 남은 업무량 보니까 답 없네.
주말에 쉬어야 뭘 준비를 하든가 하지. 악순환 반복이야.
당연하지 한우 투뿔로 쏠 테니까 나 좀 살려줘 야근 싫어.
상상만 해도 행복하다. 현실은 엑셀 파일이나 정리해야지.
오늘 하루만 고생하자. 맛있는 거 먹을 생각하며 버티자.
이따가 저녁 뭐 먹을지나 고민하면서 일하자. 수고해!"
642,일반 대화,"이번 주 내내 야근이라니 체력 한계가 오는 것 같아.
주말에도 출근해야 할지도 모른다는데 완전 절망이야.
나는 아직 PPT 수정할 게 산더미야. 디자인 너무 어려워.
내가 빨리 끝내고 도와줄게 너무 걱정 마. 다 할 수 있어!
10분만 농땡이 치고 오자. 남은 업무량 보니까 답 없네.
주말에 쉬어야 뭘 준비를 하든가 하지. 악순환 반복이야.
로또 되면 사표 던지고 바로 세계 여행부터 떠날 거야.
상상만 해도 행복하다. 현실은 엑셀 파일이나 정리해야지.
응 파이팅! 막히는 거 있으면 혼자 고민 말고 바로 물어봐.
이따가 저녁 뭐 먹을지나 고민하면서 일하자. 수고해!"
643,일반 대화,"아 오늘 퇴사 마렵다. 일 너무 많아 미치겠네.
주말에도 출근해야 할지도 모른다는데 완전 절망이야.
고마워 단 거 들어가면 좀 낫겠다. 달달한 거 먹으러 가.
수당 안 주면 노동부에 신고할 거야. 진짜 너무 화난다.
10분만 농땡이 치고 오자. 남은 업무량 보니까 답 없네.
주말에 쉬어야 뭘 준비를 하든가 하지. 악순환 반복이야.
버티는 자가 승리하는 거지. 끝나면 연차 쓰고 푹 쉴래.
완전 콜. 야근 끝나고 근처 치킨집으로 바로 헤쳐 모이자.
오늘 하루만 고생하자. 맛있는 거 먹을 생각하며 버티자.
조금만 더 힘내! 퇴근할 때 지하철역까지 같이 걸어가자."
644,일반 대화,"드디어 내일 프로젝트 마감이네. 네 파트 다 끝나가?
나도 그래. 하루 종일 모니터 봤더니 눈 빠질 것 같아.
나는 아직 PPT 수정할 게 산더미야. 디자인 너무 어려워.
내가 빨리 끝내고 도와줄게 너무 걱정 마. 다 할 수 있어!
이번 프로젝트 진짜 언제 끝나냐. 끝이 안 보이는 느낌.
다음 주 금요일이 마감이라던데 그때까지 무사히 버티자.
우리 오늘 저녁에 스트레스 풀게 치킨에 맥주나 한잔해?
완전 콜. 야근 끝나고 근처 치킨집으로 바로 헤쳐 모이자.
응 파이팅! 막히는 거 있으면 혼자 고민 말고 바로 물어봐.
너무 고마워. 저녁 소고기 먹을 생각하면서 진짜 힘낼게!"
645,일반 대화,"팀장님 왜 저러셔? 아까 회의 때 기분 완전 상했잖아.
주말에도 출근해야 할지도 모른다는데 완전 절망이야.
나는 아직 PPT 수정할 게 산더미야. 디자인 너무 어려워.
믹스커피 엄청 땡겼어. 아무도 안 보니까 빨리 다녀오자.
10분만 농땡이 치고 오자. 남은 업무량 보니까 답 없네.
누가 내 일 대신해줬으면. 로또 당첨은 대체 언제 될까?
우리 오늘 저녁에 스트레스 풀게 치킨에 맥주나 한잔해?
상상만 해도 행복하다. 현실은 엑셀 파일이나 정리해야지.
응 파이팅! 막히는 거 있으면 혼자 고민 말고 바로 물어봐.
조금만 더 힘내! 퇴근할 때 지하철역까지 같이 걸어가자."
646,일반 대화,"드디어 내일 프로젝트 마감이네. 네 파트 다 끝나가?
나도 그래. 하루 종일 모니터 봤더니 눈 빠질 것 같아.
주말 출근은 선 넘었지. 수당은 제대로 쳐주려나 몰라.
카페모카에 크림 잔뜩 올려서 마시자. 스트레스엔 단 거.
이번 프로젝트 진짜 언제 끝나냐. 끝이 안 보이는 느낌.
주말에 쉬어야 뭘 준비를 하든가 하지. 악순환 반복이야.
당연하지 한우 투뿔로 쏠 테니까 나 좀 살려줘 야근 싫어.
연차 쓰고 해외여행 갈까? 특가 항공권 뜨는지 좀 봐야겠다.
오늘 하루만 고생하자. 맛있는 거 먹을 생각하며 버티자.
너무 고마워. 저녁 소고기 먹을 생각하면서 진짜 힘낼게!"
647,일반 대화,"이번 주 내내 야근이라니 체력 한계가 오는 것 같아.
주말에도 출근해야 할지도 모른다는데 완전 절망이야.
나는 아직 PPT 수정할 게 산더미야. 디자인 너무 어려워.
믹스커피 엄청 땡겼어. 아무도 안 보니까 빨리 다녀오자.
10분만 농땡이 치고 오자. 남은 업무량 보니까 답 없네.
다음 주 금요일이 마감이라던데 그때까지 무사히 버티자.
버티는 자가 승리하는 거지. 끝나면 연차 쓰고 푹 쉴래.
완전 콜. 야근 끝나고 근처 치킨집으로 바로 헤쳐 모이자.
응 파이팅! 막히는 거 있으면 혼자 고민 말고 바로 물어봐.
조금만 더 힘내! 퇴근할 때 지하철역까지 같이 걸어가자."
648,일반 대화,"팀장님 왜 저러셔? 아까 회의 때 기분 완전 상했잖아.
나도 보면서 조마조마했어. 내가 맛있는 커피 사줄게.
고마워 단 거 들어가면 좀 낫겠다. 달달한 거 먹으러 가.
카페모카에 크림 잔뜩 올려서 마시자. 스트레스엔 단 거.
이번 프로젝트 진짜 언제 끝나냐. 끝이 안 보이는 느낌.
다음 주 금요일이 마감이라던데 그때까지 무사히 버티자.
우리 오늘 저녁에 스트레스 풀게 치킨에 맥주나 한잔해?
상상만 해도 행복하다. 현실은 엑셀 파일이나 정리해야지.
응 파이팅! 막히는 거 있으면 혼자 고민 말고 바로 물어봐.
너무 고마워. 저녁 소고기 먹을 생각하면서 진짜 힘낼게!"
649,일반 대화,"팀장님 왜 저러셔? 아까 회의 때 기분 완전 상했잖아.
나도 보면서 조마조마했어. 내가 맛있는 커피 사줄게.
나는 아직 PPT 수정할 게 산더미야. 디자인 너무 어려워.
내가 빨리 끝내고 도와줄게 너무 걱정 마. 다 할 수 있어!
이번 프로젝트 진짜 언제 끝나냐. 끝이 안 보이는 느낌.
주말에 쉬어야 뭘 준비를 하든가 하지. 악순환 반복이야.
버티는 자가 승리하는 거지. 끝나면 연차 쓰고 푹 쉴래.
완전 콜. 야근 끝나고 근처 치킨집으로 바로 헤쳐 모이자.
응 파이팅! 막히는 거 있으면 혼자 고민 말고 바로 물어봐.
조금만 더 힘내! 퇴근할 때 지하철역까지 같이 걸어가자."
650,일반 대화,"팀장님 왜 저러셔? 아까 회의 때 기분 완전 상했잖아.
나도 보면서 조마조마했어. 내가 맛있는 커피 사줄게.
주말 출근은 선 넘었지. 수당은 제대로 쳐주려나 몰라.
카페모카에 크림 잔뜩 올려서 마시자. 스트레스엔 단 거.
이번 프로젝트 진짜 언제 끝나냐. 끝이 안 보이는 느낌.
누가 내 일 대신해줬으면. 로또 당첨은 대체 언제 될까?
우리 오늘 저녁에 스트레스 풀게 치킨에 맥주나 한잔해?
연차 쓰고 해외여행 갈까? 특가 항공권 뜨는지 좀 봐야겠다.
오늘 하루만 고생하자. 맛있는 거 먹을 생각하며 버티자.
조금만 더 힘내! 퇴근할 때 지하철역까지 같이 걸어가자."
651,일반 대화,"팀장님 왜 저러셔? 아까 회의 때 기분 완전 상했잖아.
주말에도 출근해야 할지도 모른다는데 완전 절망이야.
고마워 단 거 들어가면 좀 낫겠다. 달달한 거 먹으러 가.
수당 안 주면 노동부에 신고할 거야. 진짜 너무 화난다.
와 너 완전 천사다. 끝나면 내가 진짜 맛있는 저녁 쏜다.
소고기 사주는 거다? ㅋㅋ 알았어 내 것부터 빨리 끝낼게.
당연하지 한우 투뿔로 쏠 테니까 나 좀 살려줘 야근 싫어.
알았어 ㅋㅋ 일단 각자 집중하자. 5시쯤 다시 상황 볼게.
빨리 씻고 침대에 눕고 싶다. 남은 시간 조금만 파이팅하자.
알았어 끝나고 내가 카톡 할게. 남은 업무 파이팅해!"
652,일반 대화,"드디어 내일 프로젝트 마감이네. 네 파트 다 끝나가?
나도 보면서 조마조마했어. 내가 맛있는 커피 사줄게.
나는 아직 PPT 수정할 게 산더미야. 디자인 너무 어려워.
카페모카에 크림 잔뜩 올려서 마시자. 스트레스엔 단 거.
근데 이직하고 싶어도 이력서 쓸 시간이 없다는 게 함정.
주말에 쉬어야 뭘 준비를 하든가 하지. 악순환 반복이야.
버티는 자가 승리하는 거지. 끝나면 연차 쓰고 푹 쉴래.
완전 콜. 야근 끝나고 근처 치킨집으로 바로 헤쳐 모이자.
응 파이팅! 막히는 거 있으면 혼자 고민 말고 바로 물어봐.
너무 고마워. 저녁 소고기 먹을 생각하면서 진짜 힘낼게!"
653,일반 대화,"이번 주 내내 야근이라니 체력 한계가 오는 것 같아.
주말에도 출근해야 할지도 모른다는데 완전 절망이야.
주말 출근은 선 넘었지. 수당은 제대로 쳐주려나 몰라.
내가 빨리 끝내고 도와줄게 너무 걱정 마. 다 할 수 있어!
근데 이직하고 싶어도 이력서 쓸 시간이 없다는 게 함정.
주말에 쉬어야 뭘 준비를 하든가 하지. 악순환 반복이야.
로또 되면 사표 던지고 바로 세계 여행부터 떠날 거야.
완전 콜. 야근 끝나고 근처 치킨집으로 바로 헤쳐 모이자.
빨리 씻고 침대에 눕고 싶다. 남은 시간 조금만 파이팅하자.
너무 고마워. 저녁 소고기 먹을 생각하면서 진짜 힘낼게!"
654,일반 대화,"아 오늘 퇴사 마렵다. 일 너무 많아 미치겠네.
주말에도 출근해야 할지도 모른다는데 완전 절망이야.
나는 아직 PPT 수정할 게 산더미야. 디자인 너무 어려워.
수당 안 주면 노동부에 신고할 거야. 진짜 너무 화난다.
와 너 완전 천사다. 끝나면 내가 진짜 맛있는 저녁 쏜다.
다음 주 금요일이 마감이라던데 그때까지 무사히 버티자.
우리 오늘 저녁에 스트레스 풀게 치킨에 맥주나 한잔해?
알았어 ㅋㅋ 일단 각자 집중하자. 5시쯤 다시 상황 볼게.
여행 완전 추천! 나도 같이 가고 싶어. 빨리 마무리하자.
조금만 더 힘내! 퇴근할 때 지하철역까지 같이 걸어가자."
655,일반 대화,"드디어 내일 프로젝트 마감이네. 네 파트 다 끝나가?
주말에도 출근해야 할지도 모른다는데 완전 절망이야.
나는 아직 PPT 수정할 게 산더미야. 디자인 너무 어려워.
믹스커피 엄청 땡겼어. 아무도 안 보니까 빨리 다녀오자.
10분만 농땡이 치고 오자. 남은 업무량 보니까 답 없네.
소고기 사주는 거다? ㅋㅋ 알았어 내 것부터 빨리 끝낼게.
우리 오늘 저녁에 스트레스 풀게 치킨에 맥주나 한잔해?
알았어 ㅋㅋ 일단 각자 집중하자. 5시쯤 다시 상황 볼게.
여행 완전 추천! 나도 같이 가고 싶어. 빨리 마무리하자.
알았어 끝나고 내가 카톡 할게. 남은 업무 파이팅해!"
656,일반 대화,"아 오늘 퇴사 마렵다. 일 너무 많아 미치겠네.
응 거의 다 했어. 마지막 오타 검수만 하면 끝날 거야.
고마워 단 거 들어가면 좀 낫겠다. 달달한 거 먹으러 가.
수당 안 주면 노동부에 신고할 거야. 진짜 너무 화난다.
근데 이직하고 싶어도 이력서 쓸 시간이 없다는 게 함정.
다음 주 금요일이 마감이라던데 그때까지 무사히 버티자.
당연하지 한우 투뿔로 쏠 테니까 나 좀 살려줘 야근 싫어.
연차 쓰고 해외여행 갈까? 특가 항공권 뜨는지 좀 봐야겠다.
오늘 하루만 고생하자. 맛있는 거 먹을 생각하며 버티자.
알았어 끝나고 내가 카톡 할게. 남은 업무 파이팅해!"
657,일반 대화,"이번 주 내내 야근이라니 체력 한계가 오는 것 같아.
주말에도 출근해야 할지도 모른다는데 완전 절망이야.
고마워 단 거 들어가면 좀 낫겠다. 달달한 거 먹으러 가.
믹스커피 엄청 땡겼어. 아무도 안 보니까 빨리 다녀오자.
이번 프로젝트 진짜 언제 끝나냐. 끝이 안 보이는 느낌.
누가 내 일 대신해줬으면. 로또 당첨은 대체 언제 될까?
우리 오늘 저녁에 스트레스 풀게 치킨에 맥주나 한잔해?
상상만 해도 행복하다. 현실은 엑셀 파일이나 정리해야지.
여행 완전 추천! 나도 같이 가고 싶어. 빨리 마무리하자.
이따가 저녁 뭐 먹을지나 고민하면서 일하자. 수고해!"
658,일반 대화,"아 오늘 퇴사 마렵다. 일 너무 많아 미치겠네.
나도 그래. 하루 종일 모니터 봤더니 눈 빠질 것 같아.
고마워 단 거 들어가면 좀 낫겠다. 달달한 거 먹으러 가.
카페모카에 크림 잔뜩 올려서 마시자. 스트레스엔 단 거.
이번 프로젝트 진짜 언제 끝나냐. 끝이 안 보이는 느낌.
다음 주 금요일이 마감이라던데 그때까지 무사히 버티자.
당연하지 한우 투뿔로 쏠 테니까 나 좀 살려줘 야근 싫어.
연차 쓰고 해외여행 갈까? 특가 항공권 뜨는지 좀 봐야겠다.
오늘 하루만 고생하자. 맛있는 거 먹을 생각하며 버티자.
조금만 더 힘내! 퇴근할 때 지하철역까지 같이 걸어가자."
659,일반 대화,"아 오늘 퇴사 마렵다. 일 너무 많아 미치겠네.
응 거의 다 했어. 마지막 오타 검수만 하면 끝날 거야.
나는 아직 PPT 수정할 게 산더미야. 디자인 너무 어려워.
카페모카에 크림 잔뜩 올려서 마시자. 스트레스엔 단 거.
근데 이직하고 싶어도 이력서 쓸 시간이 없다는 게 함정.
누가 내 일 대신해줬으면. 로또 당첨은 대체 언제 될까?
버티는 자가 승리하는 거지. 끝나면 연차 쓰고 푹 쉴래.
완전 콜. 야근 끝나고 근처 치킨집으로 바로 헤쳐 모이자.
오늘 하루만 고생하자. 맛있는 거 먹을 생각하며 버티자.
너무 고마워. 저녁 소고기 먹을 생각하면서 진짜 힘낼게!"
660,일반 대화,"팀장님 왜 저러셔? 아까 회의 때 기분 완전 상했잖아.
나도 그래. 하루 종일 모니터 봤더니 눈 빠질 것 같아.
휴게실 가서 커피 한 잔 할까? 뇌가 정지할 것 같아.
카페모카에 크림 잔뜩 올려서 마시자. 스트레스엔 단 거.
10분만 농땡이 치고 오자. 남은 업무량 보니까 답 없네.
누가 내 일 대신해줬으면. 로또 당첨은 대체 언제 될까?
버티는 자가 승리하는 거지. 끝나면 연차 쓰고 푹 쉴래.
완전 콜. 야근 끝나고 근처 치킨집으로 바로 헤쳐 모이자.
빨리 씻고 침대에 눕고 싶다. 남은 시간 조금만 파이팅하자.
이따가 저녁 뭐 먹을지나 고민하면서 일하자. 수고해!"
661,일반 대화,"드디어 내일 프로젝트 마감이네. 네 파트 다 끝나가?
주말에도 출근해야 할지도 모른다는데 완전 절망이야.
고마워 단 거 들어가면 좀 낫겠다. 달달한 거 먹으러 가.
믹스커피 엄청 땡겼어. 아무도 안 보니까 빨리 다녀오자.
와 너 완전 천사다. 끝나면 내가 진짜 맛있는 저녁 쏜다.
누가 내 일 대신해줬으면. 로또 당첨은 대체 언제 될까?
당연하지 한우 투뿔로 쏠 테니까 나 좀 살려줘 야근 싫어.
알았어 ㅋㅋ 일단 각자 집중하자. 5시쯤 다시 상황 볼게.
응 파이팅! 막히는 거 있으면 혼자 고민 말고 바로 물어봐.
조금만 더 힘내! 퇴근할 때 지하철역까지 같이 걸어가자."
662,일반 대화,"아 오늘 퇴사 마렵다. 일 너무 많아 미치겠네.
나도 보면서 조마조마했어. 내가 맛있는 커피 사줄게.
나는 아직 PPT 수정할 게 산더미야. 디자인 너무 어려워.
카페모카에 크림 잔뜩 올려서 마시자. 스트레스엔 단 거.
근데 이직하고 싶어도 이력서 쓸 시간이 없다는 게 함정.
주말에 쉬어야 뭘 준비를 하든가 하지. 악순환 반복이야.
우리 오늘 저녁에 스트레스 풀게 치킨에 맥주나 한잔해?
알았어 ㅋㅋ 일단 각자 집중하자. 5시쯤 다시 상황 볼게.
응 파이팅! 막히는 거 있으면 혼자 고민 말고 바로 물어봐.
조금만 더 힘내! 퇴근할 때 지하철역까지 같이 걸어가자."
663,일반 대화,"드디어 내일 프로젝트 마감이네. 네 파트 다 끝나가?
응 거의 다 했어. 마지막 오타 검수만 하면 끝날 거야.
나는 아직 PPT 수정할 게 산더미야. 디자인 너무 어려워.
카페모카에 크림 잔뜩 올려서 마시자. 스트레스엔 단 거.
근데 이직하고 싶어도 이력서 쓸 시간이 없다는 게 함정.
다음 주 금요일이 마감이라던데 그때까지 무사히 버티자.
당연하지 한우 투뿔로 쏠 테니까 나 좀 살려줘 야근 싫어.
연차 쓰고 해외여행 갈까? 특가 항공권 뜨는지 좀 봐야겠다.
여행 완전 추천! 나도 같이 가고 싶어. 빨리 마무리하자.
조금만 더 힘내! 퇴근할 때 지하철역까지 같이 걸어가자."
664,일반 대화,"아 오늘 퇴사 마렵다. 일 너무 많아 미치겠네.
나도 그래. 하루 종일 모니터 봤더니 눈 빠질 것 같아.
주말 출근은 선 넘었지. 수당은 제대로 쳐주려나 몰라.
내가 빨리 끝내고 도와줄게 너무 걱정 마. 다 할 수 있어!
이번 프로젝트 진짜 언제 끝나냐. 끝이 안 보이는 느낌.
소고기 사주는 거다? ㅋㅋ 알았어 내 것부터 빨리 끝낼게.
버티는 자가 승리하는 거지. 끝나면 연차 쓰고 푹 쉴래.
상상만 해도 행복하다. 현실은 엑셀 파일이나 정리해야지.
응 파이팅! 막히는 거 있으면 혼자 고민 말고 바로 물어봐.
너무 고마워. 저녁 소고기 먹을 생각하면서 진짜 힘낼게!"
665,일반 대화,"팀장님 왜 저러셔? 아까 회의 때 기분 완전 상했잖아.
나도 그래. 하루 종일 모니터 봤더니 눈 빠질 것 같아.
고마워 단 거 들어가면 좀 낫겠다. 달달한 거 먹으러 가.
카페모카에 크림 잔뜩 올려서 마시자. 스트레스엔 단 거.
와 너 완전 천사다. 끝나면 내가 진짜 맛있는 저녁 쏜다.
소고기 사주는 거다? ㅋㅋ 알았어 내 것부터 빨리 끝낼게.
버티는 자가 승리하는 거지. 끝나면 연차 쓰고 푹 쉴래.
완전 콜. 야근 끝나고 근처 치킨집으로 바로 헤쳐 모이자.
오늘 하루만 고생하자. 맛있는 거 먹을 생각하며 버티자.
알았어 끝나고 내가 카톡 할게. 남은 업무 파이팅해!"
666,일반 대화,"팀장님 왜 저러셔? 아까 회의 때 기분 완전 상했잖아.
나도 그래. 하루 종일 모니터 봤더니 눈 빠질 것 같아.
나는 아직 PPT 수정할 게 산더미야. 디자인 너무 어려워.
믹스커피 엄청 땡겼어. 아무도 안 보니까 빨리 다녀오자.
와 너 완전 천사다. 끝나면 내가 진짜 맛있는 저녁 쏜다.
소고기 사주는 거다? ㅋㅋ 알았어 내 것부터 빨리 끝낼게.
당연하지 한우 투뿔로 쏠 테니까 나 좀 살려줘 야근 싫어.
상상만 해도 행복하다. 현실은 엑셀 파일이나 정리해야지.
빨리 씻고 침대에 눕고 싶다. 남은 시간 조금만 파이팅하자.
이따가 저녁 뭐 먹을지나 고민하면서 일하자. 수고해!"
667,일반 대화,"드디어 내일 프로젝트 마감이네. 네 파트 다 끝나가?
나도 그래. 하루 종일 모니터 봤더니 눈 빠질 것 같아.
휴게실 가서 커피 한 잔 할까? 뇌가 정지할 것 같아.
믹스커피 엄청 땡겼어. 아무도 안 보니까 빨리 다녀오자.
10분만 농땡이 치고 오자. 남은 업무량 보니까 답 없네.
다음 주 금요일이 마감이라던데 그때까지 무사히 버티자.
당연하지 한우 투뿔로 쏠 테니까 나 좀 살려줘 야근 싫어.
알았어 ㅋㅋ 일단 각자 집중하자. 5시쯤 다시 상황 볼게.
오늘 하루만 고생하자. 맛있는 거 먹을 생각하며 버티자.
이따가 저녁 뭐 먹을지나 고민하면서 일하자. 수고해!"
668,일반 대화,"아 오늘 퇴사 마렵다. 일 너무 많아 미치겠네.
나도 그래. 하루 종일 모니터 봤더니 눈 빠질 것 같아.
고마워 단 거 들어가면 좀 낫겠다. 달달한 거 먹으러 가.
믹스커피 엄청 땡겼어. 아무도 안 보니까 빨리 다녀오자.
근데 이직하고 싶어도 이력서 쓸 시간이 없다는 게 함정.
주말에 쉬어야 뭘 준비를 하든가 하지. 악순환 반복이야.
버티는 자가 승리하는 거지. 끝나면 연차 쓰고 푹 쉴래.
완전 콜. 야근 끝나고 근처 치킨집으로 바로 헤쳐 모이자.
오늘 하루만 고생하자. 맛있는 거 먹을 생각하며 버티자.
너무 고마워. 저녁 소고기 먹을 생각하면서 진짜 힘낼게!"
669,일반 대화,"팀장님 왜 저러셔? 아까 회의 때 기분 완전 상했잖아.
나도 그래. 하루 종일 모니터 봤더니 눈 빠질 것 같아.
나는 아직 PPT 수정할 게 산더미야. 디자인 너무 어려워.
수당 안 주면 노동부에 신고할 거야. 진짜 너무 화난다.
근데 이직하고 싶어도 이력서 쓸 시간이 없다는 게 함정.
다음 주 금요일이 마감이라던데 그때까지 무사히 버티자.
우리 오늘 저녁에 스트레스 풀게 치킨에 맥주나 한잔해?
상상만 해도 행복하다. 현실은 엑셀 파일이나 정리해야지.
오늘 하루만 고생하자. 맛있는 거 먹을 생각하며 버티자.
조금만 더 힘내! 퇴근할 때 지하철역까지 같이 걸어가자."
670,일반 대화,"아 오늘 퇴사 마렵다. 일 너무 많아 미치겠네.
응 거의 다 했어. 마지막 오타 검수만 하면 끝날 거야.
나는 아직 PPT 수정할 게 산더미야. 디자인 너무 어려워.
카페모카에 크림 잔뜩 올려서 마시자. 스트레스엔 단 거.
근데 이직하고 싶어도 이력서 쓸 시간이 없다는 게 함정.
소고기 사주는 거다? ㅋㅋ 알았어 내 것부터 빨리 끝낼게.
당연하지 한우 투뿔로 쏠 테니까 나 좀 살려줘 야근 싫어.
알았어 ㅋㅋ 일단 각자 집중하자. 5시쯤 다시 상황 볼게.
오늘 하루만 고생하자. 맛있는 거 먹을 생각하며 버티자.
너무 고마워. 저녁 소고기 먹을 생각하면서 진짜 힘낼게!"
671,일반 대화,"드디어 내일 프로젝트 마감이네. 네 파트 다 끝나가?
나도 보면서 조마조마했어. 내가 맛있는 커피 사줄게.
주말 출근은 선 넘었지. 수당은 제대로 쳐주려나 몰라.
내가 빨리 끝내고 도와줄게 너무 걱정 마. 다 할 수 있어!
이번 프로젝트 진짜 언제 끝나냐. 끝이 안 보이는 느낌.
소고기 사주는 거다? ㅋㅋ 알았어 내 것부터 빨리 끝낼게.
우리 오늘 저녁에 스트레스 풀게 치킨에 맥주나 한잔해?
완전 콜. 야근 끝나고 근처 치킨집으로 바로 헤쳐 모이자.
응 파이팅! 막히는 거 있으면 혼자 고민 말고 바로 물어봐.
너무 고마워. 저녁 소고기 먹을 생각하면서 진짜 힘낼게!"
672,일반 대화,"이번 주 내내 야근이라니 체력 한계가 오는 것 같아.
나도 그래. 하루 종일 모니터 봤더니 눈 빠질 것 같아.
고마워 단 거 들어가면 좀 낫겠다. 달달한 거 먹으러 가.
내가 빨리 끝내고 도와줄게 너무 걱정 마. 다 할 수 있어!
근데 이직하고 싶어도 이력서 쓸 시간이 없다는 게 함정.
누가 내 일 대신해줬으면. 로또 당첨은 대체 언제 될까?
버티는 자가 승리하는 거지. 끝나면 연차 쓰고 푹 쉴래.
상상만 해도 행복하다. 현실은 엑셀 파일이나 정리해야지.
응 파이팅! 막히는 거 있으면 혼자 고민 말고 바로 물어봐.
알았어 끝나고 내가 카톡 할게. 남은 업무 파이팅해!"
673,일반 대화,"드디어 내일 프로젝트 마감이네. 네 파트 다 끝나가?
응 거의 다 했어. 마지막 오타 검수만 하면 끝날 거야.
고마워 단 거 들어가면 좀 낫겠다. 달달한 거 먹으러 가.
수당 안 주면 노동부에 신고할 거야. 진짜 너무 화난다.
10분만 농땡이 치고 오자. 남은 업무량 보니까 답 없네.
누가 내 일 대신해줬으면. 로또 당첨은 대체 언제 될까?
로또 되면 사표 던지고 바로 세계 여행부터 떠날 거야.
알았어 ㅋㅋ 일단 각자 집중하자. 5시쯤 다시 상황 볼게.
응 파이팅! 막히는 거 있으면 혼자 고민 말고 바로 물어봐.
이따가 저녁 뭐 먹을지나 고민하면서 일하자. 수고해!"
674,일반 대화,"팀장님 왜 저러셔? 아까 회의 때 기분 완전 상했잖아.
나도 보면서 조마조마했어. 내가 맛있는 커피 사줄게.
휴게실 가서 커피 한 잔 할까? 뇌가 정지할 것 같아.
수당 안 주면 노동부에 신고할 거야. 진짜 너무 화난다.
근데 이직하고 싶어도 이력서 쓸 시간이 없다는 게 함정.
다음 주 금요일이 마감이라던데 그때까지 무사히 버티자.
로또 되면 사표 던지고 바로 세계 여행부터 떠날 거야.
연차 쓰고 해외여행 갈까? 특가 항공권 뜨는지 좀 봐야겠다.
오늘 하루만 고생하자. 맛있는 거 먹을 생각하며 버티자.
알았어 끝나고 내가 카톡 할게. 남은 업무 파이팅해!"
675,일반 대화,"드디어 내일 프로젝트 마감이네. 네 파트 다 끝나가?
주말에도 출근해야 할지도 모른다는데 완전 절망이야.
휴게실 가서 커피 한 잔 할까? 뇌가 정지할 것 같아.
내가 빨리 끝내고 도와줄게 너무 걱정 마. 다 할 수 있어!
10분만 농땡이 치고 오자. 남은 업무량 보니까 답 없네.
누가 내 일 대신해줬으면. 로또 당첨은 대체 언제 될까?
버티는 자가 승리하는 거지. 끝나면 연차 쓰고 푹 쉴래.
알았어 ㅋㅋ 일단 각자 집중하자. 5시쯤 다시 상황 볼게.
오늘 하루만 고생하자. 맛있는 거 먹을 생각하며 버티자.
조금만 더 힘내! 퇴근할 때 지하철역까지 같이 걸어가자."
676,일반 대화,"팀장님 왜 저러셔? 아까 회의 때 기분 완전 상했잖아.
주말에도 출근해야 할지도 모른다는데 완전 절망이야.
고마워 단 거 들어가면 좀 낫겠다. 달달한 거 먹으러 가.
수당 안 주면 노동부에 신고할 거야. 진짜 너무 화난다.
근데 이직하고 싶어도 이력서 쓸 시간이 없다는 게 함정.
다음 주 금요일이 마감이라던데 그때까지 무사히 버티자.
버티는 자가 승리하는 거지. 끝나면 연차 쓰고 푹 쉴래.
상상만 해도 행복하다. 현실은 엑셀 파일이나 정리해야지.
빨리 씻고 침대에 눕고 싶다. 남은 시간 조금만 파이팅하자.
알았어 끝나고 내가 카톡 할게. 남은 업무 파이팅해!"
677,일반 대화,"아 오늘 퇴사 마렵다. 일 너무 많아 미치겠네.
응 거의 다 했어. 마지막 오타 검수만 하면 끝날 거야.
나는 아직 PPT 수정할 게 산더미야. 디자인 너무 어려워.
내가 빨리 끝내고 도와줄게 너무 걱정 마. 다 할 수 있어!
와 너 완전 천사다. 끝나면 내가 진짜 맛있는 저녁 쏜다.
주말에 쉬어야 뭘 준비를 하든가 하지. 악순환 반복이야.
버티는 자가 승리하는 거지. 끝나면 연차 쓰고 푹 쉴래.
완전 콜. 야근 끝나고 근처 치킨집으로 바로 헤쳐 모이자.
여행 완전 추천! 나도 같이 가고 싶어. 빨리 마무리하자.
이따가 저녁 뭐 먹을지나 고민하면서 일하자. 수고해!"
678,일반 대화,"아 오늘 퇴사 마렵다. 일 너무 많아 미치겠네.
주말에도 출근해야 할지도 모른다는데 완전 절망이야.
나는 아직 PPT 수정할 게 산더미야. 디자인 너무 어려워.
믹스커피 엄청 땡겼어. 아무도 안 보니까 빨리 다녀오자.
10분만 농땡이 치고 오자. 남은 업무량 보니까 답 없네.
누가 내 일 대신해줬으면. 로또 당첨은 대체 언제 될까?
우리 오늘 저녁에 스트레스 풀게 치킨에 맥주나 한잔해?
완전 콜. 야근 끝나고 근처 치킨집으로 바로 헤쳐 모이자.
오늘 하루만 고생하자. 맛있는 거 먹을 생각하며 버티자.
알았어 끝나고 내가 카톡 할게. 남은 업무 파이팅해!"
679,일반 대화,"팀장님 왜 저러셔? 아까 회의 때 기분 완전 상했잖아.
주말에도 출근해야 할지도 모른다는데 완전 절망이야.
나는 아직 PPT 수정할 게 산더미야. 디자인 너무 어려워.
수당 안 주면 노동부에 신고할 거야. 진짜 너무 화난다.
와 너 완전 천사다. 끝나면 내가 진짜 맛있는 저녁 쏜다.
주말에 쉬어야 뭘 준비를 하든가 하지. 악순환 반복이야.
당연하지 한우 투뿔로 쏠 테니까 나 좀 살려줘 야근 싫어.
연차 쓰고 해외여행 갈까? 특가 항공권 뜨는지 좀 봐야겠다.
응 파이팅! 막히는 거 있으면 혼자 고민 말고 바로 물어봐.
알았어 끝나고 내가 카톡 할게. 남은 업무 파이팅해!"
680,일반 대화,"이번 주 내내 야근이라니 체력 한계가 오는 것 같아.
나도 보면서 조마조마했어. 내가 맛있는 커피 사줄게.
휴게실 가서 커피 한 잔 할까? 뇌가 정지할 것 같아.
카페모카에 크림 잔뜩 올려서 마시자. 스트레스엔 단 거.
와 너 완전 천사다. 끝나면 내가 진짜 맛있는 저녁 쏜다.
소고기 사주는 거다? ㅋㅋ 알았어 내 것부터 빨리 끝낼게.
로또 되면 사표 던지고 바로 세계 여행부터 떠날 거야.
알았어 ㅋㅋ 일단 각자 집중하자. 5시쯤 다시 상황 볼게.
응 파이팅! 막히는 거 있으면 혼자 고민 말고 바로 물어봐.
이따가 저녁 뭐 먹을지나 고민하면서 일하자. 수고해!"
681,일반 대화,"이번 주 내내 야근이라니 체력 한계가 오는 것 같아.
주말에도 출근해야 할지도 모른다는데 완전 절망이야.
주말 출근은 선 넘었지. 수당은 제대로 쳐주려나 몰라.
내가 빨리 끝내고 도와줄게 너무 걱정 마. 다 할 수 있어!
근데 이직하고 싶어도 이력서 쓸 시간이 없다는 게 함정.
소고기 사주는 거다? ㅋㅋ 알았어 내 것부터 빨리 끝낼게.
로또 되면 사표 던지고 바로 세계 여행부터 떠날 거야.
알았어 ㅋㅋ 일단 각자 집중하자. 5시쯤 다시 상황 볼게.
오늘 하루만 고생하자. 맛있는 거 먹을 생각하며 버티자.
알았어 끝나고 내가 카톡 할게. 남은 업무 파이팅해!"
682,일반 대화,"팀장님 왜 저러셔? 아까 회의 때 기분 완전 상했잖아.
주말에도 출근해야 할지도 모른다는데 완전 절망이야.
주말 출근은 선 넘었지. 수당은 제대로 쳐주려나 몰라.
내가 빨리 끝내고 도와줄게 너무 걱정 마. 다 할 수 있어!
10분만 농땡이 치고 오자. 남은 업무량 보니까 답 없네.
주말에 쉬어야 뭘 준비를 하든가 하지. 악순환 반복이야.
우리 오늘 저녁에 스트레스 풀게 치킨에 맥주나 한잔해?
알았어 ㅋㅋ 일단 각자 집중하자. 5시쯤 다시 상황 볼게.
여행 완전 추천! 나도 같이 가고 싶어. 빨리 마무리하자.
조금만 더 힘내! 퇴근할 때 지하철역까지 같이 걸어가자."
683,일반 대화,"팀장님 왜 저러셔? 아까 회의 때 기분 완전 상했잖아.
나도 보면서 조마조마했어. 내가 맛있는 커피 사줄게.
휴게실 가서 커피 한 잔 할까? 뇌가 정지할 것 같아.
믹스커피 엄청 땡겼어. 아무도 안 보니까 빨리 다녀오자.
근데 이직하고 싶어도 이력서 쓸 시간이 없다는 게 함정.
소고기 사주는 거다? ㅋㅋ 알았어 내 것부터 빨리 끝낼게.
우리 오늘 저녁에 스트레스 풀게 치킨에 맥주나 한잔해?
연차 쓰고 해외여행 갈까? 특가 항공권 뜨는지 좀 봐야겠다.
빨리 씻고 침대에 눕고 싶다. 남은 시간 조금만 파이팅하자.
조금만 더 힘내! 퇴근할 때 지하철역까지 같이 걸어가자."
684,일반 대화,"드디어 내일 프로젝트 마감이네. 네 파트 다 끝나가?
주말에도 출근해야 할지도 모른다는데 완전 절망이야.
나는 아직 PPT 수정할 게 산더미야. 디자인 너무 어려워.
수당 안 주면 노동부에 신고할 거야. 진짜 너무 화난다.
와 너 완전 천사다. 끝나면 내가 진짜 맛있는 저녁 쏜다.
누가 내 일 대신해줬으면. 로또 당첨은 대체 언제 될까?
당연하지 한우 투뿔로 쏠 테니까 나 좀 살려줘 야근 싫어.
완전 콜. 야근 끝나고 근처 치킨집으로 바로 헤쳐 모이자.
여행 완전 추천! 나도 같이 가고 싶어. 빨리 마무리하자.
알았어 끝나고 내가 카톡 할게. 남은 업무 파이팅해!"
685,일반 대화,"팀장님 왜 저러셔? 아까 회의 때 기분 완전 상했잖아.
응 거의 다 했어. 마지막 오타 검수만 하면 끝날 거야.
나는 아직 PPT 수정할 게 산더미야. 디자인 너무 어려워.
믹스커피 엄청 땡겼어. 아무도 안 보니까 빨리 다녀오자.
근데 이직하고 싶어도 이력서 쓸 시간이 없다는 게 함정.
소고기 사주는 거다? ㅋㅋ 알았어 내 것부터 빨리 끝낼게.
버티는 자가 승리하는 거지. 끝나면 연차 쓰고 푹 쉴래.
알았어 ㅋㅋ 일단 각자 집중하자. 5시쯤 다시 상황 볼게.
빨리 씻고 침대에 눕고 싶다. 남은 시간 조금만 파이팅하자.
알았어 끝나고 내가 카톡 할게. 남은 업무 파이팅해!"
686,일반 대화,"이번 주 내내 야근이라니 체력 한계가 오는 것 같아.
주말에도 출근해야 할지도 모른다는데 완전 절망이야.
고마워 단 거 들어가면 좀 낫겠다. 달달한 거 먹으러 가.
믹스커피 엄청 땡겼어. 아무도 안 보니까 빨리 다녀오자.
와 너 완전 천사다. 끝나면 내가 진짜 맛있는 저녁 쏜다.
주말에 쉬어야 뭘 준비를 하든가 하지. 악순환 반복이야.
당연하지 한우 투뿔로 쏠 테니까 나 좀 살려줘 야근 싫어.
상상만 해도 행복하다. 현실은 엑셀 파일이나 정리해야지.
오늘 하루만 고생하자. 맛있는 거 먹을 생각하며 버티자.
조금만 더 힘내! 퇴근할 때 지하철역까지 같이 걸어가자."
687,일반 대화,"드디어 내일 프로젝트 마감이네. 네 파트 다 끝나가?
나도 그래. 하루 종일 모니터 봤더니 눈 빠질 것 같아.
나는 아직 PPT 수정할 게 산더미야. 디자인 너무 어려워.
믹스커피 엄청 땡겼어. 아무도 안 보니까 빨리 다녀오자.
와 너 완전 천사다. 끝나면 내가 진짜 맛있는 저녁 쏜다.
소고기 사주는 거다? ㅋㅋ 알았어 내 것부터 빨리 끝낼게.
버티는 자가 승리하는 거지. 끝나면 연차 쓰고 푹 쉴래.
알았어 ㅋㅋ 일단 각자 집중하자. 5시쯤 다시 상황 볼게.
응 파이팅! 막히는 거 있으면 혼자 고민 말고 바로 물어봐.
조금만 더 힘내! 퇴근할 때 지하철역까지 같이 걸어가자."
688,일반 대화,"이번 주 내내 야근이라니 체력 한계가 오는 것 같아.
나도 그래. 하루 종일 모니터 봤더니 눈 빠질 것 같아.
휴게실 가서 커피 한 잔 할까? 뇌가 정지할 것 같아.
믹스커피 엄청 땡겼어. 아무도 안 보니까 빨리 다녀오자.
근데 이직하고 싶어도 이력서 쓸 시간이 없다는 게 함정.
소고기 사주는 거다? ㅋㅋ 알았어 내 것부터 빨리 끝낼게.
당연하지 한우 투뿔로 쏠 테니까 나 좀 살려줘 야근 싫어.
알았어 ㅋㅋ 일단 각자 집중하자. 5시쯤 다시 상황 볼게.
여행 완전 추천! 나도 같이 가고 싶어. 빨리 마무리하자.
너무 고마워. 저녁 소고기 먹을 생각하면서 진짜 힘낼게!"
689,일반 대화,"이번 주 내내 야근이라니 체력 한계가 오는 것 같아.
주말에도 출근해야 할지도 모른다는데 완전 절망이야.
나는 아직 PPT 수정할 게 산더미야. 디자인 너무 어려워.
내가 빨리 끝내고 도와줄게 너무 걱정 마. 다 할 수 있어!
와 너 완전 천사다. 끝나면 내가 진짜 맛있는 저녁 쏜다.
소고기 사주는 거다? ㅋㅋ 알았어 내 것부터 빨리 끝낼게.
로또 되면 사표 던지고 바로 세계 여행부터 떠날 거야.
완전 콜. 야근 끝나고 근처 치킨집으로 바로 헤쳐 모이자.
오늘 하루만 고생하자. 맛있는 거 먹을 생각하며 버티자.
너무 고마워. 저녁 소고기 먹을 생각하면서 진짜 힘낼게!"
690,일반 대화,"드디어 내일 프로젝트 마감이네. 네 파트 다 끝나가?
응 거의 다 했어. 마지막 오타 검수만 하면 끝날 거야.
휴게실 가서 커피 한 잔 할까? 뇌가 정지할 것 같아.
카페모카에 크림 잔뜩 올려서 마시자. 스트레스엔 단 거.
10분만 농땡이 치고 오자. 남은 업무량 보니까 답 없네.
주말에 쉬어야 뭘 준비를 하든가 하지. 악순환 반복이야.
버티는 자가 승리하는 거지. 끝나면 연차 쓰고 푹 쉴래.
상상만 해도 행복하다. 현실은 엑셀 파일이나 정리해야지.
응 파이팅! 막히는 거 있으면 혼자 고민 말고 바로 물어봐.
이따가 저녁 뭐 먹을지나 고민하면서 일하자. 수고해!"
691,일반 대화,"이번 주 내내 야근이라니 체력 한계가 오는 것 같아.
나도 그래. 하루 종일 모니터 봤더니 눈 빠질 것 같아.
나는 아직 PPT 수정할 게 산더미야. 디자인 너무 어려워.
내가 빨리 끝내고 도와줄게 너무 걱정 마. 다 할 수 있어!
이번 프로젝트 진짜 언제 끝나냐. 끝이 안 보이는 느낌.
다음 주 금요일이 마감이라던데 그때까지 무사히 버티자.
당연하지 한우 투뿔로 쏠 테니까 나 좀 살려줘 야근 싫어.
상상만 해도 행복하다. 현실은 엑셀 파일이나 정리해야지.
오늘 하루만 고생하자. 맛있는 거 먹을 생각하며 버티자.
너무 고마워. 저녁 소고기 먹을 생각하면서 진짜 힘낼게!"
692,일반 대화,"드디어 내일 프로젝트 마감이네. 네 파트 다 끝나가?
응 거의 다 했어. 마지막 오타 검수만 하면 끝날 거야.
고마워 단 거 들어가면 좀 낫겠다. 달달한 거 먹으러 가.
내가 빨리 끝내고 도와줄게 너무 걱정 마. 다 할 수 있어!
와 너 완전 천사다. 끝나면 내가 진짜 맛있는 저녁 쏜다.
소고기 사주는 거다? ㅋㅋ 알았어 내 것부터 빨리 끝낼게.
로또 되면 사표 던지고 바로 세계 여행부터 떠날 거야.
완전 콜. 야근 끝나고 근처 치킨집으로 바로 헤쳐 모이자.
여행 완전 추천! 나도 같이 가고 싶어. 빨리 마무리하자.
알았어 끝나고 내가 카톡 할게. 남은 업무 파이팅해!"
693,일반 대화,"아 오늘 퇴사 마렵다. 일 너무 많아 미치겠네.
나도 보면서 조마조마했어. 내가 맛있는 커피 사줄게.
주말 출근은 선 넘었지. 수당은 제대로 쳐주려나 몰라.
내가 빨리 끝내고 도와줄게 너무 걱정 마. 다 할 수 있어!
이번 프로젝트 진짜 언제 끝나냐. 끝이 안 보이는 느낌.
누가 내 일 대신해줬으면. 로또 당첨은 대체 언제 될까?
버티는 자가 승리하는 거지. 끝나면 연차 쓰고 푹 쉴래.
알았어 ㅋㅋ 일단 각자 집중하자. 5시쯤 다시 상황 볼게.
오늘 하루만 고생하자. 맛있는 거 먹을 생각하며 버티자.
너무 고마워. 저녁 소고기 먹을 생각하면서 진짜 힘낼게!"
694,일반 대화,"드디어 내일 프로젝트 마감이네. 네 파트 다 끝나가?
응 거의 다 했어. 마지막 오타 검수만 하면 끝날 거야.
고마워 단 거 들어가면 좀 낫겠다. 달달한 거 먹으러 가.
믹스커피 엄청 땡겼어. 아무도 안 보니까 빨리 다녀오자.
이번 프로젝트 진짜 언제 끝나냐. 끝이 안 보이는 느낌.
주말에 쉬어야 뭘 준비를 하든가 하지. 악순환 반복이야.
우리 오늘 저녁에 스트레스 풀게 치킨에 맥주나 한잔해?
연차 쓰고 해외여행 갈까? 특가 항공권 뜨는지 좀 봐야겠다.
빨리 씻고 침대에 눕고 싶다. 남은 시간 조금만 파이팅하자.
너무 고마워. 저녁 소고기 먹을 생각하면서 진짜 힘낼게!"
695,일반 대화,"팀장님 왜 저러셔? 아까 회의 때 기분 완전 상했잖아.
주말에도 출근해야 할지도 모른다는데 완전 절망이야.
나는 아직 PPT 수정할 게 산더미야. 디자인 너무 어려워.
내가 빨리 끝내고 도와줄게 너무 걱정 마. 다 할 수 있어!
근데 이직하고 싶어도 이력서 쓸 시간이 없다는 게 함정.
다음 주 금요일이 마감이라던데 그때까지 무사히 버티자.
로또 되면 사표 던지고 바로 세계 여행부터 떠날 거야.
연차 쓰고 해외여행 갈까? 특가 항공권 뜨는지 좀 봐야겠다.
응 파이팅! 막히는 거 있으면 혼자 고민 말고 바로 물어봐.
알았어 끝나고 내가 카톡 할게. 남은 업무 파이팅해!"
696,일반 대화,"아 오늘 퇴사 마렵다. 일 너무 많아 미치겠네.
나도 그래. 하루 종일 모니터 봤더니 눈 빠질 것 같아.
휴게실 가서 커피 한 잔 할까? 뇌가 정지할 것 같아.
내가 빨리 끝내고 도와줄게 너무 걱정 마. 다 할 수 있어!
와 너 완전 천사다. 끝나면 내가 진짜 맛있는 저녁 쏜다.
누가 내 일 대신해줬으면. 로또 당첨은 대체 언제 될까?
우리 오늘 저녁에 스트레스 풀게 치킨에 맥주나 한잔해?
연차 쓰고 해외여행 갈까? 특가 항공권 뜨는지 좀 봐야겠다.
응 파이팅! 막히는 거 있으면 혼자 고민 말고 바로 물어봐.
조금만 더 힘내! 퇴근할 때 지하철역까지 같이 걸어가자."
697,일반 대화,"이번 주 내내 야근이라니 체력 한계가 오는 것 같아.
응 거의 다 했어. 마지막 오타 검수만 하면 끝날 거야.
주말 출근은 선 넘었지. 수당은 제대로 쳐주려나 몰라.
내가 빨리 끝내고 도와줄게 너무 걱정 마. 다 할 수 있어!
근데 이직하고 싶어도 이력서 쓸 시간이 없다는 게 함정.
주말에 쉬어야 뭘 준비를 하든가 하지. 악순환 반복이야.
우리 오늘 저녁에 스트레스 풀게 치킨에 맥주나 한잔해?
알았어 ㅋㅋ 일단 각자 집중하자. 5시쯤 다시 상황 볼게.
여행 완전 추천! 나도 같이 가고 싶어. 빨리 마무리하자.
이따가 저녁 뭐 먹을지나 고민하면서 일하자. 수고해!"
698,일반 대화,"이번 주 내내 야근이라니 체력 한계가 오는 것 같아.
나도 그래. 하루 종일 모니터 봤더니 눈 빠질 것 같아.
주말 출근은 선 넘었지. 수당은 제대로 쳐주려나 몰라.
믹스커피 엄청 땡겼어. 아무도 안 보니까 빨리 다녀오자.
와 너 완전 천사다. 끝나면 내가 진짜 맛있는 저녁 쏜다.
누가 내 일 대신해줬으면. 로또 당첨은 대체 언제 될까?
우리 오늘 저녁에 스트레스 풀게 치킨에 맥주나 한잔해?
완전 콜. 야근 끝나고 근처 치킨집으로 바로 헤쳐 모이자.
여행 완전 추천! 나도 같이 가고 싶어. 빨리 마무리하자.
이따가 저녁 뭐 먹을지나 고민하면서 일하자. 수고해!"
699,일반 대화,"드디어 내일 프로젝트 마감이네. 네 파트 다 끝나가?
주말에도 출근해야 할지도 모른다는데 완전 절망이야.
주말 출근은 선 넘었지. 수당은 제대로 쳐주려나 몰라.
믹스커피 엄청 땡겼어. 아무도 안 보니까 빨리 다녀오자.
와 너 완전 천사다. 끝나면 내가 진짜 맛있는 저녁 쏜다.
주말에 쉬어야 뭘 준비를 하든가 하지. 악순환 반복이야.
로또 되면 사표 던지고 바로 세계 여행부터 떠날 거야.
연차 쓰고 해외여행 갈까? 특가 항공권 뜨는지 좀 봐야겠다.
여행 완전 추천! 나도 같이 가고 싶어. 빨리 마무리하자.
너무 고마워. 저녁 소고기 먹을 생각하면서 진짜 힘낼게!"
700,일반 대화,"아 오늘 퇴사 마렵다. 일 너무 많아 미치겠네.
주말에도 출근해야 할지도 모른다는데 완전 절망이야.
고마워 단 거 들어가면 좀 낫겠다. 달달한 거 먹으러 가.
믹스커피 엄청 땡겼어. 아무도 안 보니까 빨리 다녀오자.
와 너 완전 천사다. 끝나면 내가 진짜 맛있는 저녁 쏜다.
다음 주 금요일이 마감이라던데 그때까지 무사히 버티자.
당연하지 한우 투뿔로 쏠 테니까 나 좀 살려줘 야근 싫어.
알았어 ㅋㅋ 일단 각자 집중하자. 5시쯤 다시 상황 볼게.
오늘 하루만 고생하자. 맛있는 거 먹을 생각하며 버티자.
너무 고마워. 저녁 소고기 먹을 생각하면서 진짜 힘낼게!"
701,일반 대화,"이번 주 내내 야근이라니 체력 한계가 오는 것 같아.
응 거의 다 했어. 마지막 오타 검수만 하면 끝날 거야.
휴게실 가서 커피 한 잔 할까? 뇌가 정지할 것 같아.
믹스커피 엄청 땡겼어. 아무도 안 보니까 빨리 다녀오자.
이번 프로젝트 진짜 언제 끝나냐. 끝이 안 보이는 느낌.
소고기 사주는 거다? ㅋㅋ 알았어 내 것부터 빨리 끝낼게.
우리 오늘 저녁에 스트레스 풀게 치킨에 맥주나 한잔해?
연차 쓰고 해외여행 갈까? 특가 항공권 뜨는지 좀 봐야겠다.
빨리 씻고 침대에 눕고 싶다. 남은 시간 조금만 파이팅하자.
이따가 저녁 뭐 먹을지나 고민하면서 일하자. 수고해!"
702,일반 대화,"드디어 내일 프로젝트 마감이네. 네 파트 다 끝나가?
나도 그래. 하루 종일 모니터 봤더니 눈 빠질 것 같아.
주말 출근은 선 넘었지. 수당은 제대로 쳐주려나 몰라.
믹스커피 엄청 땡겼어. 아무도 안 보니까 빨리 다녀오자.
10분만 농땡이 치고 오자. 남은 업무량 보니까 답 없네.
누가 내 일 대신해줬으면. 로또 당첨은 대체 언제 될까?
당연하지 한우 투뿔로 쏠 테니까 나 좀 살려줘 야근 싫어.
연차 쓰고 해외여행 갈까? 특가 항공권 뜨는지 좀 봐야겠다.
빨리 씻고 침대에 눕고 싶다. 남은 시간 조금만 파이팅하자.
이따가 저녁 뭐 먹을지나 고민하면서 일하자. 수고해!"
703,일반 대화,"드디어 내일 프로젝트 마감이네. 네 파트 다 끝나가?
주말에도 출근해야 할지도 모른다는데 완전 절망이야.
주말 출근은 선 넘었지. 수당은 제대로 쳐주려나 몰라.
수당 안 주면 노동부에 신고할 거야. 진짜 너무 화난다.
이번 프로젝트 진짜 언제 끝나냐. 끝이 안 보이는 느낌.
소고기 사주는 거다? ㅋㅋ 알았어 내 것부터 빨리 끝낼게.
버티는 자가 승리하는 거지. 끝나면 연차 쓰고 푹 쉴래.
알았어 ㅋㅋ 일단 각자 집중하자. 5시쯤 다시 상황 볼게.
오늘 하루만 고생하자. 맛있는 거 먹을 생각하며 버티자.
너무 고마워. 저녁 소고기 먹을 생각하면서 진짜 힘낼게!"
704,일반 대화,"아 오늘 퇴사 마렵다. 일 너무 많아 미치겠네.
응 거의 다 했어. 마지막 오타 검수만 하면 끝날 거야.
주말 출근은 선 넘었지. 수당은 제대로 쳐주려나 몰라.
믹스커피 엄청 땡겼어. 아무도 안 보니까 빨리 다녀오자.
이번 프로젝트 진짜 언제 끝나냐. 끝이 안 보이는 느낌.
다음 주 금요일이 마감이라던데 그때까지 무사히 버티자.
당연하지 한우 투뿔로 쏠 테니까 나 좀 살려줘 야근 싫어.
상상만 해도 행복하다. 현실은 엑셀 파일이나 정리해야지.
응 파이팅! 막히는 거 있으면 혼자 고민 말고 바로 물어봐.
이따가 저녁 뭐 먹을지나 고민하면서 일하자. 수고해!"
705,일반 대화,"아 오늘 퇴사 마렵다. 일 너무 많아 미치겠네.
응 거의 다 했어. 마지막 오타 검수만 하면 끝날 거야.
주말 출근은 선 넘었지. 수당은 제대로 쳐주려나 몰라.
내가 빨리 끝내고 도와줄게 너무 걱정 마. 다 할 수 있어!
10분만 농땡이 치고 오자. 남은 업무량 보니까 답 없네.
누가 내 일 대신해줬으면. 로또 당첨은 대체 언제 될까?
로또 되면 사표 던지고 바로 세계 여행부터 떠날 거야.
상상만 해도 행복하다. 현실은 엑셀 파일이나 정리해야지.
응 파이팅! 막히는 거 있으면 혼자 고민 말고 바로 물어봐.
너무 고마워. 저녁 소고기 먹을 생각하면서 진짜 힘낼게!"
706,일반 대화,"이번 주 내내 야근이라니 체력 한계가 오는 것 같아.
나도 보면서 조마조마했어. 내가 맛있는 커피 사줄게.
휴게실 가서 커피 한 잔 할까? 뇌가 정지할 것 같아.
내가 빨리 끝내고 도와줄게 너무 걱정 마. 다 할 수 있어!
이번 프로젝트 진짜 언제 끝나냐. 끝이 안 보이는 느낌.
다음 주 금요일이 마감이라던데 그때까지 무사히 버티자.
우리 오늘 저녁에 스트레스 풀게 치킨에 맥주나 한잔해?
상상만 해도 행복하다. 현실은 엑셀 파일이나 정리해야지.
여행 완전 추천! 나도 같이 가고 싶어. 빨리 마무리하자.
조금만 더 힘내! 퇴근할 때 지하철역까지 같이 걸어가자."
707,일반 대화,"아 오늘 퇴사 마렵다. 일 너무 많아 미치겠네.
나도 보면서 조마조마했어. 내가 맛있는 커피 사줄게.
휴게실 가서 커피 한 잔 할까? 뇌가 정지할 것 같아.
수당 안 주면 노동부에 신고할 거야. 진짜 너무 화난다.
와 너 완전 천사다. 끝나면 내가 진짜 맛있는 저녁 쏜다.
주말에 쉬어야 뭘 준비를 하든가 하지. 악순환 반복이야.
버티는 자가 승리하는 거지. 끝나면 연차 쓰고 푹 쉴래.
연차 쓰고 해외여행 갈까? 특가 항공권 뜨는지 좀 봐야겠다.
응 파이팅! 막히는 거 있으면 혼자 고민 말고 바로 물어봐.
알았어 끝나고 내가 카톡 할게. 남은 업무 파이팅해!"
708,일반 대화,"드디어 내일 프로젝트 마감이네. 네 파트 다 끝나가?
나도 보면서 조마조마했어. 내가 맛있는 커피 사줄게.
나는 아직 PPT 수정할 게 산더미야. 디자인 너무 어려워.
믹스커피 엄청 땡겼어. 아무도 안 보니까 빨리 다녀오자.
이번 프로젝트 진짜 언제 끝나냐. 끝이 안 보이는 느낌.
주말에 쉬어야 뭘 준비를 하든가 하지. 악순환 반복이야.
당연하지 한우 투뿔로 쏠 테니까 나 좀 살려줘 야근 싫어.
완전 콜. 야근 끝나고 근처 치킨집으로 바로 헤쳐 모이자.
응 파이팅! 막히는 거 있으면 혼자 고민 말고 바로 물어봐.
조금만 더 힘내! 퇴근할 때 지하철역까지 같이 걸어가자."
709,일반 대화,"드디어 내일 프로젝트 마감이네. 네 파트 다 끝나가?
나도 보면서 조마조마했어. 내가 맛있는 커피 사줄게.
주말 출근은 선 넘었지. 수당은 제대로 쳐주려나 몰라.
믹스커피 엄청 땡겼어. 아무도 안 보니까 빨리 다녀오자.
근데 이직하고 싶어도 이력서 쓸 시간이 없다는 게 함정.
누가 내 일 대신해줬으면. 로또 당첨은 대체 언제 될까?
당연하지 한우 투뿔로 쏠 테니까 나 좀 살려줘 야근 싫어.
완전 콜. 야근 끝나고 근처 치킨집으로 바로 헤쳐 모이자.
오늘 하루만 고생하자. 맛있는 거 먹을 생각하며 버티자.
이따가 저녁 뭐 먹을지나 고민하면서 일하자. 수고해!"
710,일반 대화,"아 오늘 퇴사 마렵다. 일 너무 많아 미치겠네.
나도 보면서 조마조마했어. 내가 맛있는 커피 사줄게.
휴게실 가서 커피 한 잔 할까? 뇌가 정지할 것 같아.
카페모카에 크림 잔뜩 올려서 마시자. 스트레스엔 단 거.
와 너 완전 천사다. 끝나면 내가 진짜 맛있는 저녁 쏜다.
소고기 사주는 거다? ㅋㅋ 알았어 내 것부터 빨리 끝낼게.
우리 오늘 저녁에 스트레스 풀게 치킨에 맥주나 한잔해?
연차 쓰고 해외여행 갈까? 특가 항공권 뜨는지 좀 봐야겠다.
빨리 씻고 침대에 눕고 싶다. 남은 시간 조금만 파이팅하자.
너무 고마워. 저녁 소고기 먹을 생각하면서 진짜 힘낼게!"
711,일반 대화,"드디어 내일 프로젝트 마감이네. 네 파트 다 끝나가?
나도 그래. 하루 종일 모니터 봤더니 눈 빠질 것 같아.
주말 출근은 선 넘었지. 수당은 제대로 쳐주려나 몰라.
내가 빨리 끝내고 도와줄게 너무 걱정 마. 다 할 수 있어!
이번 프로젝트 진짜 언제 끝나냐. 끝이 안 보이는 느낌.
다음 주 금요일이 마감이라던데 그때까지 무사히 버티자.
당연하지 한우 투뿔로 쏠 테니까 나 좀 살려줘 야근 싫어.
완전 콜. 야근 끝나고 근처 치킨집으로 바로 헤쳐 모이자.
여행 완전 추천! 나도 같이 가고 싶어. 빨리 마무리하자.
알았어 끝나고 내가 카톡 할게. 남은 업무 파이팅해!"
712,일반 대화,"팀장님 왜 저러셔? 아까 회의 때 기분 완전 상했잖아.
주말에도 출근해야 할지도 모른다는데 완전 절망이야.
휴게실 가서 커피 한 잔 할까? 뇌가 정지할 것 같아.
수당 안 주면 노동부에 신고할 거야. 진짜 너무 화난다.
근데 이직하고 싶어도 이력서 쓸 시간이 없다는 게 함정.
주말에 쉬어야 뭘 준비를 하든가 하지. 악순환 반복이야.
우리 오늘 저녁에 스트레스 풀게 치킨에 맥주나 한잔해?
알았어 ㅋㅋ 일단 각자 집중하자. 5시쯤 다시 상황 볼게.
오늘 하루만 고생하자. 맛있는 거 먹을 생각하며 버티자.
조금만 더 힘내! 퇴근할 때 지하철역까지 같이 걸어가자."
713,일반 대화,"드디어 내일 프로젝트 마감이네. 네 파트 다 끝나가?
나도 그래. 하루 종일 모니터 봤더니 눈 빠질 것 같아.
휴게실 가서 커피 한 잔 할까? 뇌가 정지할 것 같아.
내가 빨리 끝내고 도와줄게 너무 걱정 마. 다 할 수 있어!
근데 이직하고 싶어도 이력서 쓸 시간이 없다는 게 함정.
누가 내 일 대신해줬으면. 로또 당첨은 대체 언제 될까?
우리 오늘 저녁에 스트레스 풀게 치킨에 맥주나 한잔해?
연차 쓰고 해외여행 갈까? 특가 항공권 뜨는지 좀 봐야겠다.
빨리 씻고 침대에 눕고 싶다. 남은 시간 조금만 파이팅하자.
알았어 끝나고 내가 카톡 할게. 남은 업무 파이팅해!"
714,일반 대화,"아 오늘 퇴사 마렵다. 일 너무 많아 미치겠네.
나도 그래. 하루 종일 모니터 봤더니 눈 빠질 것 같아.
고마워 단 거 들어가면 좀 낫겠다. 달달한 거 먹으러 가.
믹스커피 엄청 땡겼어. 아무도 안 보니까 빨리 다녀오자.
와 너 완전 천사다. 끝나면 내가 진짜 맛있는 저녁 쏜다.
다음 주 금요일이 마감이라던데 그때까지 무사히 버티자.
당연하지 한우 투뿔로 쏠 테니까 나 좀 살려줘 야근 싫어.
상상만 해도 행복하다. 현실은 엑셀 파일이나 정리해야지.
여행 완전 추천! 나도 같이 가고 싶어. 빨리 마무리하자.
알았어 끝나고 내가 카톡 할게. 남은 업무 파이팅해!"
715,일반 대화,"드디어 내일 프로젝트 마감이네. 네 파트 다 끝나가?
나도 그래. 하루 종일 모니터 봤더니 눈 빠질 것 같아.
고마워 단 거 들어가면 좀 낫겠다. 달달한 거 먹으러 가.
믹스커피 엄청 땡겼어. 아무도 안 보니까 빨리 다녀오자.
이번 프로젝트 진짜 언제 끝나냐. 끝이 안 보이는 느낌.
주말에 쉬어야 뭘 준비를 하든가 하지. 악순환 반복이야.
로또 되면 사표 던지고 바로 세계 여행부터 떠날 거야.
연차 쓰고 해외여행 갈까? 특가 항공권 뜨는지 좀 봐야겠다.
여행 완전 추천! 나도 같이 가고 싶어. 빨리 마무리하자.
알았어 끝나고 내가 카톡 할게. 남은 업무 파이팅해!"
716,일반 대화,"이번 주 내내 야근이라니 체력 한계가 오는 것 같아.
주말에도 출근해야 할지도 모른다는데 완전 절망이야.
고마워 단 거 들어가면 좀 낫겠다. 달달한 거 먹으러 가.
수당 안 주면 노동부에 신고할 거야. 진짜 너무 화난다.
이번 프로젝트 진짜 언제 끝나냐. 끝이 안 보이는 느낌.
누가 내 일 대신해줬으면. 로또 당첨은 대체 언제 될까?
당연하지 한우 투뿔로 쏠 테니까 나 좀 살려줘 야근 싫어.
알았어 ㅋㅋ 일단 각자 집중하자. 5시쯤 다시 상황 볼게.
오늘 하루만 고생하자. 맛있는 거 먹을 생각하며 버티자.
알았어 끝나고 내가 카톡 할게. 남은 업무 파이팅해!"
717,일반 대화,"이번 주 내내 야근이라니 체력 한계가 오는 것 같아.
주말에도 출근해야 할지도 모른다는데 완전 절망이야.
휴게실 가서 커피 한 잔 할까? 뇌가 정지할 것 같아.
믹스커피 엄청 땡겼어. 아무도 안 보니까 빨리 다녀오자.
와 너 완전 천사다. 끝나면 내가 진짜 맛있는 저녁 쏜다.
주말에 쉬어야 뭘 준비를 하든가 하지. 악순환 반복이야.
당연하지 한우 투뿔로 쏠 테니까 나 좀 살려줘 야근 싫어.
알았어 ㅋㅋ 일단 각자 집중하자. 5시쯤 다시 상황 볼게.
여행 완전 추천! 나도 같이 가고 싶어. 빨리 마무리하자.
조금만 더 힘내! 퇴근할 때 지하철역까지 같이 걸어가자."
718,일반 대화,"아 오늘 퇴사 마렵다. 일 너무 많아 미치겠네.
나도 그래. 하루 종일 모니터 봤더니 눈 빠질 것 같아.
휴게실 가서 커피 한 잔 할까? 뇌가 정지할 것 같아.
믹스커피 엄청 땡겼어. 아무도 안 보니까 빨리 다녀오자.
10분만 농땡이 치고 오자. 남은 업무량 보니까 답 없네.
누가 내 일 대신해줬으면. 로또 당첨은 대체 언제 될까?
우리 오늘 저녁에 스트레스 풀게 치킨에 맥주나 한잔해?
연차 쓰고 해외여행 갈까? 특가 항공권 뜨는지 좀 봐야겠다.
응 파이팅! 막히는 거 있으면 혼자 고민 말고 바로 물어봐.
이따가 저녁 뭐 먹을지나 고민하면서 일하자. 수고해!"
719,일반 대화,"드디어 내일 프로젝트 마감이네. 네 파트 다 끝나가?
나도 보면서 조마조마했어. 내가 맛있는 커피 사줄게.
주말 출근은 선 넘었지. 수당은 제대로 쳐주려나 몰라.
수당 안 주면 노동부에 신고할 거야. 진짜 너무 화난다.
와 너 완전 천사다. 끝나면 내가 진짜 맛있는 저녁 쏜다.
다음 주 금요일이 마감이라던데 그때까지 무사히 버티자.
로또 되면 사표 던지고 바로 세계 여행부터 떠날 거야.
상상만 해도 행복하다. 현실은 엑셀 파일이나 정리해야지.
오늘 하루만 고생하자. 맛있는 거 먹을 생각하며 버티자.
이따가 저녁 뭐 먹을지나 고민하면서 일하자. 수고해!"
720,일반 대화,"아 오늘 퇴사 마렵다. 일 너무 많아 미치겠네.
나도 그래. 하루 종일 모니터 봤더니 눈 빠질 것 같아.
고마워 단 거 들어가면 좀 낫겠다. 달달한 거 먹으러 가.
수당 안 주면 노동부에 신고할 거야. 진짜 너무 화난다.
이번 프로젝트 진짜 언제 끝나냐. 끝이 안 보이는 느낌.
누가 내 일 대신해줬으면. 로또 당첨은 대체 언제 될까?
로또 되면 사표 던지고 바로 세계 여행부터 떠날 거야.
완전 콜. 야근 끝나고 근처 치킨집으로 바로 헤쳐 모이자.
빨리 씻고 침대에 눕고 싶다. 남은 시간 조금만 파이팅하자.
이따가 저녁 뭐 먹을지나 고민하면서 일하자. 수고해!"
721,일반 대화,"팀장님 왜 저러셔? 아까 회의 때 기분 완전 상했잖아.
나도 보면서 조마조마했어. 내가 맛있는 커피 사줄게.
고마워 단 거 들어가면 좀 낫겠다. 달달한 거 먹으러 가.
믹스커피 엄청 땡겼어. 아무도 안 보니까 빨리 다녀오자.
와 너 완전 천사다. 끝나면 내가 진짜 맛있는 저녁 쏜다.
다음 주 금요일이 마감이라던데 그때까지 무사히 버티자.
로또 되면 사표 던지고 바로 세계 여행부터 떠날 거야.
알았어 ㅋㅋ 일단 각자 집중하자. 5시쯤 다시 상황 볼게.
응 파이팅! 막히는 거 있으면 혼자 고민 말고 바로 물어봐.
너무 고마워. 저녁 소고기 먹을 생각하면서 진짜 힘낼게!"
722,일반 대화,"드디어 내일 프로젝트 마감이네. 네 파트 다 끝나가?
나도 보면서 조마조마했어. 내가 맛있는 커피 사줄게.
고마워 단 거 들어가면 좀 낫겠다. 달달한 거 먹으러 가.
수당 안 주면 노동부에 신고할 거야. 진짜 너무 화난다.
10분만 농땡이 치고 오자. 남은 업무량 보니까 답 없네.
다음 주 금요일이 마감이라던데 그때까지 무사히 버티자.
버티는 자가 승리하는 거지. 끝나면 연차 쓰고 푹 쉴래.
연차 쓰고 해외여행 갈까? 특가 항공권 뜨는지 좀 봐야겠다.
오늘 하루만 고생하자. 맛있는 거 먹을 생각하며 버티자.
조금만 더 힘내! 퇴근할 때 지하철역까지 같이 걸어가자."
723,일반 대화,"아 오늘 퇴사 마렵다. 일 너무 많아 미치겠네.
응 거의 다 했어. 마지막 오타 검수만 하면 끝날 거야.
주말 출근은 선 넘었지. 수당은 제대로 쳐주려나 몰라.
카페모카에 크림 잔뜩 올려서 마시자. 스트레스엔 단 거.
10분만 농땡이 치고 오자. 남은 업무량 보니까 답 없네.
주말에 쉬어야 뭘 준비를 하든가 하지. 악순환 반복이야.
우리 오늘 저녁에 스트레스 풀게 치킨에 맥주나 한잔해?
상상만 해도 행복하다. 현실은 엑셀 파일이나 정리해야지.
응 파이팅! 막히는 거 있으면 혼자 고민 말고 바로 물어봐.
이따가 저녁 뭐 먹을지나 고민하면서 일하자. 수고해!"
724,일반 대화,"이번 주 내내 야근이라니 체력 한계가 오는 것 같아.
나도 보면서 조마조마했어. 내가 맛있는 커피 사줄게.
주말 출근은 선 넘었지. 수당은 제대로 쳐주려나 몰라.
믹스커피 엄청 땡겼어. 아무도 안 보니까 빨리 다녀오자.
이번 프로젝트 진짜 언제 끝나냐. 끝이 안 보이는 느낌.
주말에 쉬어야 뭘 준비를 하든가 하지. 악순환 반복이야.
로또 되면 사표 던지고 바로 세계 여행부터 떠날 거야.
완전 콜. 야근 끝나고 근처 치킨집으로 바로 헤쳐 모이자.
오늘 하루만 고생하자. 맛있는 거 먹을 생각하며 버티자.
너무 고마워. 저녁 소고기 먹을 생각하면서 진짜 힘낼게!"
725,일반 대화,"아 오늘 퇴사 마렵다. 일 너무 많아 미치겠네.
나도 보면서 조마조마했어. 내가 맛있는 커피 사줄게.
고마워 단 거 들어가면 좀 낫겠다. 달달한 거 먹으러 가.
내가 빨리 끝내고 도와줄게 너무 걱정 마. 다 할 수 있어!
와 너 완전 천사다. 끝나면 내가 진짜 맛있는 저녁 쏜다.
주말에 쉬어야 뭘 준비를 하든가 하지. 악순환 반복이야.
버티는 자가 승리하는 거지. 끝나면 연차 쓰고 푹 쉴래.
연차 쓰고 해외여행 갈까? 특가 항공권 뜨는지 좀 봐야겠다.
응 파이팅! 막히는 거 있으면 혼자 고민 말고 바로 물어봐.
이따가 저녁 뭐 먹을지나 고민하면서 일하자. 수고해!"
726,일반 대화,"팀장님 왜 저러셔? 아까 회의 때 기분 완전 상했잖아.
응 거의 다 했어. 마지막 오타 검수만 하면 끝날 거야.
고마워 단 거 들어가면 좀 낫겠다. 달달한 거 먹으러 가.
믹스커피 엄청 땡겼어. 아무도 안 보니까 빨리 다녀오자.
와 너 완전 천사다. 끝나면 내가 진짜 맛있는 저녁 쏜다.
소고기 사주는 거다? ㅋㅋ 알았어 내 것부터 빨리 끝낼게.
당연하지 한우 투뿔로 쏠 테니까 나 좀 살려줘 야근 싫어.
상상만 해도 행복하다. 현실은 엑셀 파일이나 정리해야지.
응 파이팅! 막히는 거 있으면 혼자 고민 말고 바로 물어봐.
조금만 더 힘내! 퇴근할 때 지하철역까지 같이 걸어가자."
727,일반 대화,"아 오늘 퇴사 마렵다. 일 너무 많아 미치겠네.
나도 보면서 조마조마했어. 내가 맛있는 커피 사줄게.
주말 출근은 선 넘었지. 수당은 제대로 쳐주려나 몰라.
수당 안 주면 노동부에 신고할 거야. 진짜 너무 화난다.
와 너 완전 천사다. 끝나면 내가 진짜 맛있는 저녁 쏜다.
소고기 사주는 거다? ㅋㅋ 알았어 내 것부터 빨리 끝낼게.
당연하지 한우 투뿔로 쏠 테니까 나 좀 살려줘 야근 싫어.
알았어 ㅋㅋ 일단 각자 집중하자. 5시쯤 다시 상황 볼게.
오늘 하루만 고생하자. 맛있는 거 먹을 생각하며 버티자.
너무 고마워. 저녁 소고기 먹을 생각하면서 진짜 힘낼게!"
728,일반 대화,"팀장님 왜 저러셔? 아까 회의 때 기분 완전 상했잖아.
주말에도 출근해야 할지도 모른다는데 완전 절망이야.
휴게실 가서 커피 한 잔 할까? 뇌가 정지할 것 같아.
카페모카에 크림 잔뜩 올려서 마시자. 스트레스엔 단 거.
와 너 완전 천사다. 끝나면 내가 진짜 맛있는 저녁 쏜다.
누가 내 일 대신해줬으면. 로또 당첨은 대체 언제 될까?
버티는 자가 승리하는 거지. 끝나면 연차 쓰고 푹 쉴래.
연차 쓰고 해외여행 갈까? 특가 항공권 뜨는지 좀 봐야겠다.
여행 완전 추천! 나도 같이 가고 싶어. 빨리 마무리하자.
이따가 저녁 뭐 먹을지나 고민하면서 일하자. 수고해!"
729,일반 대화,"아 오늘 퇴사 마렵다. 일 너무 많아 미치겠네.
주말에도 출근해야 할지도 모른다는데 완전 절망이야.
휴게실 가서 커피 한 잔 할까? 뇌가 정지할 것 같아.
수당 안 주면 노동부에 신고할 거야. 진짜 너무 화난다.
이번 프로젝트 진짜 언제 끝나냐. 끝이 안 보이는 느낌.
다음 주 금요일이 마감이라던데 그때까지 무사히 버티자.
버티는 자가 승리하는 거지. 끝나면 연차 쓰고 푹 쉴래.
상상만 해도 행복하다. 현실은 엑셀 파일이나 정리해야지.
여행 완전 추천! 나도 같이 가고 싶어. 빨리 마무리하자.
이따가 저녁 뭐 먹을지나 고민하면서 일하자. 수고해!"
730,일반 대화,"드디어 내일 프로젝트 마감이네. 네 파트 다 끝나가?
나도 그래. 하루 종일 모니터 봤더니 눈 빠질 것 같아.
휴게실 가서 커피 한 잔 할까? 뇌가 정지할 것 같아.
내가 빨리 끝내고 도와줄게 너무 걱정 마. 다 할 수 있어!
10분만 농땡이 치고 오자. 남은 업무량 보니까 답 없네.
주말에 쉬어야 뭘 준비를 하든가 하지. 악순환 반복이야.
우리 오늘 저녁에 스트레스 풀게 치킨에 맥주나 한잔해?
연차 쓰고 해외여행 갈까? 특가 항공권 뜨는지 좀 봐야겠다.
응 파이팅! 막히는 거 있으면 혼자 고민 말고 바로 물어봐.
이따가 저녁 뭐 먹을지나 고민하면서 일하자. 수고해!"
731,일반 대화,"이번 주 내내 야근이라니 체력 한계가 오는 것 같아.
주말에도 출근해야 할지도 모른다는데 완전 절망이야.
고마워 단 거 들어가면 좀 낫겠다. 달달한 거 먹으러 가.
믹스커피 엄청 땡겼어. 아무도 안 보니까 빨리 다녀오자.
10분만 농땡이 치고 오자. 남은 업무량 보니까 답 없네.
다음 주 금요일이 마감이라던데 그때까지 무사히 버티자.
로또 되면 사표 던지고 바로 세계 여행부터 떠날 거야.
연차 쓰고 해외여행 갈까? 특가 항공권 뜨는지 좀 봐야겠다.
빨리 씻고 침대에 눕고 싶다. 남은 시간 조금만 파이팅하자.
조금만 더 힘내! 퇴근할 때 지하철역까지 같이 걸어가자."
732,일반 대화,"팀장님 왜 저러셔? 아까 회의 때 기분 완전 상했잖아.
나도 그래. 하루 종일 모니터 봤더니 눈 빠질 것 같아.
나는 아직 PPT 수정할 게 산더미야. 디자인 너무 어려워.
수당 안 주면 노동부에 신고할 거야. 진짜 너무 화난다.
와 너 완전 천사다. 끝나면 내가 진짜 맛있는 저녁 쏜다.
주말에 쉬어야 뭘 준비를 하든가 하지. 악순환 반복이야.
우리 오늘 저녁에 스트레스 풀게 치킨에 맥주나 한잔해?
연차 쓰고 해외여행 갈까? 특가 항공권 뜨는지 좀 봐야겠다.
여행 완전 추천! 나도 같이 가고 싶어. 빨리 마무리하자.
알았어 끝나고 내가 카톡 할게. 남은 업무 파이팅해!"
733,일반 대화,"아 오늘 퇴사 마렵다. 일 너무 많아 미치겠네.
주말에도 출근해야 할지도 모른다는데 완전 절망이야.
고마워 단 거 들어가면 좀 낫겠다. 달달한 거 먹으러 가.
내가 빨리 끝내고 도와줄게 너무 걱정 마. 다 할 수 있어!
이번 프로젝트 진짜 언제 끝나냐. 끝이 안 보이는 느낌.
다음 주 금요일이 마감이라던데 그때까지 무사히 버티자.
당연하지 한우 투뿔로 쏠 테니까 나 좀 살려줘 야근 싫어.
상상만 해도 행복하다. 현실은 엑셀 파일이나 정리해야지.
여행 완전 추천! 나도 같이 가고 싶어. 빨리 마무리하자.
이따가 저녁 뭐 먹을지나 고민하면서 일하자. 수고해!"
734,일반 대화,"아 오늘 퇴사 마렵다. 일 너무 많아 미치겠네.
주말에도 출근해야 할지도 모른다는데 완전 절망이야.
나는 아직 PPT 수정할 게 산더미야. 디자인 너무 어려워.
카페모카에 크림 잔뜩 올려서 마시자. 스트레스엔 단 거.
와 너 완전 천사다. 끝나면 내가 진짜 맛있는 저녁 쏜다.
다음 주 금요일이 마감이라던데 그때까지 무사히 버티자.
버티는 자가 승리하는 거지. 끝나면 연차 쓰고 푹 쉴래.
연차 쓰고 해외여행 갈까? 특가 항공권 뜨는지 좀 봐야겠다.
오늘 하루만 고생하자. 맛있는 거 먹을 생각하며 버티자.
너무 고마워. 저녁 소고기 먹을 생각하면서 진짜 힘낼게!"
735,일반 대화,"드디어 내일 프로젝트 마감이네. 네 파트 다 끝나가?
나도 그래. 하루 종일 모니터 봤더니 눈 빠질 것 같아.
나는 아직 PPT 수정할 게 산더미야. 디자인 너무 어려워.
내가 빨리 끝내고 도와줄게 너무 걱정 마. 다 할 수 있어!
근데 이직하고 싶어도 이력서 쓸 시간이 없다는 게 함정.
다음 주 금요일이 마감이라던데 그때까지 무사히 버티자.
버티는 자가 승리하는 거지. 끝나면 연차 쓰고 푹 쉴래.
알았어 ㅋㅋ 일단 각자 집중하자. 5시쯤 다시 상황 볼게.
빨리 씻고 침대에 눕고 싶다. 남은 시간 조금만 파이팅하자.
이따가 저녁 뭐 먹을지나 고민하면서 일하자. 수고해!"
736,일반 대화,"팀장님 왜 저러셔? 아까 회의 때 기분 완전 상했잖아.
주말에도 출근해야 할지도 모른다는데 완전 절망이야.
고마워 단 거 들어가면 좀 낫겠다. 달달한 거 먹으러 가.
내가 빨리 끝내고 도와줄게 너무 걱정 마. 다 할 수 있어!
이번 프로젝트 진짜 언제 끝나냐. 끝이 안 보이는 느낌.
소고기 사주는 거다? ㅋㅋ 알았어 내 것부터 빨리 끝낼게.
버티는 자가 승리하는 거지. 끝나면 연차 쓰고 푹 쉴래.
상상만 해도 행복하다. 현실은 엑셀 파일이나 정리해야지.
빨리 씻고 침대에 눕고 싶다. 남은 시간 조금만 파이팅하자.
너무 고마워. 저녁 소고기 먹을 생각하면서 진짜 힘낼게!"
737,일반 대화,"아 오늘 퇴사 마렵다. 일 너무 많아 미치겠네.
나도 그래. 하루 종일 모니터 봤더니 눈 빠질 것 같아.
휴게실 가서 커피 한 잔 할까? 뇌가 정지할 것 같아.
내가 빨리 끝내고 도와줄게 너무 걱정 마. 다 할 수 있어!
와 너 완전 천사다. 끝나면 내가 진짜 맛있는 저녁 쏜다.
소고기 사주는 거다? ㅋㅋ 알았어 내 것부터 빨리 끝낼게.
우리 오늘 저녁에 스트레스 풀게 치킨에 맥주나 한잔해?
상상만 해도 행복하다. 현실은 엑셀 파일이나 정리해야지.
빨리 씻고 침대에 눕고 싶다. 남은 시간 조금만 파이팅하자.
이따가 저녁 뭐 먹을지나 고민하면서 일하자. 수고해!"
738,일반 대화,"드디어 내일 프로젝트 마감이네. 네 파트 다 끝나가?
응 거의 다 했어. 마지막 오타 검수만 하면 끝날 거야.
나는 아직 PPT 수정할 게 산더미야. 디자인 너무 어려워.
수당 안 주면 노동부에 신고할 거야. 진짜 너무 화난다.
이번 프로젝트 진짜 언제 끝나냐. 끝이 안 보이는 느낌.
다음 주 금요일이 마감이라던데 그때까지 무사히 버티자.
로또 되면 사표 던지고 바로 세계 여행부터 떠날 거야.
완전 콜. 야근 끝나고 근처 치킨집으로 바로 헤쳐 모이자.
빨리 씻고 침대에 눕고 싶다. 남은 시간 조금만 파이팅하자.
조금만 더 힘내! 퇴근할 때 지하철역까지 같이 걸어가자."
739,일반 대화,"아 오늘 퇴사 마렵다. 일 너무 많아 미치겠네.
응 거의 다 했어. 마지막 오타 검수만 하면 끝날 거야.
고마워 단 거 들어가면 좀 낫겠다. 달달한 거 먹으러 가.
믹스커피 엄청 땡겼어. 아무도 안 보니까 빨리 다녀오자.
근데 이직하고 싶어도 이력서 쓸 시간이 없다는 게 함정.
소고기 사주는 거다? ㅋㅋ 알았어 내 것부터 빨리 끝낼게.
버티는 자가 승리하는 거지. 끝나면 연차 쓰고 푹 쉴래.
알았어 ㅋㅋ 일단 각자 집중하자. 5시쯤 다시 상황 볼게.
여행 완전 추천! 나도 같이 가고 싶어. 빨리 마무리하자.
알았어 끝나고 내가 카톡 할게. 남은 업무 파이팅해!"
740,일반 대화,"이번 주 내내 야근이라니 체력 한계가 오는 것 같아.
주말에도 출근해야 할지도 모른다는데 완전 절망이야.
고마워 단 거 들어가면 좀 낫겠다. 달달한 거 먹으러 가.
내가 빨리 끝내고 도와줄게 너무 걱정 마. 다 할 수 있어!
와 너 완전 천사다. 끝나면 내가 진짜 맛있는 저녁 쏜다.
다음 주 금요일이 마감이라던데 그때까지 무사히 버티자.
우리 오늘 저녁에 스트레스 풀게 치킨에 맥주나 한잔해?
연차 쓰고 해외여행 갈까? 특가 항공권 뜨는지 좀 봐야겠다.
오늘 하루만 고생하자. 맛있는 거 먹을 생각하며 버티자.
알았어 끝나고 내가 카톡 할게. 남은 업무 파이팅해!"
741,일반 대화,"아 오늘 퇴사 마렵다. 일 너무 많아 미치겠네.
나도 그래. 하루 종일 모니터 봤더니 눈 빠질 것 같아.
고마워 단 거 들어가면 좀 낫겠다. 달달한 거 먹으러 가.
수당 안 주면 노동부에 신고할 거야. 진짜 너무 화난다.
10분만 농땡이 치고 오자. 남은 업무량 보니까 답 없네.
누가 내 일 대신해줬으면. 로또 당첨은 대체 언제 될까?
당연하지 한우 투뿔로 쏠 테니까 나 좀 살려줘 야근 싫어.
상상만 해도 행복하다. 현실은 엑셀 파일이나 정리해야지.
오늘 하루만 고생하자. 맛있는 거 먹을 생각하며 버티자.
너무 고마워. 저녁 소고기 먹을 생각하면서 진짜 힘낼게!"
742,일반 대화,"드디어 내일 프로젝트 마감이네. 네 파트 다 끝나가?
나도 그래. 하루 종일 모니터 봤더니 눈 빠질 것 같아.
휴게실 가서 커피 한 잔 할까? 뇌가 정지할 것 같아.
내가 빨리 끝내고 도와줄게 너무 걱정 마. 다 할 수 있어!
이번 프로젝트 진짜 언제 끝나냐. 끝이 안 보이는 느낌.
소고기 사주는 거다? ㅋㅋ 알았어 내 것부터 빨리 끝낼게.
로또 되면 사표 던지고 바로 세계 여행부터 떠날 거야.
연차 쓰고 해외여행 갈까? 특가 항공권 뜨는지 좀 봐야겠다.
오늘 하루만 고생하자. 맛있는 거 먹을 생각하며 버티자.
알았어 끝나고 내가 카톡 할게. 남은 업무 파이팅해!"
743,일반 대화,"아 오늘 퇴사 마렵다. 일 너무 많아 미치겠네.
나도 보면서 조마조마했어. 내가 맛있는 커피 사줄게.
주말 출근은 선 넘었지. 수당은 제대로 쳐주려나 몰라.
카페모카에 크림 잔뜩 올려서 마시자. 스트레스엔 단 거.
근데 이직하고 싶어도 이력서 쓸 시간이 없다는 게 함정.
다음 주 금요일이 마감이라던데 그때까지 무사히 버티자.
당연하지 한우 투뿔로 쏠 테니까 나 좀 살려줘 야근 싫어.
알았어 ㅋㅋ 일단 각자 집중하자. 5시쯤 다시 상황 볼게.
여행 완전 추천! 나도 같이 가고 싶어. 빨리 마무리하자.
이따가 저녁 뭐 먹을지나 고민하면서 일하자. 수고해!"
744,일반 대화,"팀장님 왜 저러셔? 아까 회의 때 기분 완전 상했잖아.
나도 보면서 조마조마했어. 내가 맛있는 커피 사줄게.
주말 출근은 선 넘었지. 수당은 제대로 쳐주려나 몰라.
내가 빨리 끝내고 도와줄게 너무 걱정 마. 다 할 수 있어!
10분만 농땡이 치고 오자. 남은 업무량 보니까 답 없네.
다음 주 금요일이 마감이라던데 그때까지 무사히 버티자.
우리 오늘 저녁에 스트레스 풀게 치킨에 맥주나 한잔해?
알았어 ㅋㅋ 일단 각자 집중하자. 5시쯤 다시 상황 볼게.
응 파이팅! 막히는 거 있으면 혼자 고민 말고 바로 물어봐.
조금만 더 힘내! 퇴근할 때 지하철역까지 같이 걸어가자."
745,일반 대화,"아 오늘 퇴사 마렵다. 일 너무 많아 미치겠네.
나도 그래. 하루 종일 모니터 봤더니 눈 빠질 것 같아.
나는 아직 PPT 수정할 게 산더미야. 디자인 너무 어려워.
카페모카에 크림 잔뜩 올려서 마시자. 스트레스엔 단 거.
근데 이직하고 싶어도 이력서 쓸 시간이 없다는 게 함정.
주말에 쉬어야 뭘 준비를 하든가 하지. 악순환 반복이야.
우리 오늘 저녁에 스트레스 풀게 치킨에 맥주나 한잔해?
완전 콜. 야근 끝나고 근처 치킨집으로 바로 헤쳐 모이자.
여행 완전 추천! 나도 같이 가고 싶어. 빨리 마무리하자.
알았어 끝나고 내가 카톡 할게. 남은 업무 파이팅해!"
746,일반 대화,"이번 주 내내 야근이라니 체력 한계가 오는 것 같아.
주말에도 출근해야 할지도 모른다는데 완전 절망이야.
나는 아직 PPT 수정할 게 산더미야. 디자인 너무 어려워.
믹스커피 엄청 땡겼어. 아무도 안 보니까 빨리 다녀오자.
근데 이직하고 싶어도 이력서 쓸 시간이 없다는 게 함정.
주말에 쉬어야 뭘 준비를 하든가 하지. 악순환 반복이야.
당연하지 한우 투뿔로 쏠 테니까 나 좀 살려줘 야근 싫어.
연차 쓰고 해외여행 갈까? 특가 항공권 뜨는지 좀 봐야겠다.
응 파이팅! 막히는 거 있으면 혼자 고민 말고 바로 물어봐.
조금만 더 힘내! 퇴근할 때 지하철역까지 같이 걸어가자."
747,일반 대화,"이번 주 내내 야근이라니 체력 한계가 오는 것 같아.
응 거의 다 했어. 마지막 오타 검수만 하면 끝날 거야.
휴게실 가서 커피 한 잔 할까? 뇌가 정지할 것 같아.
내가 빨리 끝내고 도와줄게 너무 걱정 마. 다 할 수 있어!
이번 프로젝트 진짜 언제 끝나냐. 끝이 안 보이는 느낌.
소고기 사주는 거다? ㅋㅋ 알았어 내 것부터 빨리 끝낼게.
로또 되면 사표 던지고 바로 세계 여행부터 떠날 거야.
상상만 해도 행복하다. 현실은 엑셀 파일이나 정리해야지.
빨리 씻고 침대에 눕고 싶다. 남은 시간 조금만 파이팅하자.
알았어 끝나고 내가 카톡 할게. 남은 업무 파이팅해!"
748,일반 대화,"아 오늘 퇴사 마렵다. 일 너무 많아 미치겠네.
나도 그래. 하루 종일 모니터 봤더니 눈 빠질 것 같아.
주말 출근은 선 넘었지. 수당은 제대로 쳐주려나 몰라.
믹스커피 엄청 땡겼어. 아무도 안 보니까 빨리 다녀오자.
근데 이직하고 싶어도 이력서 쓸 시간이 없다는 게 함정.
누가 내 일 대신해줬으면. 로또 당첨은 대체 언제 될까?
우리 오늘 저녁에 스트레스 풀게 치킨에 맥주나 한잔해?
알았어 ㅋㅋ 일단 각자 집중하자. 5시쯤 다시 상황 볼게.
여행 완전 추천! 나도 같이 가고 싶어. 빨리 마무리하자.
이따가 저녁 뭐 먹을지나 고민하면서 일하자. 수고해!"
749,일반 대화,"아 오늘 퇴사 마렵다. 일 너무 많아 미치겠네.
주말에도 출근해야 할지도 모른다는데 완전 절망이야.
주말 출근은 선 넘었지. 수당은 제대로 쳐주려나 몰라.
수당 안 주면 노동부에 신고할 거야. 진짜 너무 화난다.
근데 이직하고 싶어도 이력서 쓸 시간이 없다는 게 함정.
주말에 쉬어야 뭘 준비를 하든가 하지. 악순환 반복이야.
버티는 자가 승리하는 거지. 끝나면 연차 쓰고 푹 쉴래.
상상만 해도 행복하다. 현실은 엑셀 파일이나 정리해야지.
응 파이팅! 막히는 거 있으면 혼자 고민 말고 바로 물어봐.
조금만 더 힘내! 퇴근할 때 지하철역까지 같이 걸어가자."
750,일반 대화,"오늘 하늘 맑은 거 봤어? 구름 한 점 없고 진짜 가을 하늘.
나도 패딩 입을까 하다가 코트 입었는데 완전 후회 중이야.
내일 영하 10도까지 떨어진대. 외출 금지령 내려야 할 판.
내일도 계속 공기 안 좋대? 뉴스에서 혹시 뭐라고 하던?
핫팩도 챙겨. 요새 감기 걸리면 병원 가기도 힘드니까.
비 오는 건 싫지만 미세먼지 없어지면 환영이야 다행이다.
비 오고 나면 또 추워질 테니까 따뜻하게 챙겨 입어야겠다.
그랬으면 좋겠다. 만약 비 오면 집에서 홈파티나 해야지 뭐.
조심히 오고 비 많이 오니까 우산 튼튼한 걸로 잘 챙겨 와.
내일 맑은 하늘 볼 수 있기를 기대하면서 오늘 푹 쉬자!"
751,일반 대화,"오늘 하늘 맑은 거 봤어? 구름 한 점 없고 진짜 가을 하늘.
나도 패딩 입을까 하다가 코트 입었는데 완전 후회 중이야.
비 오니까 파전에 막걸리 땡겨. 오늘 퇴근하고 한잔 어때?
파전 완전 좋지! 비 오는 날엔 기름진 거 먹어줘야 해.
주말에 비 온다는 소식 있던데? 기상청 예보 다시 확인해봐.
콜! 늦으면 자리 꽉 차니까 퇴근하자마자 엄청 달려야 해.
좋아. 뜨끈한 국밥 한 그릇 먹으면 몸이 싹 녹을 것 같아.
생각만 해도 좋다. 12시 땡 치면 바로 국밥집으로 뛰어가자.
내가 미리 메뉴도 정해놨어. 수육 국밥으로 통일하는 거콜?
내일 맑은 하늘 볼 수 있기를 기대하면서 오늘 푹 쉬자!"
752,일반 대화,"오늘 날씨 진짜 춥지 않아? 귀가 떨어져 나가는 줄 알았어.
아침에 출근할 때 보니까 기분 좋더라. 막 놀러 가고 싶고.
이런 날씨엔 한강 가서 돗자리 깔고 누워있어야 하는데 휴.
내일 무조건 롱패딩 입고 목도리랑 장갑까지 챙겨야겠다.
주말에 비 온다는 소식 있던데? 기상청 예보 다시 확인해봐.
콜! 늦으면 자리 꽉 차니까 퇴근하자마자 엄청 달려야 해.
비 오고 나면 또 추워질 테니까 따뜻하게 챙겨 입어야겠다.
그랬으면 좋겠다. 만약 비 오면 집에서 홈파티나 해야지 뭐.
조심히 오고 비 많이 오니까 우산 튼튼한 걸로 잘 챙겨 와.
알았어 맛있는 파전 먹을 생각하면서 남은 시간 버텨본다!"
753,일반 대화,"오늘 날씨 진짜 춥지 않아? 귀가 떨어져 나가는 줄 알았어.
제습기 틀어도 뽀송해지지가 않네. 빨리 장마 끝났으면.
이런 날은 집에 박혀서 공기청정기 풀가동하고 있어야 해.
주말까지 이 날씨가 계속 유지되어야 할 텐데 걱정이네.
핫팩도 챙겨. 요새 감기 걸리면 병원 가기도 힘드니까.
너도 감기 조심해. 이따 점심엔 따뜻한 국물 있는 거 먹자.
요새 기상청 자주 틀리니까 너무 걱정 마. 비 안 올 거야.
오늘 저녁엔 삼겹살 구워서 목에 낀 먼지 좀 내려보내야지.
삼겹살 좋지. 핑계 훌륭하다. 맛있게 먹고 먼지 싹 내려.
그것도 좋은 플랜이네. 날씨 어떻게 되나 같이 지켜보자!"
754,일반 대화,"오늘 하늘 맑은 거 봤어? 구름 한 점 없고 진짜 가을 하늘.
제습기 틀어도 뽀송해지지가 않네. 빨리 장마 끝났으면.
비 오니까 파전에 막걸리 땡겨. 오늘 퇴근하고 한잔 어때?
내일 무조건 롱패딩 입고 목도리랑 장갑까지 챙겨야겠다.
핫팩도 챙겨. 요새 감기 걸리면 병원 가기도 힘드니까.
콜! 늦으면 자리 꽉 차니까 퇴근하자마자 엄청 달려야 해.
좋아. 뜨끈한 국밥 한 그릇 먹으면 몸이 싹 녹을 것 같아.
오 센스쟁이! 나도 최대한 빨리 업무 마무리하고 넘어갈게.
내가 미리 메뉴도 정해놨어. 수육 국밥으로 통일하는 거콜?
알았어 맛있는 파전 먹을 생각하면서 남은 시간 버텨본다!"
755,일반 대화,"와 오늘 미세먼지 최악이다. 하늘 누렇게 변한 거 봤어?
제습기 틀어도 뽀송해지지가 않네. 빨리 장마 끝났으면.
내일 영하 10도까지 떨어진대. 외출 금지령 내려야 할 판.
파전 완전 좋지! 비 오는 날엔 기름진 거 먹어줘야 해.
막걸리는 내가 살게! 저번에 갔던 그 전집으로 가면 되겠다.
비 오는 건 싫지만 미세먼지 없어지면 환영이야 다행이다.
요새 기상청 자주 틀리니까 너무 걱정 마. 비 안 올 거야.
오늘 저녁엔 삼겹살 구워서 목에 낀 먼지 좀 내려보내야지.
내가 미리 메뉴도 정해놨어. 수육 국밥으로 통일하는 거콜?
내일 맑은 하늘 볼 수 있기를 기대하면서 오늘 푹 쉬자!"
756,일반 대화,"비가 며칠째 계속 내리네. 끈적거려서 기분 완전 별로야.
아침에 출근할 때 보니까 기분 좋더라. 막 놀러 가고 싶고.
이런 날은 집에 박혀서 공기청정기 풀가동하고 있어야 해.
주말까지 이 날씨가 계속 유지되어야 할 텐데 걱정이네.
핫팩도 챙겨. 요새 감기 걸리면 병원 가기도 힘드니까.
너도 감기 조심해. 이따 점심엔 따뜻한 국물 있는 거 먹자.
요새 기상청 자주 틀리니까 너무 걱정 마. 비 안 올 거야.
오늘 저녁엔 삼겹살 구워서 목에 낀 먼지 좀 내려보내야지.
삼겹살 좋지. 핑계 훌륭하다. 맛있게 먹고 먼지 싹 내려.
내일 맑은 하늘 볼 수 있기를 기대하면서 오늘 푹 쉬자!"
757,일반 대화,"비가 며칠째 계속 내리네. 끈적거려서 기분 완전 별로야.
제습기 틀어도 뽀송해지지가 않네. 빨리 장마 끝났으면.
이런 날씨엔 한강 가서 돗자리 깔고 누워있어야 하는데 휴.
내일 무조건 롱패딩 입고 목도리랑 장갑까지 챙겨야겠다.
주말에 비 온다는 소식 있던데? 기상청 예보 다시 확인해봐.
비 오는 건 싫지만 미세먼지 없어지면 환영이야 다행이다.
비 오고 나면 또 추워질 테니까 따뜻하게 챙겨 입어야겠다.
그랬으면 좋겠다. 만약 비 오면 집에서 홈파티나 해야지 뭐.
홈파티도 재밌지! 비 오면 빔프로젝터 들고 너네 집 갈게.
알았어 맛있는 파전 먹을 생각하면서 남은 시간 버텨본다!"
758,일반 대화,"와 오늘 미세먼지 최악이다. 하늘 누렇게 변한 거 봤어?
제습기 틀어도 뽀송해지지가 않네. 빨리 장마 끝났으면.
이런 날씨엔 한강 가서 돗자리 깔고 누워있어야 하는데 휴.
내일도 계속 공기 안 좋대? 뉴스에서 혹시 뭐라고 하던?
주말에 비 온다는 소식 있던데? 기상청 예보 다시 확인해봐.
콜! 늦으면 자리 꽉 차니까 퇴근하자마자 엄청 달려야 해.
요새 기상청 자주 틀리니까 너무 걱정 마. 비 안 올 거야.
생각만 해도 좋다. 12시 땡 치면 바로 국밥집으로 뛰어가자.
내가 미리 메뉴도 정해놨어. 수육 국밥으로 통일하는 거콜?
완벽해. 점심시간에 따뜻하게 몸 녹이자. 이따 식당에서 봐!"
759,일반 대화,"오늘 하늘 맑은 거 봤어? 구름 한 점 없고 진짜 가을 하늘.
나도 패딩 입을까 하다가 코트 입었는데 완전 후회 중이야.
이런 날씨엔 한강 가서 돗자리 깔고 누워있어야 하는데 휴.
내일도 계속 공기 안 좋대? 뉴스에서 혹시 뭐라고 하던?
주말에 비 온다는 소식 있던데? 기상청 예보 다시 확인해봐.
너도 감기 조심해. 이따 점심엔 따뜻한 국물 있는 거 먹자.
좋아. 뜨끈한 국밥 한 그릇 먹으면 몸이 싹 녹을 것 같아.
생각만 해도 좋다. 12시 땡 치면 바로 국밥집으로 뛰어가자.
내가 미리 메뉴도 정해놨어. 수육 국밥으로 통일하는 거콜?
내일 맑은 하늘 볼 수 있기를 기대하면서 오늘 푹 쉬자!"
760,일반 대화,"와 오늘 미세먼지 최악이다. 하늘 누렇게 변한 거 봤어?
마스크 안 썼으면 큰일 날 뻔했어. 숨쉬기도 너무 답답해.
이런 날은 집에 박혀서 공기청정기 풀가동하고 있어야 해.
주말까지 이 날씨가 계속 유지되어야 할 텐데 걱정이네.
핫팩도 챙겨. 요새 감기 걸리면 병원 가기도 힘드니까.
콜! 늦으면 자리 꽉 차니까 퇴근하자마자 엄청 달려야 해.
비 오고 나면 또 추워질 테니까 따뜻하게 챙겨 입어야겠다.
오늘 저녁엔 삼겹살 구워서 목에 낀 먼지 좀 내려보내야지.
삼겹살 좋지. 핑계 훌륭하다. 맛있게 먹고 먼지 싹 내려.
알았어 맛있는 파전 먹을 생각하면서 남은 시간 버텨본다!"
761,일반 대화,"오늘 하늘 맑은 거 봤어? 구름 한 점 없고 진짜 가을 하늘.
마스크 안 썼으면 큰일 날 뻔했어. 숨쉬기도 너무 답답해.
내일 영하 10도까지 떨어진대. 외출 금지령 내려야 할 판.
파전 완전 좋지! 비 오는 날엔 기름진 거 먹어줘야 해.
주말에 비 온다는 소식 있던데? 기상청 예보 다시 확인해봐.
헐 진짜? 주말에 캠핑 예약 다 해놨는데 제발 아니었으면.
내가 5분 일찍 나가서 미리 자리 잡고 주문할 테니까 와.
오 센스쟁이! 나도 최대한 빨리 업무 마무리하고 넘어갈게.
내가 미리 메뉴도 정해놨어. 수육 국밥으로 통일하는 거콜?
완벽해. 점심시간에 따뜻하게 몸 녹이자. 이따 식당에서 봐!"
762,일반 대화,"비가 며칠째 계속 내리네. 끈적거려서 기분 완전 별로야.
제습기 틀어도 뽀송해지지가 않네. 빨리 장마 끝났으면.
내일 영하 10도까지 떨어진대. 외출 금지령 내려야 할 판.
파전 완전 좋지! 비 오는 날엔 기름진 거 먹어줘야 해.
핫팩도 챙겨. 요새 감기 걸리면 병원 가기도 힘드니까.
너도 감기 조심해. 이따 점심엔 따뜻한 국물 있는 거 먹자.
좋아. 뜨끈한 국밥 한 그릇 먹으면 몸이 싹 녹을 것 같아.
생각만 해도 좋다. 12시 땡 치면 바로 국밥집으로 뛰어가자.
홈파티도 재밌지! 비 오면 빔프로젝터 들고 너네 집 갈게.
그것도 좋은 플랜이네. 날씨 어떻게 되나 같이 지켜보자!"
763,일반 대화,"오늘 하늘 맑은 거 봤어? 구름 한 점 없고 진짜 가을 하늘.
아침에 출근할 때 보니까 기분 좋더라. 막 놀러 가고 싶고.
내일 영하 10도까지 떨어진대. 외출 금지령 내려야 할 판.
주말까지 이 날씨가 계속 유지되어야 할 텐데 걱정이네.
막걸리는 내가 살게! 저번에 갔던 그 전집으로 가면 되겠다.
헐 진짜? 주말에 캠핑 예약 다 해놨는데 제발 아니었으면.
좋아. 뜨끈한 국밥 한 그릇 먹으면 몸이 싹 녹을 것 같아.
생각만 해도 좋다. 12시 땡 치면 바로 국밥집으로 뛰어가자.
조심히 오고 비 많이 오니까 우산 튼튼한 걸로 잘 챙겨 와.
알았어 맛있는 파전 먹을 생각하면서 남은 시간 버텨본다!"
764,일반 대화,"와 오늘 미세먼지 최악이다. 하늘 누렇게 변한 거 봤어?
나도 패딩 입을까 하다가 코트 입었는데 완전 후회 중이야.
내일 영하 10도까지 떨어진대. 외출 금지령 내려야 할 판.
주말까지 이 날씨가 계속 유지되어야 할 텐데 걱정이네.
주말에 비 온다는 소식 있던데? 기상청 예보 다시 확인해봐.
콜! 늦으면 자리 꽉 차니까 퇴근하자마자 엄청 달려야 해.
요새 기상청 자주 틀리니까 너무 걱정 마. 비 안 올 거야.
그랬으면 좋겠다. 만약 비 오면 집에서 홈파티나 해야지 뭐.
내가 미리 메뉴도 정해놨어. 수육 국밥으로 통일하는 거콜?
알았어 맛있는 파전 먹을 생각하면서 남은 시간 버텨본다!"
765,일반 대화,"비가 며칠째 계속 내리네. 끈적거려서 기분 완전 별로야.
아침에 출근할 때 보니까 기분 좋더라. 막 놀러 가고 싶고.
이런 날은 집에 박혀서 공기청정기 풀가동하고 있어야 해.
파전 완전 좋지! 비 오는 날엔 기름진 거 먹어줘야 해.
내일 오후부터는 비 오면서 씻겨 내려간대. 완전 다행이지.
헐 진짜? 주말에 캠핑 예약 다 해놨는데 제발 아니었으면.
좋아. 뜨끈한 국밥 한 그릇 먹으면 몸이 싹 녹을 것 같아.
오 센스쟁이! 나도 최대한 빨리 업무 마무리하고 넘어갈게.
조심히 오고 비 많이 오니까 우산 튼튼한 걸로 잘 챙겨 와.
내일 맑은 하늘 볼 수 있기를 기대하면서 오늘 푹 쉬자!"
766,일반 대화,"오늘 하늘 맑은 거 봤어? 구름 한 점 없고 진짜 가을 하늘.
아침에 출근할 때 보니까 기분 좋더라. 막 놀러 가고 싶고.
이런 날씨엔 한강 가서 돗자리 깔고 누워있어야 하는데 휴.
파전 완전 좋지! 비 오는 날엔 기름진 거 먹어줘야 해.
막걸리는 내가 살게! 저번에 갔던 그 전집으로 가면 되겠다.
비 오는 건 싫지만 미세먼지 없어지면 환영이야 다행이다.
비 오고 나면 또 추워질 테니까 따뜻하게 챙겨 입어야겠다.
생각만 해도 좋다. 12시 땡 치면 바로 국밥집으로 뛰어가자.
조심히 오고 비 많이 오니까 우산 튼튼한 걸로 잘 챙겨 와.
그것도 좋은 플랜이네. 날씨 어떻게 되나 같이 지켜보자!"
767,일반 대화,"비가 며칠째 계속 내리네. 끈적거려서 기분 완전 별로야.
아침에 출근할 때 보니까 기분 좋더라. 막 놀러 가고 싶고.
이런 날씨엔 한강 가서 돗자리 깔고 누워있어야 하는데 휴.
주말까지 이 날씨가 계속 유지되어야 할 텐데 걱정이네.
주말에 비 온다는 소식 있던데? 기상청 예보 다시 확인해봐.
콜! 늦으면 자리 꽉 차니까 퇴근하자마자 엄청 달려야 해.
내가 5분 일찍 나가서 미리 자리 잡고 주문할 테니까 와.
오늘 저녁엔 삼겹살 구워서 목에 낀 먼지 좀 내려보내야지.
홈파티도 재밌지! 비 오면 빔프로젝터 들고 너네 집 갈게.
알았어 맛있는 파전 먹을 생각하면서 남은 시간 버텨본다!"
768,일반 대화,"오늘 하늘 맑은 거 봤어? 구름 한 점 없고 진짜 가을 하늘.
아침에 출근할 때 보니까 기분 좋더라. 막 놀러 가고 싶고.
이런 날은 집에 박혀서 공기청정기 풀가동하고 있어야 해.
내일 무조건 롱패딩 입고 목도리랑 장갑까지 챙겨야겠다.
핫팩도 챙겨. 요새 감기 걸리면 병원 가기도 힘드니까.
콜! 늦으면 자리 꽉 차니까 퇴근하자마자 엄청 달려야 해.
요새 기상청 자주 틀리니까 너무 걱정 마. 비 안 올 거야.
오늘 저녁엔 삼겹살 구워서 목에 낀 먼지 좀 내려보내야지.
홈파티도 재밌지! 비 오면 빔프로젝터 들고 너네 집 갈게.
그것도 좋은 플랜이네. 날씨 어떻게 되나 같이 지켜보자!"
769,일반 대화,"비가 며칠째 계속 내리네. 끈적거려서 기분 완전 별로야.
마스크 안 썼으면 큰일 날 뻔했어. 숨쉬기도 너무 답답해.
이런 날은 집에 박혀서 공기청정기 풀가동하고 있어야 해.
주말까지 이 날씨가 계속 유지되어야 할 텐데 걱정이네.
막걸리는 내가 살게! 저번에 갔던 그 전집으로 가면 되겠다.
너도 감기 조심해. 이따 점심엔 따뜻한 국물 있는 거 먹자.
좋아. 뜨끈한 국밥 한 그릇 먹으면 몸이 싹 녹을 것 같아.
그랬으면 좋겠다. 만약 비 오면 집에서 홈파티나 해야지 뭐.
내가 미리 메뉴도 정해놨어. 수육 국밥으로 통일하는 거콜?
내일 맑은 하늘 볼 수 있기를 기대하면서 오늘 푹 쉬자!"
770,일반 대화,"와 오늘 미세먼지 최악이다. 하늘 누렇게 변한 거 봤어?
제습기 틀어도 뽀송해지지가 않네. 빨리 장마 끝났으면.
비 오니까 파전에 막걸리 땡겨. 오늘 퇴근하고 한잔 어때?
내일도 계속 공기 안 좋대? 뉴스에서 혹시 뭐라고 하던?
내일 오후부터는 비 오면서 씻겨 내려간대. 완전 다행이지.
비 오는 건 싫지만 미세먼지 없어지면 환영이야 다행이다.
좋아. 뜨끈한 국밥 한 그릇 먹으면 몸이 싹 녹을 것 같아.
생각만 해도 좋다. 12시 땡 치면 바로 국밥집으로 뛰어가자.
내가 미리 메뉴도 정해놨어. 수육 국밥으로 통일하는 거콜?
알았어 맛있는 파전 먹을 생각하면서 남은 시간 버텨본다!"
771,일반 대화,"오늘 하늘 맑은 거 봤어? 구름 한 점 없고 진짜 가을 하늘.
나도 패딩 입을까 하다가 코트 입었는데 완전 후회 중이야.
비 오니까 파전에 막걸리 땡겨. 오늘 퇴근하고 한잔 어때?
파전 완전 좋지! 비 오는 날엔 기름진 거 먹어줘야 해.
내일 오후부터는 비 오면서 씻겨 내려간대. 완전 다행이지.
너도 감기 조심해. 이따 점심엔 따뜻한 국물 있는 거 먹자.
좋아. 뜨끈한 국밥 한 그릇 먹으면 몸이 싹 녹을 것 같아.
오늘 저녁엔 삼겹살 구워서 목에 낀 먼지 좀 내려보내야지.
삼겹살 좋지. 핑계 훌륭하다. 맛있게 먹고 먼지 싹 내려.
완벽해. 점심시간에 따뜻하게 몸 녹이자. 이따 식당에서 봐!"
772,일반 대화,"와 오늘 미세먼지 최악이다. 하늘 누렇게 변한 거 봤어?
마스크 안 썼으면 큰일 날 뻔했어. 숨쉬기도 너무 답답해.
내일 영하 10도까지 떨어진대. 외출 금지령 내려야 할 판.
주말까지 이 날씨가 계속 유지되어야 할 텐데 걱정이네.
주말에 비 온다는 소식 있던데? 기상청 예보 다시 확인해봐.
콜! 늦으면 자리 꽉 차니까 퇴근하자마자 엄청 달려야 해.
비 오고 나면 또 추워질 테니까 따뜻하게 챙겨 입어야겠다.
그랬으면 좋겠다. 만약 비 오면 집에서 홈파티나 해야지 뭐.
조심히 오고 비 많이 오니까 우산 튼튼한 걸로 잘 챙겨 와.
그것도 좋은 플랜이네. 날씨 어떻게 되나 같이 지켜보자!"
773,일반 대화,"오늘 하늘 맑은 거 봤어? 구름 한 점 없고 진짜 가을 하늘.
제습기 틀어도 뽀송해지지가 않네. 빨리 장마 끝났으면.
비 오니까 파전에 막걸리 땡겨. 오늘 퇴근하고 한잔 어때?
주말까지 이 날씨가 계속 유지되어야 할 텐데 걱정이네.
내일 오후부터는 비 오면서 씻겨 내려간대. 완전 다행이지.
너도 감기 조심해. 이따 점심엔 따뜻한 국물 있는 거 먹자.
좋아. 뜨끈한 국밥 한 그릇 먹으면 몸이 싹 녹을 것 같아.
그랬으면 좋겠다. 만약 비 오면 집에서 홈파티나 해야지 뭐.
삼겹살 좋지. 핑계 훌륭하다. 맛있게 먹고 먼지 싹 내려.
내일 맑은 하늘 볼 수 있기를 기대하면서 오늘 푹 쉬자!"
774,일반 대화,"오늘 날씨 진짜 춥지 않아? 귀가 떨어져 나가는 줄 알았어.
나도 패딩 입을까 하다가 코트 입었는데 완전 후회 중이야.
이런 날씨엔 한강 가서 돗자리 깔고 누워있어야 하는데 휴.
내일도 계속 공기 안 좋대? 뉴스에서 혹시 뭐라고 하던?
핫팩도 챙겨. 요새 감기 걸리면 병원 가기도 힘드니까.
헐 진짜? 주말에 캠핑 예약 다 해놨는데 제발 아니었으면.
내가 5분 일찍 나가서 미리 자리 잡고 주문할 테니까 와.
오늘 저녁엔 삼겹살 구워서 목에 낀 먼지 좀 내려보내야지.
조심히 오고 비 많이 오니까 우산 튼튼한 걸로 잘 챙겨 와.
그것도 좋은 플랜이네. 날씨 어떻게 되나 같이 지켜보자!"
775,일반 대화,"오늘 하늘 맑은 거 봤어? 구름 한 점 없고 진짜 가을 하늘.
마스크 안 썼으면 큰일 날 뻔했어. 숨쉬기도 너무 답답해.
비 오니까 파전에 막걸리 땡겨. 오늘 퇴근하고 한잔 어때?
파전 완전 좋지! 비 오는 날엔 기름진 거 먹어줘야 해.
막걸리는 내가 살게! 저번에 갔던 그 전집으로 가면 되겠다.
너도 감기 조심해. 이따 점심엔 따뜻한 국물 있는 거 먹자.
비 오고 나면 또 추워질 테니까 따뜻하게 챙겨 입어야겠다.
그랬으면 좋겠다. 만약 비 오면 집에서 홈파티나 해야지 뭐.
조심히 오고 비 많이 오니까 우산 튼튼한 걸로 잘 챙겨 와.
완벽해. 점심시간에 따뜻하게 몸 녹이자. 이따 식당에서 봐!"
776,일반 대화,"오늘 날씨 진짜 춥지 않아? 귀가 떨어져 나가는 줄 알았어.
제습기 틀어도 뽀송해지지가 않네. 빨리 장마 끝났으면.
비 오니까 파전에 막걸리 땡겨. 오늘 퇴근하고 한잔 어때?
주말까지 이 날씨가 계속 유지되어야 할 텐데 걱정이네.
주말에 비 온다는 소식 있던데? 기상청 예보 다시 확인해봐.
너도 감기 조심해. 이따 점심엔 따뜻한 국물 있는 거 먹자.
좋아. 뜨끈한 국밥 한 그릇 먹으면 몸이 싹 녹을 것 같아.
오 센스쟁이! 나도 최대한 빨리 업무 마무리하고 넘어갈게.
조심히 오고 비 많이 오니까 우산 튼튼한 걸로 잘 챙겨 와.
그것도 좋은 플랜이네. 날씨 어떻게 되나 같이 지켜보자!"
777,일반 대화,"비가 며칠째 계속 내리네. 끈적거려서 기분 완전 별로야.
제습기 틀어도 뽀송해지지가 않네. 빨리 장마 끝났으면.
이런 날씨엔 한강 가서 돗자리 깔고 누워있어야 하는데 휴.
주말까지 이 날씨가 계속 유지되어야 할 텐데 걱정이네.
내일 오후부터는 비 오면서 씻겨 내려간대. 완전 다행이지.
비 오는 건 싫지만 미세먼지 없어지면 환영이야 다행이다.
내가 5분 일찍 나가서 미리 자리 잡고 주문할 테니까 와.
그랬으면 좋겠다. 만약 비 오면 집에서 홈파티나 해야지 뭐.
조심히 오고 비 많이 오니까 우산 튼튼한 걸로 잘 챙겨 와.
그것도 좋은 플랜이네. 날씨 어떻게 되나 같이 지켜보자!"
778,일반 대화,"비가 며칠째 계속 내리네. 끈적거려서 기분 완전 별로야.
아침에 출근할 때 보니까 기분 좋더라. 막 놀러 가고 싶고.
내일 영하 10도까지 떨어진대. 외출 금지령 내려야 할 판.
파전 완전 좋지! 비 오는 날엔 기름진 거 먹어줘야 해.
내일 오후부터는 비 오면서 씻겨 내려간대. 완전 다행이지.
콜! 늦으면 자리 꽉 차니까 퇴근하자마자 엄청 달려야 해.
비 오고 나면 또 추워질 테니까 따뜻하게 챙겨 입어야겠다.
생각만 해도 좋다. 12시 땡 치면 바로 국밥집으로 뛰어가자.
내가 미리 메뉴도 정해놨어. 수육 국밥으로 통일하는 거콜?
알았어 맛있는 파전 먹을 생각하면서 남은 시간 버텨본다!"
779,일반 대화,"와 오늘 미세먼지 최악이다. 하늘 누렇게 변한 거 봤어?
아침에 출근할 때 보니까 기분 좋더라. 막 놀러 가고 싶고.
비 오니까 파전에 막걸리 땡겨. 오늘 퇴근하고 한잔 어때?
내일 무조건 롱패딩 입고 목도리랑 장갑까지 챙겨야겠다.
내일 오후부터는 비 오면서 씻겨 내려간대. 완전 다행이지.
콜! 늦으면 자리 꽉 차니까 퇴근하자마자 엄청 달려야 해.
내가 5분 일찍 나가서 미리 자리 잡고 주문할 테니까 와.
오늘 저녁엔 삼겹살 구워서 목에 낀 먼지 좀 내려보내야지.
홈파티도 재밌지! 비 오면 빔프로젝터 들고 너네 집 갈게.
그것도 좋은 플랜이네. 날씨 어떻게 되나 같이 지켜보자!"
780,일반 대화,"오늘 하늘 맑은 거 봤어? 구름 한 점 없고 진짜 가을 하늘.
나도 패딩 입을까 하다가 코트 입었는데 완전 후회 중이야.
이런 날씨엔 한강 가서 돗자리 깔고 누워있어야 하는데 휴.
내일도 계속 공기 안 좋대? 뉴스에서 혹시 뭐라고 하던?
막걸리는 내가 살게! 저번에 갔던 그 전집으로 가면 되겠다.
비 오는 건 싫지만 미세먼지 없어지면 환영이야 다행이다.
요새 기상청 자주 틀리니까 너무 걱정 마. 비 안 올 거야.
생각만 해도 좋다. 12시 땡 치면 바로 국밥집으로 뛰어가자.
홈파티도 재밌지! 비 오면 빔프로젝터 들고 너네 집 갈게.
내일 맑은 하늘 볼 수 있기를 기대하면서 오늘 푹 쉬자!"
781,일반 대화,"비가 며칠째 계속 내리네. 끈적거려서 기분 완전 별로야.
마스크 안 썼으면 큰일 날 뻔했어. 숨쉬기도 너무 답답해.
내일 영하 10도까지 떨어진대. 외출 금지령 내려야 할 판.
주말까지 이 날씨가 계속 유지되어야 할 텐데 걱정이네.
주말에 비 온다는 소식 있던데? 기상청 예보 다시 확인해봐.
콜! 늦으면 자리 꽉 차니까 퇴근하자마자 엄청 달려야 해.
비 오고 나면 또 추워질 테니까 따뜻하게 챙겨 입어야겠다.
오 센스쟁이! 나도 최대한 빨리 업무 마무리하고 넘어갈게.
내가 미리 메뉴도 정해놨어. 수육 국밥으로 통일하는 거콜?
그것도 좋은 플랜이네. 날씨 어떻게 되나 같이 지켜보자!"
782,일반 대화,"비가 며칠째 계속 내리네. 끈적거려서 기분 완전 별로야.
마스크 안 썼으면 큰일 날 뻔했어. 숨쉬기도 너무 답답해.
이런 날씨엔 한강 가서 돗자리 깔고 누워있어야 하는데 휴.
내일 무조건 롱패딩 입고 목도리랑 장갑까지 챙겨야겠다.
막걸리는 내가 살게! 저번에 갔던 그 전집으로 가면 되겠다.
너도 감기 조심해. 이따 점심엔 따뜻한 국물 있는 거 먹자.
내가 5분 일찍 나가서 미리 자리 잡고 주문할 테니까 와.
그랬으면 좋겠다. 만약 비 오면 집에서 홈파티나 해야지 뭐.
조심히 오고 비 많이 오니까 우산 튼튼한 걸로 잘 챙겨 와.
알았어 맛있는 파전 먹을 생각하면서 남은 시간 버텨본다!"
783,일반 대화,"와 오늘 미세먼지 최악이다. 하늘 누렇게 변한 거 봤어?
마스크 안 썼으면 큰일 날 뻔했어. 숨쉬기도 너무 답답해.
내일 영하 10도까지 떨어진대. 외출 금지령 내려야 할 판.
주말까지 이 날씨가 계속 유지되어야 할 텐데 걱정이네.
막걸리는 내가 살게! 저번에 갔던 그 전집으로 가면 되겠다.
헐 진짜? 주말에 캠핑 예약 다 해놨는데 제발 아니었으면.
요새 기상청 자주 틀리니까 너무 걱정 마. 비 안 올 거야.
그랬으면 좋겠다. 만약 비 오면 집에서 홈파티나 해야지 뭐.
조심히 오고 비 많이 오니까 우산 튼튼한 걸로 잘 챙겨 와.
완벽해. 점심시간에 따뜻하게 몸 녹이자. 이따 식당에서 봐!"
784,일반 대화,"비가 며칠째 계속 내리네. 끈적거려서 기분 완전 별로야.
제습기 틀어도 뽀송해지지가 않네. 빨리 장마 끝났으면.
비 오니까 파전에 막걸리 땡겨. 오늘 퇴근하고 한잔 어때?
파전 완전 좋지! 비 오는 날엔 기름진 거 먹어줘야 해.
막걸리는 내가 살게! 저번에 갔던 그 전집으로 가면 되겠다.
콜! 늦으면 자리 꽉 차니까 퇴근하자마자 엄청 달려야 해.
비 오고 나면 또 추워질 테니까 따뜻하게 챙겨 입어야겠다.
생각만 해도 좋다. 12시 땡 치면 바로 국밥집으로 뛰어가자.
삼겹살 좋지. 핑계 훌륭하다. 맛있게 먹고 먼지 싹 내려.
완벽해. 점심시간에 따뜻하게 몸 녹이자. 이따 식당에서 봐!"
785,일반 대화,"비가 며칠째 계속 내리네. 끈적거려서 기분 완전 별로야.
제습기 틀어도 뽀송해지지가 않네. 빨리 장마 끝났으면.
이런 날씨엔 한강 가서 돗자리 깔고 누워있어야 하는데 휴.
내일 무조건 롱패딩 입고 목도리랑 장갑까지 챙겨야겠다.
내일 오후부터는 비 오면서 씻겨 내려간대. 완전 다행이지.
헐 진짜? 주말에 캠핑 예약 다 해놨는데 제발 아니었으면.
요새 기상청 자주 틀리니까 너무 걱정 마. 비 안 올 거야.
오 센스쟁이! 나도 최대한 빨리 업무 마무리하고 넘어갈게.
내가 미리 메뉴도 정해놨어. 수육 국밥으로 통일하는 거콜?
내일 맑은 하늘 볼 수 있기를 기대하면서 오늘 푹 쉬자!"
786,일반 대화,"와 오늘 미세먼지 최악이다. 하늘 누렇게 변한 거 봤어?
제습기 틀어도 뽀송해지지가 않네. 빨리 장마 끝났으면.
이런 날은 집에 박혀서 공기청정기 풀가동하고 있어야 해.
내일 무조건 롱패딩 입고 목도리랑 장갑까지 챙겨야겠다.
주말에 비 온다는 소식 있던데? 기상청 예보 다시 확인해봐.
너도 감기 조심해. 이따 점심엔 따뜻한 국물 있는 거 먹자.
좋아. 뜨끈한 국밥 한 그릇 먹으면 몸이 싹 녹을 것 같아.
그랬으면 좋겠다. 만약 비 오면 집에서 홈파티나 해야지 뭐.
내가 미리 메뉴도 정해놨어. 수육 국밥으로 통일하는 거콜?
완벽해. 점심시간에 따뜻하게 몸 녹이자. 이따 식당에서 봐!"
787,일반 대화,"와 오늘 미세먼지 최악이다. 하늘 누렇게 변한 거 봤어?
아침에 출근할 때 보니까 기분 좋더라. 막 놀러 가고 싶고.
비 오니까 파전에 막걸리 땡겨. 오늘 퇴근하고 한잔 어때?
내일 무조건 롱패딩 입고 목도리랑 장갑까지 챙겨야겠다.
막걸리는 내가 살게! 저번에 갔던 그 전집으로 가면 되겠다.
너도 감기 조심해. 이따 점심엔 따뜻한 국물 있는 거 먹자.
내가 5분 일찍 나가서 미리 자리 잡고 주문할 테니까 와.
생각만 해도 좋다. 12시 땡 치면 바로 국밥집으로 뛰어가자.
내가 미리 메뉴도 정해놨어. 수육 국밥으로 통일하는 거콜?
그것도 좋은 플랜이네. 날씨 어떻게 되나 같이 지켜보자!"
788,일반 대화,"비가 며칠째 계속 내리네. 끈적거려서 기분 완전 별로야.
나도 패딩 입을까 하다가 코트 입었는데 완전 후회 중이야.
이런 날씨엔 한강 가서 돗자리 깔고 누워있어야 하는데 휴.
내일 무조건 롱패딩 입고 목도리랑 장갑까지 챙겨야겠다.
핫팩도 챙겨. 요새 감기 걸리면 병원 가기도 힘드니까.
콜! 늦으면 자리 꽉 차니까 퇴근하자마자 엄청 달려야 해.
좋아. 뜨끈한 국밥 한 그릇 먹으면 몸이 싹 녹을 것 같아.
오 센스쟁이! 나도 최대한 빨리 업무 마무리하고 넘어갈게.
조심히 오고 비 많이 오니까 우산 튼튼한 걸로 잘 챙겨 와.
그것도 좋은 플랜이네. 날씨 어떻게 되나 같이 지켜보자!"
789,일반 대화,"비가 며칠째 계속 내리네. 끈적거려서 기분 완전 별로야.
제습기 틀어도 뽀송해지지가 않네. 빨리 장마 끝났으면.
이런 날씨엔 한강 가서 돗자리 깔고 누워있어야 하는데 휴.
내일 무조건 롱패딩 입고 목도리랑 장갑까지 챙겨야겠다.
내일 오후부터는 비 오면서 씻겨 내려간대. 완전 다행이지.
너도 감기 조심해. 이따 점심엔 따뜻한 국물 있는 거 먹자.
좋아. 뜨끈한 국밥 한 그릇 먹으면 몸이 싹 녹을 것 같아.
오늘 저녁엔 삼겹살 구워서 목에 낀 먼지 좀 내려보내야지.
내가 미리 메뉴도 정해놨어. 수육 국밥으로 통일하는 거콜?
그것도 좋은 플랜이네. 날씨 어떻게 되나 같이 지켜보자!"
790,일반 대화,"와 오늘 미세먼지 최악이다. 하늘 누렇게 변한 거 봤어?
제습기 틀어도 뽀송해지지가 않네. 빨리 장마 끝났으면.
비 오니까 파전에 막걸리 땡겨. 오늘 퇴근하고 한잔 어때?
내일도 계속 공기 안 좋대? 뉴스에서 혹시 뭐라고 하던?
막걸리는 내가 살게! 저번에 갔던 그 전집으로 가면 되겠다.
너도 감기 조심해. 이따 점심엔 따뜻한 국물 있는 거 먹자.
내가 5분 일찍 나가서 미리 자리 잡고 주문할 테니까 와.
생각만 해도 좋다. 12시 땡 치면 바로 국밥집으로 뛰어가자.
삼겹살 좋지. 핑계 훌륭하다. 맛있게 먹고 먼지 싹 내려.
완벽해. 점심시간에 따뜻하게 몸 녹이자. 이따 식당에서 봐!"
791,일반 대화,"와 오늘 미세먼지 최악이다. 하늘 누렇게 변한 거 봤어?
제습기 틀어도 뽀송해지지가 않네. 빨리 장마 끝났으면.
비 오니까 파전에 막걸리 땡겨. 오늘 퇴근하고 한잔 어때?
내일도 계속 공기 안 좋대? 뉴스에서 혹시 뭐라고 하던?
내일 오후부터는 비 오면서 씻겨 내려간대. 완전 다행이지.
헐 진짜? 주말에 캠핑 예약 다 해놨는데 제발 아니었으면.
비 오고 나면 또 추워질 테니까 따뜻하게 챙겨 입어야겠다.
오 센스쟁이! 나도 최대한 빨리 업무 마무리하고 넘어갈게.
홈파티도 재밌지! 비 오면 빔프로젝터 들고 너네 집 갈게.
그것도 좋은 플랜이네. 날씨 어떻게 되나 같이 지켜보자!"
792,일반 대화,"와 오늘 미세먼지 최악이다. 하늘 누렇게 변한 거 봤어?
제습기 틀어도 뽀송해지지가 않네. 빨리 장마 끝났으면.
이런 날씨엔 한강 가서 돗자리 깔고 누워있어야 하는데 휴.
내일 무조건 롱패딩 입고 목도리랑 장갑까지 챙겨야겠다.
내일 오후부터는 비 오면서 씻겨 내려간대. 완전 다행이지.
너도 감기 조심해. 이따 점심엔 따뜻한 국물 있는 거 먹자.
좋아. 뜨끈한 국밥 한 그릇 먹으면 몸이 싹 녹을 것 같아.
생각만 해도 좋다. 12시 땡 치면 바로 국밥집으로 뛰어가자.
홈파티도 재밌지! 비 오면 빔프로젝터 들고 너네 집 갈게.
내일 맑은 하늘 볼 수 있기를 기대하면서 오늘 푹 쉬자!"
793,일반 대화,"와 오늘 미세먼지 최악이다. 하늘 누렇게 변한 거 봤어?
마스크 안 썼으면 큰일 날 뻔했어. 숨쉬기도 너무 답답해.
비 오니까 파전에 막걸리 땡겨. 오늘 퇴근하고 한잔 어때?
내일도 계속 공기 안 좋대? 뉴스에서 혹시 뭐라고 하던?
주말에 비 온다는 소식 있던데? 기상청 예보 다시 확인해봐.
비 오는 건 싫지만 미세먼지 없어지면 환영이야 다행이다.
좋아. 뜨끈한 국밥 한 그릇 먹으면 몸이 싹 녹을 것 같아.
오늘 저녁엔 삼겹살 구워서 목에 낀 먼지 좀 내려보내야지.
내가 미리 메뉴도 정해놨어. 수육 국밥으로 통일하는 거콜?
내일 맑은 하늘 볼 수 있기를 기대하면서 오늘 푹 쉬자!"
794,일반 대화,"오늘 하늘 맑은 거 봤어? 구름 한 점 없고 진짜 가을 하늘.
아침에 출근할 때 보니까 기분 좋더라. 막 놀러 가고 싶고.
이런 날씨엔 한강 가서 돗자리 깔고 누워있어야 하는데 휴.
파전 완전 좋지! 비 오는 날엔 기름진 거 먹어줘야 해.
주말에 비 온다는 소식 있던데? 기상청 예보 다시 확인해봐.
콜! 늦으면 자리 꽉 차니까 퇴근하자마자 엄청 달려야 해.
좋아. 뜨끈한 국밥 한 그릇 먹으면 몸이 싹 녹을 것 같아.
그랬으면 좋겠다. 만약 비 오면 집에서 홈파티나 해야지 뭐.
홈파티도 재밌지! 비 오면 빔프로젝터 들고 너네 집 갈게.
완벽해. 점심시간에 따뜻하게 몸 녹이자. 이따 식당에서 봐!"
795,일반 대화,"비가 며칠째 계속 내리네. 끈적거려서 기분 완전 별로야.
제습기 틀어도 뽀송해지지가 않네. 빨리 장마 끝났으면.
이런 날은 집에 박혀서 공기청정기 풀가동하고 있어야 해.
파전 완전 좋지! 비 오는 날엔 기름진 거 먹어줘야 해.
주말에 비 온다는 소식 있던데? 기상청 예보 다시 확인해봐.
비 오는 건 싫지만 미세먼지 없어지면 환영이야 다행이다.
좋아. 뜨끈한 국밥 한 그릇 먹으면 몸이 싹 녹을 것 같아.
생각만 해도 좋다. 12시 땡 치면 바로 국밥집으로 뛰어가자.
삼겹살 좋지. 핑계 훌륭하다. 맛있게 먹고 먼지 싹 내려.
그것도 좋은 플랜이네. 날씨 어떻게 되나 같이 지켜보자!"
796,일반 대화,"비가 며칠째 계속 내리네. 끈적거려서 기분 완전 별로야.
나도 패딩 입을까 하다가 코트 입었는데 완전 후회 중이야.
이런 날씨엔 한강 가서 돗자리 깔고 누워있어야 하는데 휴.
내일도 계속 공기 안 좋대? 뉴스에서 혹시 뭐라고 하던?
막걸리는 내가 살게! 저번에 갔던 그 전집으로 가면 되겠다.
헐 진짜? 주말에 캠핑 예약 다 해놨는데 제발 아니었으면.
내가 5분 일찍 나가서 미리 자리 잡고 주문할 테니까 와.
오늘 저녁엔 삼겹살 구워서 목에 낀 먼지 좀 내려보내야지.
홈파티도 재밌지! 비 오면 빔프로젝터 들고 너네 집 갈게.
완벽해. 점심시간에 따뜻하게 몸 녹이자. 이따 식당에서 봐!"
797,일반 대화,"비가 며칠째 계속 내리네. 끈적거려서 기분 완전 별로야.
나도 패딩 입을까 하다가 코트 입었는데 완전 후회 중이야.
이런 날씨엔 한강 가서 돗자리 깔고 누워있어야 하는데 휴.
내일 무조건 롱패딩 입고 목도리랑 장갑까지 챙겨야겠다.
주말에 비 온다는 소식 있던데? 기상청 예보 다시 확인해봐.
너도 감기 조심해. 이따 점심엔 따뜻한 국물 있는 거 먹자.
요새 기상청 자주 틀리니까 너무 걱정 마. 비 안 올 거야.
생각만 해도 좋다. 12시 땡 치면 바로 국밥집으로 뛰어가자.
내가 미리 메뉴도 정해놨어. 수육 국밥으로 통일하는 거콜?
알았어 맛있는 파전 먹을 생각하면서 남은 시간 버텨본다!"
798,일반 대화,"비가 며칠째 계속 내리네. 끈적거려서 기분 완전 별로야.
나도 패딩 입을까 하다가 코트 입었는데 완전 후회 중이야.
내일 영하 10도까지 떨어진대. 외출 금지령 내려야 할 판.
주말까지 이 날씨가 계속 유지되어야 할 텐데 걱정이네.
내일 오후부터는 비 오면서 씻겨 내려간대. 완전 다행이지.
비 오는 건 싫지만 미세먼지 없어지면 환영이야 다행이다.
내가 5분 일찍 나가서 미리 자리 잡고 주문할 테니까 와.
오 센스쟁이! 나도 최대한 빨리 업무 마무리하고 넘어갈게.
삼겹살 좋지. 핑계 훌륭하다. 맛있게 먹고 먼지 싹 내려.
내일 맑은 하늘 볼 수 있기를 기대하면서 오늘 푹 쉬자!"
799,일반 대화,"비가 며칠째 계속 내리네. 끈적거려서 기분 완전 별로야.
아침에 출근할 때 보니까 기분 좋더라. 막 놀러 가고 싶고.
이런 날씨엔 한강 가서 돗자리 깔고 누워있어야 하는데 휴.
내일도 계속 공기 안 좋대? 뉴스에서 혹시 뭐라고 하던?
내일 오후부터는 비 오면서 씻겨 내려간대. 완전 다행이지.
너도 감기 조심해. 이따 점심엔 따뜻한 국물 있는 거 먹자.
내가 5분 일찍 나가서 미리 자리 잡고 주문할 테니까 와.
생각만 해도 좋다. 12시 땡 치면 바로 국밥집으로 뛰어가자.
홈파티도 재밌지! 비 오면 빔프로젝터 들고 너네 집 갈게.
그것도 좋은 플랜이네. 날씨 어떻게 되나 같이 지켜보자!"
800,일반 대화,"오늘 날씨 진짜 춥지 않아? 귀가 떨어져 나가는 줄 알았어.
나도 패딩 입을까 하다가 코트 입었는데 완전 후회 중이야.
비 오니까 파전에 막걸리 땡겨. 오늘 퇴근하고 한잔 어때?
주말까지 이 날씨가 계속 유지되어야 할 텐데 걱정이네.
주말에 비 온다는 소식 있던데? 기상청 예보 다시 확인해봐.
헐 진짜? 주말에 캠핑 예약 다 해놨는데 제발 아니었으면.
좋아. 뜨끈한 국밥 한 그릇 먹으면 몸이 싹 녹을 것 같아.
오 센스쟁이! 나도 최대한 빨리 업무 마무리하고 넘어갈게.
홈파티도 재밌지! 비 오면 빔프로젝터 들고 너네 집 갈게.
알았어 맛있는 파전 먹을 생각하면서 남은 시간 버텨본다!"
801,일반 대화,"비가 며칠째 계속 내리네. 끈적거려서 기분 완전 별로야.
아침에 출근할 때 보니까 기분 좋더라. 막 놀러 가고 싶고.
이런 날씨엔 한강 가서 돗자리 깔고 누워있어야 하는데 휴.
파전 완전 좋지! 비 오는 날엔 기름진 거 먹어줘야 해.
핫팩도 챙겨. 요새 감기 걸리면 병원 가기도 힘드니까.
비 오는 건 싫지만 미세먼지 없어지면 환영이야 다행이다.
좋아. 뜨끈한 국밥 한 그릇 먹으면 몸이 싹 녹을 것 같아.
오 센스쟁이! 나도 최대한 빨리 업무 마무리하고 넘어갈게.
홈파티도 재밌지! 비 오면 빔프로젝터 들고 너네 집 갈게.
그것도 좋은 플랜이네. 날씨 어떻게 되나 같이 지켜보자!"
802,일반 대화,"와 오늘 미세먼지 최악이다. 하늘 누렇게 변한 거 봤어?
마스크 안 썼으면 큰일 날 뻔했어. 숨쉬기도 너무 답답해.
이런 날씨엔 한강 가서 돗자리 깔고 누워있어야 하는데 휴.
파전 완전 좋지! 비 오는 날엔 기름진 거 먹어줘야 해.
내일 오후부터는 비 오면서 씻겨 내려간대. 완전 다행이지.
헐 진짜? 주말에 캠핑 예약 다 해놨는데 제발 아니었으면.
요새 기상청 자주 틀리니까 너무 걱정 마. 비 안 올 거야.
오늘 저녁엔 삼겹살 구워서 목에 낀 먼지 좀 내려보내야지.
홈파티도 재밌지! 비 오면 빔프로젝터 들고 너네 집 갈게.
그것도 좋은 플랜이네. 날씨 어떻게 되나 같이 지켜보자!"
803,일반 대화,"비가 며칠째 계속 내리네. 끈적거려서 기분 완전 별로야.
나도 패딩 입을까 하다가 코트 입었는데 완전 후회 중이야.
비 오니까 파전에 막걸리 땡겨. 오늘 퇴근하고 한잔 어때?
내일 무조건 롱패딩 입고 목도리랑 장갑까지 챙겨야겠다.
막걸리는 내가 살게! 저번에 갔던 그 전집으로 가면 되겠다.
헐 진짜? 주말에 캠핑 예약 다 해놨는데 제발 아니었으면.
내가 5분 일찍 나가서 미리 자리 잡고 주문할 테니까 와.
그랬으면 좋겠다. 만약 비 오면 집에서 홈파티나 해야지 뭐.
조심히 오고 비 많이 오니까 우산 튼튼한 걸로 잘 챙겨 와.
알았어 맛있는 파전 먹을 생각하면서 남은 시간 버텨본다!"
804,일반 대화,"오늘 하늘 맑은 거 봤어? 구름 한 점 없고 진짜 가을 하늘.
아침에 출근할 때 보니까 기분 좋더라. 막 놀러 가고 싶고.
비 오니까 파전에 막걸리 땡겨. 오늘 퇴근하고 한잔 어때?
주말까지 이 날씨가 계속 유지되어야 할 텐데 걱정이네.
막걸리는 내가 살게! 저번에 갔던 그 전집으로 가면 되겠다.
콜! 늦으면 자리 꽉 차니까 퇴근하자마자 엄청 달려야 해.
비 오고 나면 또 추워질 테니까 따뜻하게 챙겨 입어야겠다.
오늘 저녁엔 삼겹살 구워서 목에 낀 먼지 좀 내려보내야지.
조심히 오고 비 많이 오니까 우산 튼튼한 걸로 잘 챙겨 와.
그것도 좋은 플랜이네. 날씨 어떻게 되나 같이 지켜보자!"
805,일반 대화,"오늘 날씨 진짜 춥지 않아? 귀가 떨어져 나가는 줄 알았어.
마스크 안 썼으면 큰일 날 뻔했어. 숨쉬기도 너무 답답해.
이런 날은 집에 박혀서 공기청정기 풀가동하고 있어야 해.
내일 무조건 롱패딩 입고 목도리랑 장갑까지 챙겨야겠다.
내일 오후부터는 비 오면서 씻겨 내려간대. 완전 다행이지.
너도 감기 조심해. 이따 점심엔 따뜻한 국물 있는 거 먹자.
요새 기상청 자주 틀리니까 너무 걱정 마. 비 안 올 거야.
오늘 저녁엔 삼겹살 구워서 목에 낀 먼지 좀 내려보내야지.
삼겹살 좋지. 핑계 훌륭하다. 맛있게 먹고 먼지 싹 내려.
그것도 좋은 플랜이네. 날씨 어떻게 되나 같이 지켜보자!"
806,일반 대화,"오늘 날씨 진짜 춥지 않아? 귀가 떨어져 나가는 줄 알았어.
제습기 틀어도 뽀송해지지가 않네. 빨리 장마 끝났으면.
이런 날씨엔 한강 가서 돗자리 깔고 누워있어야 하는데 휴.
주말까지 이 날씨가 계속 유지되어야 할 텐데 걱정이네.
주말에 비 온다는 소식 있던데? 기상청 예보 다시 확인해봐.
너도 감기 조심해. 이따 점심엔 따뜻한 국물 있는 거 먹자.
비 오고 나면 또 추워질 테니까 따뜻하게 챙겨 입어야겠다.
생각만 해도 좋다. 12시 땡 치면 바로 국밥집으로 뛰어가자.
삼겹살 좋지. 핑계 훌륭하다. 맛있게 먹고 먼지 싹 내려.
완벽해. 점심시간에 따뜻하게 몸 녹이자. 이따 식당에서 봐!"
807,일반 대화,"와 오늘 미세먼지 최악이다. 하늘 누렇게 변한 거 봤어?
제습기 틀어도 뽀송해지지가 않네. 빨리 장마 끝났으면.
비 오니까 파전에 막걸리 땡겨. 오늘 퇴근하고 한잔 어때?
파전 완전 좋지! 비 오는 날엔 기름진 거 먹어줘야 해.
내일 오후부터는 비 오면서 씻겨 내려간대. 완전 다행이지.
헐 진짜? 주말에 캠핑 예약 다 해놨는데 제발 아니었으면.
좋아. 뜨끈한 국밥 한 그릇 먹으면 몸이 싹 녹을 것 같아.
그랬으면 좋겠다. 만약 비 오면 집에서 홈파티나 해야지 뭐.
삼겹살 좋지. 핑계 훌륭하다. 맛있게 먹고 먼지 싹 내려.
완벽해. 점심시간에 따뜻하게 몸 녹이자. 이따 식당에서 봐!"
808,일반 대화,"오늘 날씨 진짜 춥지 않아? 귀가 떨어져 나가는 줄 알았어.
제습기 틀어도 뽀송해지지가 않네. 빨리 장마 끝났으면.
비 오니까 파전에 막걸리 땡겨. 오늘 퇴근하고 한잔 어때?
주말까지 이 날씨가 계속 유지되어야 할 텐데 걱정이네.
핫팩도 챙겨. 요새 감기 걸리면 병원 가기도 힘드니까.
콜! 늦으면 자리 꽉 차니까 퇴근하자마자 엄청 달려야 해.
비 오고 나면 또 추워질 테니까 따뜻하게 챙겨 입어야겠다.
오 센스쟁이! 나도 최대한 빨리 업무 마무리하고 넘어갈게.
조심히 오고 비 많이 오니까 우산 튼튼한 걸로 잘 챙겨 와.
완벽해. 점심시간에 따뜻하게 몸 녹이자. 이따 식당에서 봐!"
809,일반 대화,"와 오늘 미세먼지 최악이다. 하늘 누렇게 변한 거 봤어?
아침에 출근할 때 보니까 기분 좋더라. 막 놀러 가고 싶고.
이런 날씨엔 한강 가서 돗자리 깔고 누워있어야 하는데 휴.
파전 완전 좋지! 비 오는 날엔 기름진 거 먹어줘야 해.
내일 오후부터는 비 오면서 씻겨 내려간대. 완전 다행이지.
헐 진짜? 주말에 캠핑 예약 다 해놨는데 제발 아니었으면.
내가 5분 일찍 나가서 미리 자리 잡고 주문할 테니까 와.
생각만 해도 좋다. 12시 땡 치면 바로 국밥집으로 뛰어가자.
내가 미리 메뉴도 정해놨어. 수육 국밥으로 통일하는 거콜?
내일 맑은 하늘 볼 수 있기를 기대하면서 오늘 푹 쉬자!"
810,일반 대화,"오늘 날씨 진짜 춥지 않아? 귀가 떨어져 나가는 줄 알았어.
제습기 틀어도 뽀송해지지가 않네. 빨리 장마 끝났으면.
비 오니까 파전에 막걸리 땡겨. 오늘 퇴근하고 한잔 어때?
내일 무조건 롱패딩 입고 목도리랑 장갑까지 챙겨야겠다.
막걸리는 내가 살게! 저번에 갔던 그 전집으로 가면 되겠다.
비 오는 건 싫지만 미세먼지 없어지면 환영이야 다행이다.
요새 기상청 자주 틀리니까 너무 걱정 마. 비 안 올 거야.
생각만 해도 좋다. 12시 땡 치면 바로 국밥집으로 뛰어가자.
조심히 오고 비 많이 오니까 우산 튼튼한 걸로 잘 챙겨 와.
완벽해. 점심시간에 따뜻하게 몸 녹이자. 이따 식당에서 봐!"
811,일반 대화,"와 오늘 미세먼지 최악이다. 하늘 누렇게 변한 거 봤어?
나도 패딩 입을까 하다가 코트 입었는데 완전 후회 중이야.
이런 날씨엔 한강 가서 돗자리 깔고 누워있어야 하는데 휴.
내일 무조건 롱패딩 입고 목도리랑 장갑까지 챙겨야겠다.
주말에 비 온다는 소식 있던데? 기상청 예보 다시 확인해봐.
너도 감기 조심해. 이따 점심엔 따뜻한 국물 있는 거 먹자.
요새 기상청 자주 틀리니까 너무 걱정 마. 비 안 올 거야.
오 센스쟁이! 나도 최대한 빨리 업무 마무리하고 넘어갈게.
홈파티도 재밌지! 비 오면 빔프로젝터 들고 너네 집 갈게.
완벽해. 점심시간에 따뜻하게 몸 녹이자. 이따 식당에서 봐!"
812,일반 대화,"와 오늘 미세먼지 최악이다. 하늘 누렇게 변한 거 봤어?
마스크 안 썼으면 큰일 날 뻔했어. 숨쉬기도 너무 답답해.
내일 영하 10도까지 떨어진대. 외출 금지령 내려야 할 판.
주말까지 이 날씨가 계속 유지되어야 할 텐데 걱정이네.
내일 오후부터는 비 오면서 씻겨 내려간대. 완전 다행이지.
비 오는 건 싫지만 미세먼지 없어지면 환영이야 다행이다.
내가 5분 일찍 나가서 미리 자리 잡고 주문할 테니까 와.
오 센스쟁이! 나도 최대한 빨리 업무 마무리하고 넘어갈게.
홈파티도 재밌지! 비 오면 빔프로젝터 들고 너네 집 갈게.
그것도 좋은 플랜이네. 날씨 어떻게 되나 같이 지켜보자!"
813,일반 대화,"비가 며칠째 계속 내리네. 끈적거려서 기분 완전 별로야.
제습기 틀어도 뽀송해지지가 않네. 빨리 장마 끝났으면.
내일 영하 10도까지 떨어진대. 외출 금지령 내려야 할 판.
주말까지 이 날씨가 계속 유지되어야 할 텐데 걱정이네.
주말에 비 온다는 소식 있던데? 기상청 예보 다시 확인해봐.
너도 감기 조심해. 이따 점심엔 따뜻한 국물 있는 거 먹자.
요새 기상청 자주 틀리니까 너무 걱정 마. 비 안 올 거야.
생각만 해도 좋다. 12시 땡 치면 바로 국밥집으로 뛰어가자.
내가 미리 메뉴도 정해놨어. 수육 국밥으로 통일하는 거콜?
알았어 맛있는 파전 먹을 생각하면서 남은 시간 버텨본다!"
814,일반 대화,"오늘 하늘 맑은 거 봤어? 구름 한 점 없고 진짜 가을 하늘.
마스크 안 썼으면 큰일 날 뻔했어. 숨쉬기도 너무 답답해.
비 오니까 파전에 막걸리 땡겨. 오늘 퇴근하고 한잔 어때?
주말까지 이 날씨가 계속 유지되어야 할 텐데 걱정이네.
핫팩도 챙겨. 요새 감기 걸리면 병원 가기도 힘드니까.
비 오는 건 싫지만 미세먼지 없어지면 환영이야 다행이다.
요새 기상청 자주 틀리니까 너무 걱정 마. 비 안 올 거야.
그랬으면 좋겠다. 만약 비 오면 집에서 홈파티나 해야지 뭐.
홈파티도 재밌지! 비 오면 빔프로젝터 들고 너네 집 갈게.
완벽해. 점심시간에 따뜻하게 몸 녹이자. 이따 식당에서 봐!"
815,일반 대화,"비가 며칠째 계속 내리네. 끈적거려서 기분 완전 별로야.
제습기 틀어도 뽀송해지지가 않네. 빨리 장마 끝났으면.
이런 날은 집에 박혀서 공기청정기 풀가동하고 있어야 해.
파전 완전 좋지! 비 오는 날엔 기름진 거 먹어줘야 해.
막걸리는 내가 살게! 저번에 갔던 그 전집으로 가면 되겠다.
비 오는 건 싫지만 미세먼지 없어지면 환영이야 다행이다.
내가 5분 일찍 나가서 미리 자리 잡고 주문할 테니까 와.
오 센스쟁이! 나도 최대한 빨리 업무 마무리하고 넘어갈게.
삼겹살 좋지. 핑계 훌륭하다. 맛있게 먹고 먼지 싹 내려.
알았어 맛있는 파전 먹을 생각하면서 남은 시간 버텨본다!"
816,일반 대화,"와 오늘 미세먼지 최악이다. 하늘 누렇게 변한 거 봤어?
마스크 안 썼으면 큰일 날 뻔했어. 숨쉬기도 너무 답답해.
이런 날은 집에 박혀서 공기청정기 풀가동하고 있어야 해.
내일도 계속 공기 안 좋대? 뉴스에서 혹시 뭐라고 하던?
막걸리는 내가 살게! 저번에 갔던 그 전집으로 가면 되겠다.
비 오는 건 싫지만 미세먼지 없어지면 환영이야 다행이다.
내가 5분 일찍 나가서 미리 자리 잡고 주문할 테니까 와.
오 센스쟁이! 나도 최대한 빨리 업무 마무리하고 넘어갈게.
홈파티도 재밌지! 비 오면 빔프로젝터 들고 너네 집 갈게.
알았어 맛있는 파전 먹을 생각하면서 남은 시간 버텨본다!"
817,일반 대화,"오늘 하늘 맑은 거 봤어? 구름 한 점 없고 진짜 가을 하늘.
아침에 출근할 때 보니까 기분 좋더라. 막 놀러 가고 싶고.
이런 날은 집에 박혀서 공기청정기 풀가동하고 있어야 해.
파전 완전 좋지! 비 오는 날엔 기름진 거 먹어줘야 해.
막걸리는 내가 살게! 저번에 갔던 그 전집으로 가면 되겠다.
헐 진짜? 주말에 캠핑 예약 다 해놨는데 제발 아니었으면.
내가 5분 일찍 나가서 미리 자리 잡고 주문할 테니까 와.
오늘 저녁엔 삼겹살 구워서 목에 낀 먼지 좀 내려보내야지.
홈파티도 재밌지! 비 오면 빔프로젝터 들고 너네 집 갈게.
그것도 좋은 플랜이네. 날씨 어떻게 되나 같이 지켜보자!"
818,일반 대화,"오늘 날씨 진짜 춥지 않아? 귀가 떨어져 나가는 줄 알았어.
아침에 출근할 때 보니까 기분 좋더라. 막 놀러 가고 싶고.
비 오니까 파전에 막걸리 땡겨. 오늘 퇴근하고 한잔 어때?
파전 완전 좋지! 비 오는 날엔 기름진 거 먹어줘야 해.
주말에 비 온다는 소식 있던데? 기상청 예보 다시 확인해봐.
너도 감기 조심해. 이따 점심엔 따뜻한 국물 있는 거 먹자.
비 오고 나면 또 추워질 테니까 따뜻하게 챙겨 입어야겠다.
그랬으면 좋겠다. 만약 비 오면 집에서 홈파티나 해야지 뭐.
홈파티도 재밌지! 비 오면 빔프로젝터 들고 너네 집 갈게.
완벽해. 점심시간에 따뜻하게 몸 녹이자. 이따 식당에서 봐!"
819,일반 대화,"와 오늘 미세먼지 최악이다. 하늘 누렇게 변한 거 봤어?
아침에 출근할 때 보니까 기분 좋더라. 막 놀러 가고 싶고.
이런 날은 집에 박혀서 공기청정기 풀가동하고 있어야 해.
내일 무조건 롱패딩 입고 목도리랑 장갑까지 챙겨야겠다.
내일 오후부터는 비 오면서 씻겨 내려간대. 완전 다행이지.
너도 감기 조심해. 이따 점심엔 따뜻한 국물 있는 거 먹자.
내가 5분 일찍 나가서 미리 자리 잡고 주문할 테니까 와.
생각만 해도 좋다. 12시 땡 치면 바로 국밥집으로 뛰어가자.
홈파티도 재밌지! 비 오면 빔프로젝터 들고 너네 집 갈게.
완벽해. 점심시간에 따뜻하게 몸 녹이자. 이따 식당에서 봐!"
820,일반 대화,"비가 며칠째 계속 내리네. 끈적거려서 기분 완전 별로야.
아침에 출근할 때 보니까 기분 좋더라. 막 놀러 가고 싶고.
비 오니까 파전에 막걸리 땡겨. 오늘 퇴근하고 한잔 어때?
내일도 계속 공기 안 좋대? 뉴스에서 혹시 뭐라고 하던?
막걸리는 내가 살게! 저번에 갔던 그 전집으로 가면 되겠다.
헐 진짜? 주말에 캠핑 예약 다 해놨는데 제발 아니었으면.
요새 기상청 자주 틀리니까 너무 걱정 마. 비 안 올 거야.
오늘 저녁엔 삼겹살 구워서 목에 낀 먼지 좀 내려보내야지.
조심히 오고 비 많이 오니까 우산 튼튼한 걸로 잘 챙겨 와.
알았어 맛있는 파전 먹을 생각하면서 남은 시간 버텨본다!"
821,일반 대화,"와 오늘 미세먼지 최악이다. 하늘 누렇게 변한 거 봤어?
제습기 틀어도 뽀송해지지가 않네. 빨리 장마 끝났으면.
내일 영하 10도까지 떨어진대. 외출 금지령 내려야 할 판.
주말까지 이 날씨가 계속 유지되어야 할 텐데 걱정이네.
막걸리는 내가 살게! 저번에 갔던 그 전집으로 가면 되겠다.
너도 감기 조심해. 이따 점심엔 따뜻한 국물 있는 거 먹자.
요새 기상청 자주 틀리니까 너무 걱정 마. 비 안 올 거야.
그랬으면 좋겠다. 만약 비 오면 집에서 홈파티나 해야지 뭐.
조심히 오고 비 많이 오니까 우산 튼튼한 걸로 잘 챙겨 와.
내일 맑은 하늘 볼 수 있기를 기대하면서 오늘 푹 쉬자!"
822,일반 대화,"와 오늘 미세먼지 최악이다. 하늘 누렇게 변한 거 봤어?
제습기 틀어도 뽀송해지지가 않네. 빨리 장마 끝났으면.
비 오니까 파전에 막걸리 땡겨. 오늘 퇴근하고 한잔 어때?
주말까지 이 날씨가 계속 유지되어야 할 텐데 걱정이네.
주말에 비 온다는 소식 있던데? 기상청 예보 다시 확인해봐.
너도 감기 조심해. 이따 점심엔 따뜻한 국물 있는 거 먹자.
비 오고 나면 또 추워질 테니까 따뜻하게 챙겨 입어야겠다.
오늘 저녁엔 삼겹살 구워서 목에 낀 먼지 좀 내려보내야지.
홈파티도 재밌지! 비 오면 빔프로젝터 들고 너네 집 갈게.
알았어 맛있는 파전 먹을 생각하면서 남은 시간 버텨본다!"
823,일반 대화,"와 오늘 미세먼지 최악이다. 하늘 누렇게 변한 거 봤어?
마스크 안 썼으면 큰일 날 뻔했어. 숨쉬기도 너무 답답해.
비 오니까 파전에 막걸리 땡겨. 오늘 퇴근하고 한잔 어때?
파전 완전 좋지! 비 오는 날엔 기름진 거 먹어줘야 해.
내일 오후부터는 비 오면서 씻겨 내려간대. 완전 다행이지.
콜! 늦으면 자리 꽉 차니까 퇴근하자마자 엄청 달려야 해.
요새 기상청 자주 틀리니까 너무 걱정 마. 비 안 올 거야.
생각만 해도 좋다. 12시 땡 치면 바로 국밥집으로 뛰어가자.
내가 미리 메뉴도 정해놨어. 수육 국밥으로 통일하는 거콜?
그것도 좋은 플랜이네. 날씨 어떻게 되나 같이 지켜보자!"
824,일반 대화,"오늘 날씨 진짜 춥지 않아? 귀가 떨어져 나가는 줄 알았어.
제습기 틀어도 뽀송해지지가 않네. 빨리 장마 끝났으면.
이런 날씨엔 한강 가서 돗자리 깔고 누워있어야 하는데 휴.
파전 완전 좋지! 비 오는 날엔 기름진 거 먹어줘야 해.
막걸리는 내가 살게! 저번에 갔던 그 전집으로 가면 되겠다.
너도 감기 조심해. 이따 점심엔 따뜻한 국물 있는 거 먹자.
비 오고 나면 또 추워질 테니까 따뜻하게 챙겨 입어야겠다.
생각만 해도 좋다. 12시 땡 치면 바로 국밥집으로 뛰어가자.
내가 미리 메뉴도 정해놨어. 수육 국밥으로 통일하는 거콜?
완벽해. 점심시간에 따뜻하게 몸 녹이자. 이따 식당에서 봐!"
825,일반 대화,"와 오늘 미세먼지 최악이다. 하늘 누렇게 변한 거 봤어?
나도 패딩 입을까 하다가 코트 입었는데 완전 후회 중이야.
이런 날은 집에 박혀서 공기청정기 풀가동하고 있어야 해.
내일 무조건 롱패딩 입고 목도리랑 장갑까지 챙겨야겠다.
주말에 비 온다는 소식 있던데? 기상청 예보 다시 확인해봐.
너도 감기 조심해. 이따 점심엔 따뜻한 국물 있는 거 먹자.
요새 기상청 자주 틀리니까 너무 걱정 마. 비 안 올 거야.
생각만 해도 좋다. 12시 땡 치면 바로 국밥집으로 뛰어가자.
조심히 오고 비 많이 오니까 우산 튼튼한 걸로 잘 챙겨 와.
알았어 맛있는 파전 먹을 생각하면서 남은 시간 버텨본다!"
826,일반 대화,"오늘 하늘 맑은 거 봤어? 구름 한 점 없고 진짜 가을 하늘.
나도 패딩 입을까 하다가 코트 입었는데 완전 후회 중이야.
내일 영하 10도까지 떨어진대. 외출 금지령 내려야 할 판.
내일 무조건 롱패딩 입고 목도리랑 장갑까지 챙겨야겠다.
막걸리는 내가 살게! 저번에 갔던 그 전집으로 가면 되겠다.
헐 진짜? 주말에 캠핑 예약 다 해놨는데 제발 아니었으면.
비 오고 나면 또 추워질 테니까 따뜻하게 챙겨 입어야겠다.
오늘 저녁엔 삼겹살 구워서 목에 낀 먼지 좀 내려보내야지.
조심히 오고 비 많이 오니까 우산 튼튼한 걸로 잘 챙겨 와.
내일 맑은 하늘 볼 수 있기를 기대하면서 오늘 푹 쉬자!"
827,일반 대화,"오늘 날씨 진짜 춥지 않아? 귀가 떨어져 나가는 줄 알았어.
제습기 틀어도 뽀송해지지가 않네. 빨리 장마 끝났으면.
내일 영하 10도까지 떨어진대. 외출 금지령 내려야 할 판.
내일 무조건 롱패딩 입고 목도리랑 장갑까지 챙겨야겠다.
막걸리는 내가 살게! 저번에 갔던 그 전집으로 가면 되겠다.
헐 진짜? 주말에 캠핑 예약 다 해놨는데 제발 아니었으면.
비 오고 나면 또 추워질 테니까 따뜻하게 챙겨 입어야겠다.
생각만 해도 좋다. 12시 땡 치면 바로 국밥집으로 뛰어가자.
조심히 오고 비 많이 오니까 우산 튼튼한 걸로 잘 챙겨 와.
알았어 맛있는 파전 먹을 생각하면서 남은 시간 버텨본다!"
828,일반 대화,"와 오늘 미세먼지 최악이다. 하늘 누렇게 변한 거 봤어?
마스크 안 썼으면 큰일 날 뻔했어. 숨쉬기도 너무 답답해.
비 오니까 파전에 막걸리 땡겨. 오늘 퇴근하고 한잔 어때?
파전 완전 좋지! 비 오는 날엔 기름진 거 먹어줘야 해.
내일 오후부터는 비 오면서 씻겨 내려간대. 완전 다행이지.
너도 감기 조심해. 이따 점심엔 따뜻한 국물 있는 거 먹자.
내가 5분 일찍 나가서 미리 자리 잡고 주문할 테니까 와.
생각만 해도 좋다. 12시 땡 치면 바로 국밥집으로 뛰어가자.
삼겹살 좋지. 핑계 훌륭하다. 맛있게 먹고 먼지 싹 내려.
알았어 맛있는 파전 먹을 생각하면서 남은 시간 버텨본다!"
829,일반 대화,"오늘 하늘 맑은 거 봤어? 구름 한 점 없고 진짜 가을 하늘.
마스크 안 썼으면 큰일 날 뻔했어. 숨쉬기도 너무 답답해.
이런 날씨엔 한강 가서 돗자리 깔고 누워있어야 하는데 휴.
내일 무조건 롱패딩 입고 목도리랑 장갑까지 챙겨야겠다.
핫팩도 챙겨. 요새 감기 걸리면 병원 가기도 힘드니까.
비 오는 건 싫지만 미세먼지 없어지면 환영이야 다행이다.
요새 기상청 자주 틀리니까 너무 걱정 마. 비 안 올 거야.
생각만 해도 좋다. 12시 땡 치면 바로 국밥집으로 뛰어가자.
조심히 오고 비 많이 오니까 우산 튼튼한 걸로 잘 챙겨 와.
완벽해. 점심시간에 따뜻하게 몸 녹이자. 이따 식당에서 봐!"
830,일반 대화,"와 오늘 미세먼지 최악이다. 하늘 누렇게 변한 거 봤어?
마스크 안 썼으면 큰일 날 뻔했어. 숨쉬기도 너무 답답해.
이런 날은 집에 박혀서 공기청정기 풀가동하고 있어야 해.
파전 완전 좋지! 비 오는 날엔 기름진 거 먹어줘야 해.
내일 오후부터는 비 오면서 씻겨 내려간대. 완전 다행이지.
비 오는 건 싫지만 미세먼지 없어지면 환영이야 다행이다.
좋아. 뜨끈한 국밥 한 그릇 먹으면 몸이 싹 녹을 것 같아.
오 센스쟁이! 나도 최대한 빨리 업무 마무리하고 넘어갈게.
삼겹살 좋지. 핑계 훌륭하다. 맛있게 먹고 먼지 싹 내려.
알았어 맛있는 파전 먹을 생각하면서 남은 시간 버텨본다!"
831,일반 대화,"오늘 날씨 진짜 춥지 않아? 귀가 떨어져 나가는 줄 알았어.
제습기 틀어도 뽀송해지지가 않네. 빨리 장마 끝났으면.
이런 날은 집에 박혀서 공기청정기 풀가동하고 있어야 해.
내일 무조건 롱패딩 입고 목도리랑 장갑까지 챙겨야겠다.
내일 오후부터는 비 오면서 씻겨 내려간대. 완전 다행이지.
헐 진짜? 주말에 캠핑 예약 다 해놨는데 제발 아니었으면.
비 오고 나면 또 추워질 테니까 따뜻하게 챙겨 입어야겠다.
그랬으면 좋겠다. 만약 비 오면 집에서 홈파티나 해야지 뭐.
삼겹살 좋지. 핑계 훌륭하다. 맛있게 먹고 먼지 싹 내려.
알았어 맛있는 파전 먹을 생각하면서 남은 시간 버텨본다!"
832,일반 대화,"오늘 하늘 맑은 거 봤어? 구름 한 점 없고 진짜 가을 하늘.
제습기 틀어도 뽀송해지지가 않네. 빨리 장마 끝났으면.
이런 날씨엔 한강 가서 돗자리 깔고 누워있어야 하는데 휴.
내일도 계속 공기 안 좋대? 뉴스에서 혹시 뭐라고 하던?
주말에 비 온다는 소식 있던데? 기상청 예보 다시 확인해봐.
콜! 늦으면 자리 꽉 차니까 퇴근하자마자 엄청 달려야 해.
좋아. 뜨끈한 국밥 한 그릇 먹으면 몸이 싹 녹을 것 같아.
생각만 해도 좋다. 12시 땡 치면 바로 국밥집으로 뛰어가자.
삼겹살 좋지. 핑계 훌륭하다. 맛있게 먹고 먼지 싹 내려.
그것도 좋은 플랜이네. 날씨 어떻게 되나 같이 지켜보자!"
833,일반 대화,"비가 며칠째 계속 내리네. 끈적거려서 기분 완전 별로야.
아침에 출근할 때 보니까 기분 좋더라. 막 놀러 가고 싶고.
내일 영하 10도까지 떨어진대. 외출 금지령 내려야 할 판.
내일도 계속 공기 안 좋대? 뉴스에서 혹시 뭐라고 하던?
핫팩도 챙겨. 요새 감기 걸리면 병원 가기도 힘드니까.
헐 진짜? 주말에 캠핑 예약 다 해놨는데 제발 아니었으면.
요새 기상청 자주 틀리니까 너무 걱정 마. 비 안 올 거야.
오 센스쟁이! 나도 최대한 빨리 업무 마무리하고 넘어갈게.
조심히 오고 비 많이 오니까 우산 튼튼한 걸로 잘 챙겨 와.
완벽해. 점심시간에 따뜻하게 몸 녹이자. 이따 식당에서 봐!"
834,일반 대화,"오늘 날씨 진짜 춥지 않아? 귀가 떨어져 나가는 줄 알았어.
제습기 틀어도 뽀송해지지가 않네. 빨리 장마 끝났으면.
이런 날씨엔 한강 가서 돗자리 깔고 누워있어야 하는데 휴.
내일도 계속 공기 안 좋대? 뉴스에서 혹시 뭐라고 하던?
핫팩도 챙겨. 요새 감기 걸리면 병원 가기도 힘드니까.
비 오는 건 싫지만 미세먼지 없어지면 환영이야 다행이다.
좋아. 뜨끈한 국밥 한 그릇 먹으면 몸이 싹 녹을 것 같아.
오늘 저녁엔 삼겹살 구워서 목에 낀 먼지 좀 내려보내야지.
조심히 오고 비 많이 오니까 우산 튼튼한 걸로 잘 챙겨 와.
내일 맑은 하늘 볼 수 있기를 기대하면서 오늘 푹 쉬자!"
835,일반 대화,"오늘 날씨 진짜 춥지 않아? 귀가 떨어져 나가는 줄 알았어.
아침에 출근할 때 보니까 기분 좋더라. 막 놀러 가고 싶고.
내일 영하 10도까지 떨어진대. 외출 금지령 내려야 할 판.
주말까지 이 날씨가 계속 유지되어야 할 텐데 걱정이네.
주말에 비 온다는 소식 있던데? 기상청 예보 다시 확인해봐.
헐 진짜? 주말에 캠핑 예약 다 해놨는데 제발 아니었으면.
비 오고 나면 또 추워질 테니까 따뜻하게 챙겨 입어야겠다.
생각만 해도 좋다. 12시 땡 치면 바로 국밥집으로 뛰어가자.
홈파티도 재밌지! 비 오면 빔프로젝터 들고 너네 집 갈게.
내일 맑은 하늘 볼 수 있기를 기대하면서 오늘 푹 쉬자!"
836,일반 대화,"와 오늘 미세먼지 최악이다. 하늘 누렇게 변한 거 봤어?
제습기 틀어도 뽀송해지지가 않네. 빨리 장마 끝났으면.
이런 날씨엔 한강 가서 돗자리 깔고 누워있어야 하는데 휴.
내일도 계속 공기 안 좋대? 뉴스에서 혹시 뭐라고 하던?
핫팩도 챙겨. 요새 감기 걸리면 병원 가기도 힘드니까.
헐 진짜? 주말에 캠핑 예약 다 해놨는데 제발 아니었으면.
내가 5분 일찍 나가서 미리 자리 잡고 주문할 테니까 와.
오 센스쟁이! 나도 최대한 빨리 업무 마무리하고 넘어갈게.
내가 미리 메뉴도 정해놨어. 수육 국밥으로 통일하는 거콜?
내일 맑은 하늘 볼 수 있기를 기대하면서 오늘 푹 쉬자!"
837,일반 대화,"비가 며칠째 계속 내리네. 끈적거려서 기분 완전 별로야.
마스크 안 썼으면 큰일 날 뻔했어. 숨쉬기도 너무 답답해.
내일 영하 10도까지 떨어진대. 외출 금지령 내려야 할 판.
내일 무조건 롱패딩 입고 목도리랑 장갑까지 챙겨야겠다.
막걸리는 내가 살게! 저번에 갔던 그 전집으로 가면 되겠다.
비 오는 건 싫지만 미세먼지 없어지면 환영이야 다행이다.
요새 기상청 자주 틀리니까 너무 걱정 마. 비 안 올 거야.
그랬으면 좋겠다. 만약 비 오면 집에서 홈파티나 해야지 뭐.
삼겹살 좋지. 핑계 훌륭하다. 맛있게 먹고 먼지 싹 내려.
그것도 좋은 플랜이네. 날씨 어떻게 되나 같이 지켜보자!"
838,일반 대화,"오늘 하늘 맑은 거 봤어? 구름 한 점 없고 진짜 가을 하늘.
나도 패딩 입을까 하다가 코트 입었는데 완전 후회 중이야.
이런 날은 집에 박혀서 공기청정기 풀가동하고 있어야 해.
내일도 계속 공기 안 좋대? 뉴스에서 혹시 뭐라고 하던?
막걸리는 내가 살게! 저번에 갔던 그 전집으로 가면 되겠다.
콜! 늦으면 자리 꽉 차니까 퇴근하자마자 엄청 달려야 해.
내가 5분 일찍 나가서 미리 자리 잡고 주문할 테니까 와.
그랬으면 좋겠다. 만약 비 오면 집에서 홈파티나 해야지 뭐.
내가 미리 메뉴도 정해놨어. 수육 국밥으로 통일하는 거콜?
그것도 좋은 플랜이네. 날씨 어떻게 되나 같이 지켜보자!"
839,일반 대화,"비가 며칠째 계속 내리네. 끈적거려서 기분 완전 별로야.
나도 패딩 입을까 하다가 코트 입었는데 완전 후회 중이야.
비 오니까 파전에 막걸리 땡겨. 오늘 퇴근하고 한잔 어때?
주말까지 이 날씨가 계속 유지되어야 할 텐데 걱정이네.
주말에 비 온다는 소식 있던데? 기상청 예보 다시 확인해봐.
너도 감기 조심해. 이따 점심엔 따뜻한 국물 있는 거 먹자.
비 오고 나면 또 추워질 테니까 따뜻하게 챙겨 입어야겠다.
오 센스쟁이! 나도 최대한 빨리 업무 마무리하고 넘어갈게.
삼겹살 좋지. 핑계 훌륭하다. 맛있게 먹고 먼지 싹 내려.
내일 맑은 하늘 볼 수 있기를 기대하면서 오늘 푹 쉬자!"
840,일반 대화,"비가 며칠째 계속 내리네. 끈적거려서 기분 완전 별로야.
아침에 출근할 때 보니까 기분 좋더라. 막 놀러 가고 싶고.
비 오니까 파전에 막걸리 땡겨. 오늘 퇴근하고 한잔 어때?
주말까지 이 날씨가 계속 유지되어야 할 텐데 걱정이네.
내일 오후부터는 비 오면서 씻겨 내려간대. 완전 다행이지.
콜! 늦으면 자리 꽉 차니까 퇴근하자마자 엄청 달려야 해.
좋아. 뜨끈한 국밥 한 그릇 먹으면 몸이 싹 녹을 것 같아.
오늘 저녁엔 삼겹살 구워서 목에 낀 먼지 좀 내려보내야지.
삼겹살 좋지. 핑계 훌륭하다. 맛있게 먹고 먼지 싹 내려.
그것도 좋은 플랜이네. 날씨 어떻게 되나 같이 지켜보자!"
841,일반 대화,"비가 며칠째 계속 내리네. 끈적거려서 기분 완전 별로야.
마스크 안 썼으면 큰일 날 뻔했어. 숨쉬기도 너무 답답해.
이런 날씨엔 한강 가서 돗자리 깔고 누워있어야 하는데 휴.
파전 완전 좋지! 비 오는 날엔 기름진 거 먹어줘야 해.
내일 오후부터는 비 오면서 씻겨 내려간대. 완전 다행이지.
너도 감기 조심해. 이따 점심엔 따뜻한 국물 있는 거 먹자.
좋아. 뜨끈한 국밥 한 그릇 먹으면 몸이 싹 녹을 것 같아.
생각만 해도 좋다. 12시 땡 치면 바로 국밥집으로 뛰어가자.
삼겹살 좋지. 핑계 훌륭하다. 맛있게 먹고 먼지 싹 내려.
그것도 좋은 플랜이네. 날씨 어떻게 되나 같이 지켜보자!"
842,일반 대화,"비가 며칠째 계속 내리네. 끈적거려서 기분 완전 별로야.
아침에 출근할 때 보니까 기분 좋더라. 막 놀러 가고 싶고.
내일 영하 10도까지 떨어진대. 외출 금지령 내려야 할 판.
주말까지 이 날씨가 계속 유지되어야 할 텐데 걱정이네.
내일 오후부터는 비 오면서 씻겨 내려간대. 완전 다행이지.
비 오는 건 싫지만 미세먼지 없어지면 환영이야 다행이다.
비 오고 나면 또 추워질 테니까 따뜻하게 챙겨 입어야겠다.
오늘 저녁엔 삼겹살 구워서 목에 낀 먼지 좀 내려보내야지.
삼겹살 좋지. 핑계 훌륭하다. 맛있게 먹고 먼지 싹 내려.
그것도 좋은 플랜이네. 날씨 어떻게 되나 같이 지켜보자!"
843,일반 대화,"오늘 하늘 맑은 거 봤어? 구름 한 점 없고 진짜 가을 하늘.
마스크 안 썼으면 큰일 날 뻔했어. 숨쉬기도 너무 답답해.
비 오니까 파전에 막걸리 땡겨. 오늘 퇴근하고 한잔 어때?
내일도 계속 공기 안 좋대? 뉴스에서 혹시 뭐라고 하던?
막걸리는 내가 살게! 저번에 갔던 그 전집으로 가면 되겠다.
헐 진짜? 주말에 캠핑 예약 다 해놨는데 제발 아니었으면.
내가 5분 일찍 나가서 미리 자리 잡고 주문할 테니까 와.
오 센스쟁이! 나도 최대한 빨리 업무 마무리하고 넘어갈게.
조심히 오고 비 많이 오니까 우산 튼튼한 걸로 잘 챙겨 와.
그것도 좋은 플랜이네. 날씨 어떻게 되나 같이 지켜보자!"
844,일반 대화,"오늘 날씨 진짜 춥지 않아? 귀가 떨어져 나가는 줄 알았어.
마스크 안 썼으면 큰일 날 뻔했어. 숨쉬기도 너무 답답해.
비 오니까 파전에 막걸리 땡겨. 오늘 퇴근하고 한잔 어때?
파전 완전 좋지! 비 오는 날엔 기름진 거 먹어줘야 해.
막걸리는 내가 살게! 저번에 갔던 그 전집으로 가면 되겠다.
헐 진짜? 주말에 캠핑 예약 다 해놨는데 제발 아니었으면.
비 오고 나면 또 추워질 테니까 따뜻하게 챙겨 입어야겠다.
그랬으면 좋겠다. 만약 비 오면 집에서 홈파티나 해야지 뭐.
홈파티도 재밌지! 비 오면 빔프로젝터 들고 너네 집 갈게.
알았어 맛있는 파전 먹을 생각하면서 남은 시간 버텨본다!"
845,일반 대화,"오늘 날씨 진짜 춥지 않아? 귀가 떨어져 나가는 줄 알았어.
아침에 출근할 때 보니까 기분 좋더라. 막 놀러 가고 싶고.
이런 날은 집에 박혀서 공기청정기 풀가동하고 있어야 해.
내일 무조건 롱패딩 입고 목도리랑 장갑까지 챙겨야겠다.
내일 오후부터는 비 오면서 씻겨 내려간대. 완전 다행이지.
비 오는 건 싫지만 미세먼지 없어지면 환영이야 다행이다.
비 오고 나면 또 추워질 테니까 따뜻하게 챙겨 입어야겠다.
오 센스쟁이! 나도 최대한 빨리 업무 마무리하고 넘어갈게.
홈파티도 재밌지! 비 오면 빔프로젝터 들고 너네 집 갈게.
그것도 좋은 플랜이네. 날씨 어떻게 되나 같이 지켜보자!"
846,일반 대화,"오늘 하늘 맑은 거 봤어? 구름 한 점 없고 진짜 가을 하늘.
제습기 틀어도 뽀송해지지가 않네. 빨리 장마 끝났으면.
이런 날은 집에 박혀서 공기청정기 풀가동하고 있어야 해.
파전 완전 좋지! 비 오는 날엔 기름진 거 먹어줘야 해.
핫팩도 챙겨. 요새 감기 걸리면 병원 가기도 힘드니까.
너도 감기 조심해. 이따 점심엔 따뜻한 국물 있는 거 먹자.
내가 5분 일찍 나가서 미리 자리 잡고 주문할 테니까 와.
생각만 해도 좋다. 12시 땡 치면 바로 국밥집으로 뛰어가자.
내가 미리 메뉴도 정해놨어. 수육 국밥으로 통일하는 거콜?
완벽해. 점심시간에 따뜻하게 몸 녹이자. 이따 식당에서 봐!"
847,일반 대화,"비가 며칠째 계속 내리네. 끈적거려서 기분 완전 별로야.
나도 패딩 입을까 하다가 코트 입었는데 완전 후회 중이야.
이런 날은 집에 박혀서 공기청정기 풀가동하고 있어야 해.
내일도 계속 공기 안 좋대? 뉴스에서 혹시 뭐라고 하던?
핫팩도 챙겨. 요새 감기 걸리면 병원 가기도 힘드니까.
헐 진짜? 주말에 캠핑 예약 다 해놨는데 제발 아니었으면.
요새 기상청 자주 틀리니까 너무 걱정 마. 비 안 올 거야.
오늘 저녁엔 삼겹살 구워서 목에 낀 먼지 좀 내려보내야지.
삼겹살 좋지. 핑계 훌륭하다. 맛있게 먹고 먼지 싹 내려.
완벽해. 점심시간에 따뜻하게 몸 녹이자. 이따 식당에서 봐!"
848,일반 대화,"와 오늘 미세먼지 최악이다. 하늘 누렇게 변한 거 봤어?
제습기 틀어도 뽀송해지지가 않네. 빨리 장마 끝났으면.
비 오니까 파전에 막걸리 땡겨. 오늘 퇴근하고 한잔 어때?
내일 무조건 롱패딩 입고 목도리랑 장갑까지 챙겨야겠다.
핫팩도 챙겨. 요새 감기 걸리면 병원 가기도 힘드니까.
콜! 늦으면 자리 꽉 차니까 퇴근하자마자 엄청 달려야 해.
요새 기상청 자주 틀리니까 너무 걱정 마. 비 안 올 거야.
오 센스쟁이! 나도 최대한 빨리 업무 마무리하고 넘어갈게.
내가 미리 메뉴도 정해놨어. 수육 국밥으로 통일하는 거콜?
내일 맑은 하늘 볼 수 있기를 기대하면서 오늘 푹 쉬자!"
849,일반 대화,"오늘 하늘 맑은 거 봤어? 구름 한 점 없고 진짜 가을 하늘.
마스크 안 썼으면 큰일 날 뻔했어. 숨쉬기도 너무 답답해.
이런 날은 집에 박혀서 공기청정기 풀가동하고 있어야 해.
주말까지 이 날씨가 계속 유지되어야 할 텐데 걱정이네.
내일 오후부터는 비 오면서 씻겨 내려간대. 완전 다행이지.
콜! 늦으면 자리 꽉 차니까 퇴근하자마자 엄청 달려야 해.
요새 기상청 자주 틀리니까 너무 걱정 마. 비 안 올 거야.
오늘 저녁엔 삼겹살 구워서 목에 낀 먼지 좀 내려보내야지.
조심히 오고 비 많이 오니까 우산 튼튼한 걸로 잘 챙겨 와.
그것도 좋은 플랜이네. 날씨 어떻게 되나 같이 지켜보자!"
850,일반 대화,"오늘 날씨 진짜 춥지 않아? 귀가 떨어져 나가는 줄 알았어.
마스크 안 썼으면 큰일 날 뻔했어. 숨쉬기도 너무 답답해.
내일 영하 10도까지 떨어진대. 외출 금지령 내려야 할 판.
파전 완전 좋지! 비 오는 날엔 기름진 거 먹어줘야 해.
내일 오후부터는 비 오면서 씻겨 내려간대. 완전 다행이지.
콜! 늦으면 자리 꽉 차니까 퇴근하자마자 엄청 달려야 해.
내가 5분 일찍 나가서 미리 자리 잡고 주문할 테니까 와.
오늘 저녁엔 삼겹살 구워서 목에 낀 먼지 좀 내려보내야지.
홈파티도 재밌지! 비 오면 빔프로젝터 들고 너네 집 갈게.
그것도 좋은 플랜이네. 날씨 어떻게 되나 같이 지켜보자!"
851,일반 대화,"와 오늘 미세먼지 최악이다. 하늘 누렇게 변한 거 봤어?
아침에 출근할 때 보니까 기분 좋더라. 막 놀러 가고 싶고.
이런 날씨엔 한강 가서 돗자리 깔고 누워있어야 하는데 휴.
주말까지 이 날씨가 계속 유지되어야 할 텐데 걱정이네.
주말에 비 온다는 소식 있던데? 기상청 예보 다시 확인해봐.
너도 감기 조심해. 이따 점심엔 따뜻한 국물 있는 거 먹자.
내가 5분 일찍 나가서 미리 자리 잡고 주문할 테니까 와.
생각만 해도 좋다. 12시 땡 치면 바로 국밥집으로 뛰어가자.
내가 미리 메뉴도 정해놨어. 수육 국밥으로 통일하는 거콜?
완벽해. 점심시간에 따뜻하게 몸 녹이자. 이따 식당에서 봐!"
852,일반 대화,"와 오늘 미세먼지 최악이다. 하늘 누렇게 변한 거 봤어?
마스크 안 썼으면 큰일 날 뻔했어. 숨쉬기도 너무 답답해.
이런 날은 집에 박혀서 공기청정기 풀가동하고 있어야 해.
내일도 계속 공기 안 좋대? 뉴스에서 혹시 뭐라고 하던?
핫팩도 챙겨. 요새 감기 걸리면 병원 가기도 힘드니까.
비 오는 건 싫지만 미세먼지 없어지면 환영이야 다행이다.
내가 5분 일찍 나가서 미리 자리 잡고 주문할 테니까 와.
생각만 해도 좋다. 12시 땡 치면 바로 국밥집으로 뛰어가자.
내가 미리 메뉴도 정해놨어. 수육 국밥으로 통일하는 거콜?
완벽해. 점심시간에 따뜻하게 몸 녹이자. 이따 식당에서 봐!"
853,일반 대화,"오늘 날씨 진짜 춥지 않아? 귀가 떨어져 나가는 줄 알았어.
마스크 안 썼으면 큰일 날 뻔했어. 숨쉬기도 너무 답답해.
비 오니까 파전에 막걸리 땡겨. 오늘 퇴근하고 한잔 어때?
주말까지 이 날씨가 계속 유지되어야 할 텐데 걱정이네.
주말에 비 온다는 소식 있던데? 기상청 예보 다시 확인해봐.
너도 감기 조심해. 이따 점심엔 따뜻한 국물 있는 거 먹자.
요새 기상청 자주 틀리니까 너무 걱정 마. 비 안 올 거야.
생각만 해도 좋다. 12시 땡 치면 바로 국밥집으로 뛰어가자.
홈파티도 재밌지! 비 오면 빔프로젝터 들고 너네 집 갈게.
완벽해. 점심시간에 따뜻하게 몸 녹이자. 이따 식당에서 봐!"
854,일반 대화,"오늘 날씨 진짜 춥지 않아? 귀가 떨어져 나가는 줄 알았어.
아침에 출근할 때 보니까 기분 좋더라. 막 놀러 가고 싶고.
비 오니까 파전에 막걸리 땡겨. 오늘 퇴근하고 한잔 어때?
내일도 계속 공기 안 좋대? 뉴스에서 혹시 뭐라고 하던?
핫팩도 챙겨. 요새 감기 걸리면 병원 가기도 힘드니까.
비 오는 건 싫지만 미세먼지 없어지면 환영이야 다행이다.
비 오고 나면 또 추워질 테니까 따뜻하게 챙겨 입어야겠다.
오늘 저녁엔 삼겹살 구워서 목에 낀 먼지 좀 내려보내야지.
내가 미리 메뉴도 정해놨어. 수육 국밥으로 통일하는 거콜?
내일 맑은 하늘 볼 수 있기를 기대하면서 오늘 푹 쉬자!"
855,일반 대화,"오늘 하늘 맑은 거 봤어? 구름 한 점 없고 진짜 가을 하늘.
아침에 출근할 때 보니까 기분 좋더라. 막 놀러 가고 싶고.
내일 영하 10도까지 떨어진대. 외출 금지령 내려야 할 판.
파전 완전 좋지! 비 오는 날엔 기름진 거 먹어줘야 해.
내일 오후부터는 비 오면서 씻겨 내려간대. 완전 다행이지.
헐 진짜? 주말에 캠핑 예약 다 해놨는데 제발 아니었으면.
요새 기상청 자주 틀리니까 너무 걱정 마. 비 안 올 거야.
그랬으면 좋겠다. 만약 비 오면 집에서 홈파티나 해야지 뭐.
홈파티도 재밌지! 비 오면 빔프로젝터 들고 너네 집 갈게.
알았어 맛있는 파전 먹을 생각하면서 남은 시간 버텨본다!"
856,일반 대화,"와 오늘 미세먼지 최악이다. 하늘 누렇게 변한 거 봤어?
나도 패딩 입을까 하다가 코트 입었는데 완전 후회 중이야.
이런 날씨엔 한강 가서 돗자리 깔고 누워있어야 하는데 휴.
내일 무조건 롱패딩 입고 목도리랑 장갑까지 챙겨야겠다.
내일 오후부터는 비 오면서 씻겨 내려간대. 완전 다행이지.
너도 감기 조심해. 이따 점심엔 따뜻한 국물 있는 거 먹자.
요새 기상청 자주 틀리니까 너무 걱정 마. 비 안 올 거야.
오늘 저녁엔 삼겹살 구워서 목에 낀 먼지 좀 내려보내야지.
내가 미리 메뉴도 정해놨어. 수육 국밥으로 통일하는 거콜?
알았어 맛있는 파전 먹을 생각하면서 남은 시간 버텨본다!"
857,일반 대화,"오늘 날씨 진짜 춥지 않아? 귀가 떨어져 나가는 줄 알았어.
아침에 출근할 때 보니까 기분 좋더라. 막 놀러 가고 싶고.
비 오니까 파전에 막걸리 땡겨. 오늘 퇴근하고 한잔 어때?
내일도 계속 공기 안 좋대? 뉴스에서 혹시 뭐라고 하던?
핫팩도 챙겨. 요새 감기 걸리면 병원 가기도 힘드니까.
헐 진짜? 주말에 캠핑 예약 다 해놨는데 제발 아니었으면.
좋아. 뜨끈한 국밥 한 그릇 먹으면 몸이 싹 녹을 것 같아.
오늘 저녁엔 삼겹살 구워서 목에 낀 먼지 좀 내려보내야지.
삼겹살 좋지. 핑계 훌륭하다. 맛있게 먹고 먼지 싹 내려.
그것도 좋은 플랜이네. 날씨 어떻게 되나 같이 지켜보자!"
858,일반 대화,"와 오늘 미세먼지 최악이다. 하늘 누렇게 변한 거 봤어?
제습기 틀어도 뽀송해지지가 않네. 빨리 장마 끝났으면.
이런 날은 집에 박혀서 공기청정기 풀가동하고 있어야 해.
주말까지 이 날씨가 계속 유지되어야 할 텐데 걱정이네.
내일 오후부터는 비 오면서 씻겨 내려간대. 완전 다행이지.
콜! 늦으면 자리 꽉 차니까 퇴근하자마자 엄청 달려야 해.
내가 5분 일찍 나가서 미리 자리 잡고 주문할 테니까 와.
오늘 저녁엔 삼겹살 구워서 목에 낀 먼지 좀 내려보내야지.
홈파티도 재밌지! 비 오면 빔프로젝터 들고 너네 집 갈게.
내일 맑은 하늘 볼 수 있기를 기대하면서 오늘 푹 쉬자!"
859,일반 대화,"오늘 날씨 진짜 춥지 않아? 귀가 떨어져 나가는 줄 알았어.
나도 패딩 입을까 하다가 코트 입었는데 완전 후회 중이야.
이런 날은 집에 박혀서 공기청정기 풀가동하고 있어야 해.
내일 무조건 롱패딩 입고 목도리랑 장갑까지 챙겨야겠다.
주말에 비 온다는 소식 있던데? 기상청 예보 다시 확인해봐.
너도 감기 조심해. 이따 점심엔 따뜻한 국물 있는 거 먹자.
비 오고 나면 또 추워질 테니까 따뜻하게 챙겨 입어야겠다.
생각만 해도 좋다. 12시 땡 치면 바로 국밥집으로 뛰어가자.
삼겹살 좋지. 핑계 훌륭하다. 맛있게 먹고 먼지 싹 내려.
내일 맑은 하늘 볼 수 있기를 기대하면서 오늘 푹 쉬자!"
860,일반 대화,"비가 며칠째 계속 내리네. 끈적거려서 기분 완전 별로야.
제습기 틀어도 뽀송해지지가 않네. 빨리 장마 끝났으면.
비 오니까 파전에 막걸리 땡겨. 오늘 퇴근하고 한잔 어때?
주말까지 이 날씨가 계속 유지되어야 할 텐데 걱정이네.
주말에 비 온다는 소식 있던데? 기상청 예보 다시 확인해봐.
헐 진짜? 주말에 캠핑 예약 다 해놨는데 제발 아니었으면.
내가 5분 일찍 나가서 미리 자리 잡고 주문할 테니까 와.
오 센스쟁이! 나도 최대한 빨리 업무 마무리하고 넘어갈게.
내가 미리 메뉴도 정해놨어. 수육 국밥으로 통일하는 거콜?
알았어 맛있는 파전 먹을 생각하면서 남은 시간 버텨본다!"
861,일반 대화,"비가 며칠째 계속 내리네. 끈적거려서 기분 완전 별로야.
나도 패딩 입을까 하다가 코트 입었는데 완전 후회 중이야.
내일 영하 10도까지 떨어진대. 외출 금지령 내려야 할 판.
주말까지 이 날씨가 계속 유지되어야 할 텐데 걱정이네.
주말에 비 온다는 소식 있던데? 기상청 예보 다시 확인해봐.
비 오는 건 싫지만 미세먼지 없어지면 환영이야 다행이다.
내가 5분 일찍 나가서 미리 자리 잡고 주문할 테니까 와.
오 센스쟁이! 나도 최대한 빨리 업무 마무리하고 넘어갈게.
홈파티도 재밌지! 비 오면 빔프로젝터 들고 너네 집 갈게.
내일 맑은 하늘 볼 수 있기를 기대하면서 오늘 푹 쉬자!"
862,일반 대화,"비가 며칠째 계속 내리네. 끈적거려서 기분 완전 별로야.
제습기 틀어도 뽀송해지지가 않네. 빨리 장마 끝났으면.
이런 날씨엔 한강 가서 돗자리 깔고 누워있어야 하는데 휴.
내일 무조건 롱패딩 입고 목도리랑 장갑까지 챙겨야겠다.
핫팩도 챙겨. 요새 감기 걸리면 병원 가기도 힘드니까.
콜! 늦으면 자리 꽉 차니까 퇴근하자마자 엄청 달려야 해.
요새 기상청 자주 틀리니까 너무 걱정 마. 비 안 올 거야.
생각만 해도 좋다. 12시 땡 치면 바로 국밥집으로 뛰어가자.
삼겹살 좋지. 핑계 훌륭하다. 맛있게 먹고 먼지 싹 내려.
완벽해. 점심시간에 따뜻하게 몸 녹이자. 이따 식당에서 봐!"
863,일반 대화,"오늘 날씨 진짜 춥지 않아? 귀가 떨어져 나가는 줄 알았어.
마스크 안 썼으면 큰일 날 뻔했어. 숨쉬기도 너무 답답해.
이런 날은 집에 박혀서 공기청정기 풀가동하고 있어야 해.
주말까지 이 날씨가 계속 유지되어야 할 텐데 걱정이네.
막걸리는 내가 살게! 저번에 갔던 그 전집으로 가면 되겠다.
너도 감기 조심해. 이따 점심엔 따뜻한 국물 있는 거 먹자.
요새 기상청 자주 틀리니까 너무 걱정 마. 비 안 올 거야.
생각만 해도 좋다. 12시 땡 치면 바로 국밥집으로 뛰어가자.
홈파티도 재밌지! 비 오면 빔프로젝터 들고 너네 집 갈게.
알았어 맛있는 파전 먹을 생각하면서 남은 시간 버텨본다!"
864,일반 대화,"와 오늘 미세먼지 최악이다. 하늘 누렇게 변한 거 봤어?
나도 패딩 입을까 하다가 코트 입었는데 완전 후회 중이야.
이런 날은 집에 박혀서 공기청정기 풀가동하고 있어야 해.
파전 완전 좋지! 비 오는 날엔 기름진 거 먹어줘야 해.
핫팩도 챙겨. 요새 감기 걸리면 병원 가기도 힘드니까.
비 오는 건 싫지만 미세먼지 없어지면 환영이야 다행이다.
좋아. 뜨끈한 국밥 한 그릇 먹으면 몸이 싹 녹을 것 같아.
오늘 저녁엔 삼겹살 구워서 목에 낀 먼지 좀 내려보내야지.
조심히 오고 비 많이 오니까 우산 튼튼한 걸로 잘 챙겨 와.
내일 맑은 하늘 볼 수 있기를 기대하면서 오늘 푹 쉬자!"
865,일반 대화,"오늘 날씨 진짜 춥지 않아? 귀가 떨어져 나가는 줄 알았어.
나도 패딩 입을까 하다가 코트 입었는데 완전 후회 중이야.
내일 영하 10도까지 떨어진대. 외출 금지령 내려야 할 판.
주말까지 이 날씨가 계속 유지되어야 할 텐데 걱정이네.
핫팩도 챙겨. 요새 감기 걸리면 병원 가기도 힘드니까.
헐 진짜? 주말에 캠핑 예약 다 해놨는데 제발 아니었으면.
요새 기상청 자주 틀리니까 너무 걱정 마. 비 안 올 거야.
생각만 해도 좋다. 12시 땡 치면 바로 국밥집으로 뛰어가자.
내가 미리 메뉴도 정해놨어. 수육 국밥으로 통일하는 거콜?
내일 맑은 하늘 볼 수 있기를 기대하면서 오늘 푹 쉬자!"
866,일반 대화,"비가 며칠째 계속 내리네. 끈적거려서 기분 완전 별로야.
나도 패딩 입을까 하다가 코트 입었는데 완전 후회 중이야.
비 오니까 파전에 막걸리 땡겨. 오늘 퇴근하고 한잔 어때?
파전 완전 좋지! 비 오는 날엔 기름진 거 먹어줘야 해.
막걸리는 내가 살게! 저번에 갔던 그 전집으로 가면 되겠다.
비 오는 건 싫지만 미세먼지 없어지면 환영이야 다행이다.
내가 5분 일찍 나가서 미리 자리 잡고 주문할 테니까 와.
오늘 저녁엔 삼겹살 구워서 목에 낀 먼지 좀 내려보내야지.
내가 미리 메뉴도 정해놨어. 수육 국밥으로 통일하는 거콜?
내일 맑은 하늘 볼 수 있기를 기대하면서 오늘 푹 쉬자!"
867,일반 대화,"비가 며칠째 계속 내리네. 끈적거려서 기분 완전 별로야.
마스크 안 썼으면 큰일 날 뻔했어. 숨쉬기도 너무 답답해.
비 오니까 파전에 막걸리 땡겨. 오늘 퇴근하고 한잔 어때?
파전 완전 좋지! 비 오는 날엔 기름진 거 먹어줘야 해.
내일 오후부터는 비 오면서 씻겨 내려간대. 완전 다행이지.
콜! 늦으면 자리 꽉 차니까 퇴근하자마자 엄청 달려야 해.
내가 5분 일찍 나가서 미리 자리 잡고 주문할 테니까 와.
생각만 해도 좋다. 12시 땡 치면 바로 국밥집으로 뛰어가자.
조심히 오고 비 많이 오니까 우산 튼튼한 걸로 잘 챙겨 와.
완벽해. 점심시간에 따뜻하게 몸 녹이자. 이따 식당에서 봐!"
868,일반 대화,"비가 며칠째 계속 내리네. 끈적거려서 기분 완전 별로야.
마스크 안 썼으면 큰일 날 뻔했어. 숨쉬기도 너무 답답해.
이런 날은 집에 박혀서 공기청정기 풀가동하고 있어야 해.
파전 완전 좋지! 비 오는 날엔 기름진 거 먹어줘야 해.
막걸리는 내가 살게! 저번에 갔던 그 전집으로 가면 되겠다.
비 오는 건 싫지만 미세먼지 없어지면 환영이야 다행이다.
내가 5분 일찍 나가서 미리 자리 잡고 주문할 테니까 와.
생각만 해도 좋다. 12시 땡 치면 바로 국밥집으로 뛰어가자.
내가 미리 메뉴도 정해놨어. 수육 국밥으로 통일하는 거콜?
내일 맑은 하늘 볼 수 있기를 기대하면서 오늘 푹 쉬자!"
869,일반 대화,"와 오늘 미세먼지 최악이다. 하늘 누렇게 변한 거 봤어?
아침에 출근할 때 보니까 기분 좋더라. 막 놀러 가고 싶고.
이런 날은 집에 박혀서 공기청정기 풀가동하고 있어야 해.
파전 완전 좋지! 비 오는 날엔 기름진 거 먹어줘야 해.
막걸리는 내가 살게! 저번에 갔던 그 전집으로 가면 되겠다.
너도 감기 조심해. 이따 점심엔 따뜻한 국물 있는 거 먹자.
비 오고 나면 또 추워질 테니까 따뜻하게 챙겨 입어야겠다.
그랬으면 좋겠다. 만약 비 오면 집에서 홈파티나 해야지 뭐.
내가 미리 메뉴도 정해놨어. 수육 국밥으로 통일하는 거콜?
완벽해. 점심시간에 따뜻하게 몸 녹이자. 이따 식당에서 봐!"
870,일반 대화,"오늘 하늘 맑은 거 봤어? 구름 한 점 없고 진짜 가을 하늘.
마스크 안 썼으면 큰일 날 뻔했어. 숨쉬기도 너무 답답해.
이런 날은 집에 박혀서 공기청정기 풀가동하고 있어야 해.
주말까지 이 날씨가 계속 유지되어야 할 텐데 걱정이네.
내일 오후부터는 비 오면서 씻겨 내려간대. 완전 다행이지.
콜! 늦으면 자리 꽉 차니까 퇴근하자마자 엄청 달려야 해.
좋아. 뜨끈한 국밥 한 그릇 먹으면 몸이 싹 녹을 것 같아.
그랬으면 좋겠다. 만약 비 오면 집에서 홈파티나 해야지 뭐.
조심히 오고 비 많이 오니까 우산 튼튼한 걸로 잘 챙겨 와.
내일 맑은 하늘 볼 수 있기를 기대하면서 오늘 푹 쉬자!"
871,일반 대화,"와 오늘 미세먼지 최악이다. 하늘 누렇게 변한 거 봤어?
아침에 출근할 때 보니까 기분 좋더라. 막 놀러 가고 싶고.
내일 영하 10도까지 떨어진대. 외출 금지령 내려야 할 판.
내일도 계속 공기 안 좋대? 뉴스에서 혹시 뭐라고 하던?
막걸리는 내가 살게! 저번에 갔던 그 전집으로 가면 되겠다.
너도 감기 조심해. 이따 점심엔 따뜻한 국물 있는 거 먹자.
내가 5분 일찍 나가서 미리 자리 잡고 주문할 테니까 와.
그랬으면 좋겠다. 만약 비 오면 집에서 홈파티나 해야지 뭐.
홈파티도 재밌지! 비 오면 빔프로젝터 들고 너네 집 갈게.
그것도 좋은 플랜이네. 날씨 어떻게 되나 같이 지켜보자!"
872,일반 대화,"와 오늘 미세먼지 최악이다. 하늘 누렇게 변한 거 봤어?
제습기 틀어도 뽀송해지지가 않네. 빨리 장마 끝났으면.
비 오니까 파전에 막걸리 땡겨. 오늘 퇴근하고 한잔 어때?
내일도 계속 공기 안 좋대? 뉴스에서 혹시 뭐라고 하던?
핫팩도 챙겨. 요새 감기 걸리면 병원 가기도 힘드니까.
비 오는 건 싫지만 미세먼지 없어지면 환영이야 다행이다.
내가 5분 일찍 나가서 미리 자리 잡고 주문할 테니까 와.
오 센스쟁이! 나도 최대한 빨리 업무 마무리하고 넘어갈게.
삼겹살 좋지. 핑계 훌륭하다. 맛있게 먹고 먼지 싹 내려.
그것도 좋은 플랜이네. 날씨 어떻게 되나 같이 지켜보자!"
873,일반 대화,"와 오늘 미세먼지 최악이다. 하늘 누렇게 변한 거 봤어?
아침에 출근할 때 보니까 기분 좋더라. 막 놀러 가고 싶고.
비 오니까 파전에 막걸리 땡겨. 오늘 퇴근하고 한잔 어때?
파전 완전 좋지! 비 오는 날엔 기름진 거 먹어줘야 해.
막걸리는 내가 살게! 저번에 갔던 그 전집으로 가면 되겠다.
너도 감기 조심해. 이따 점심엔 따뜻한 국물 있는 거 먹자.
비 오고 나면 또 추워질 테니까 따뜻하게 챙겨 입어야겠다.
그랬으면 좋겠다. 만약 비 오면 집에서 홈파티나 해야지 뭐.
내가 미리 메뉴도 정해놨어. 수육 국밥으로 통일하는 거콜?
알았어 맛있는 파전 먹을 생각하면서 남은 시간 버텨본다!"
874,일반 대화,"비가 며칠째 계속 내리네. 끈적거려서 기분 완전 별로야.
나도 패딩 입을까 하다가 코트 입었는데 완전 후회 중이야.
내일 영하 10도까지 떨어진대. 외출 금지령 내려야 할 판.
내일도 계속 공기 안 좋대? 뉴스에서 혹시 뭐라고 하던?
내일 오후부터는 비 오면서 씻겨 내려간대. 완전 다행이지.
비 오는 건 싫지만 미세먼지 없어지면 환영이야 다행이다.
내가 5분 일찍 나가서 미리 자리 잡고 주문할 테니까 와.
생각만 해도 좋다. 12시 땡 치면 바로 국밥집으로 뛰어가자.
내가 미리 메뉴도 정해놨어. 수육 국밥으로 통일하는 거콜?
그것도 좋은 플랜이네. 날씨 어떻게 되나 같이 지켜보자!"
875,일반 대화,"비가 며칠째 계속 내리네. 끈적거려서 기분 완전 별로야.
마스크 안 썼으면 큰일 날 뻔했어. 숨쉬기도 너무 답답해.
내일 영하 10도까지 떨어진대. 외출 금지령 내려야 할 판.
파전 완전 좋지! 비 오는 날엔 기름진 거 먹어줘야 해.
막걸리는 내가 살게! 저번에 갔던 그 전집으로 가면 되겠다.
너도 감기 조심해. 이따 점심엔 따뜻한 국물 있는 거 먹자.
좋아. 뜨끈한 국밥 한 그릇 먹으면 몸이 싹 녹을 것 같아.
생각만 해도 좋다. 12시 땡 치면 바로 국밥집으로 뛰어가자.
내가 미리 메뉴도 정해놨어. 수육 국밥으로 통일하는 거콜?
그것도 좋은 플랜이네. 날씨 어떻게 되나 같이 지켜보자!"
876,일반 대화,"오늘 날씨 진짜 춥지 않아? 귀가 떨어져 나가는 줄 알았어.
아침에 출근할 때 보니까 기분 좋더라. 막 놀러 가고 싶고.
이런 날씨엔 한강 가서 돗자리 깔고 누워있어야 하는데 휴.
파전 완전 좋지! 비 오는 날엔 기름진 거 먹어줘야 해.
핫팩도 챙겨. 요새 감기 걸리면 병원 가기도 힘드니까.
비 오는 건 싫지만 미세먼지 없어지면 환영이야 다행이다.
요새 기상청 자주 틀리니까 너무 걱정 마. 비 안 올 거야.
생각만 해도 좋다. 12시 땡 치면 바로 국밥집으로 뛰어가자.
삼겹살 좋지. 핑계 훌륭하다. 맛있게 먹고 먼지 싹 내려.
내일 맑은 하늘 볼 수 있기를 기대하면서 오늘 푹 쉬자!"
877,일반 대화,"비가 며칠째 계속 내리네. 끈적거려서 기분 완전 별로야.
아침에 출근할 때 보니까 기분 좋더라. 막 놀러 가고 싶고.
이런 날은 집에 박혀서 공기청정기 풀가동하고 있어야 해.
주말까지 이 날씨가 계속 유지되어야 할 텐데 걱정이네.
막걸리는 내가 살게! 저번에 갔던 그 전집으로 가면 되겠다.
헐 진짜? 주말에 캠핑 예약 다 해놨는데 제발 아니었으면.
좋아. 뜨끈한 국밥 한 그릇 먹으면 몸이 싹 녹을 것 같아.
그랬으면 좋겠다. 만약 비 오면 집에서 홈파티나 해야지 뭐.
조심히 오고 비 많이 오니까 우산 튼튼한 걸로 잘 챙겨 와.
그것도 좋은 플랜이네. 날씨 어떻게 되나 같이 지켜보자!"
878,일반 대화,"오늘 날씨 진짜 춥지 않아? 귀가 떨어져 나가는 줄 알았어.
제습기 틀어도 뽀송해지지가 않네. 빨리 장마 끝났으면.
비 오니까 파전에 막걸리 땡겨. 오늘 퇴근하고 한잔 어때?
내일 무조건 롱패딩 입고 목도리랑 장갑까지 챙겨야겠다.
핫팩도 챙겨. 요새 감기 걸리면 병원 가기도 힘드니까.
헐 진짜? 주말에 캠핑 예약 다 해놨는데 제발 아니었으면.
요새 기상청 자주 틀리니까 너무 걱정 마. 비 안 올 거야.
오 센스쟁이! 나도 최대한 빨리 업무 마무리하고 넘어갈게.
내가 미리 메뉴도 정해놨어. 수육 국밥으로 통일하는 거콜?
내일 맑은 하늘 볼 수 있기를 기대하면서 오늘 푹 쉬자!"
879,일반 대화,"와 오늘 미세먼지 최악이다. 하늘 누렇게 변한 거 봤어?
나도 패딩 입을까 하다가 코트 입었는데 완전 후회 중이야.
이런 날씨엔 한강 가서 돗자리 깔고 누워있어야 하는데 휴.
내일 무조건 롱패딩 입고 목도리랑 장갑까지 챙겨야겠다.
주말에 비 온다는 소식 있던데? 기상청 예보 다시 확인해봐.
너도 감기 조심해. 이따 점심엔 따뜻한 국물 있는 거 먹자.
요새 기상청 자주 틀리니까 너무 걱정 마. 비 안 올 거야.
그랬으면 좋겠다. 만약 비 오면 집에서 홈파티나 해야지 뭐.
내가 미리 메뉴도 정해놨어. 수육 국밥으로 통일하는 거콜?
완벽해. 점심시간에 따뜻하게 몸 녹이자. 이따 식당에서 봐!"
880,일반 대화,"오늘 하늘 맑은 거 봤어? 구름 한 점 없고 진짜 가을 하늘.
아침에 출근할 때 보니까 기분 좋더라. 막 놀러 가고 싶고.
이런 날은 집에 박혀서 공기청정기 풀가동하고 있어야 해.
내일 무조건 롱패딩 입고 목도리랑 장갑까지 챙겨야겠다.
내일 오후부터는 비 오면서 씻겨 내려간대. 완전 다행이지.
너도 감기 조심해. 이따 점심엔 따뜻한 국물 있는 거 먹자.
내가 5분 일찍 나가서 미리 자리 잡고 주문할 테니까 와.
오 센스쟁이! 나도 최대한 빨리 업무 마무리하고 넘어갈게.
삼겹살 좋지. 핑계 훌륭하다. 맛있게 먹고 먼지 싹 내려.
완벽해. 점심시간에 따뜻하게 몸 녹이자. 이따 식당에서 봐!"
881,일반 대화,"비가 며칠째 계속 내리네. 끈적거려서 기분 완전 별로야.
제습기 틀어도 뽀송해지지가 않네. 빨리 장마 끝났으면.
이런 날은 집에 박혀서 공기청정기 풀가동하고 있어야 해.
주말까지 이 날씨가 계속 유지되어야 할 텐데 걱정이네.
막걸리는 내가 살게! 저번에 갔던 그 전집으로 가면 되겠다.
너도 감기 조심해. 이따 점심엔 따뜻한 국물 있는 거 먹자.
요새 기상청 자주 틀리니까 너무 걱정 마. 비 안 올 거야.
오 센스쟁이! 나도 최대한 빨리 업무 마무리하고 넘어갈게.
조심히 오고 비 많이 오니까 우산 튼튼한 걸로 잘 챙겨 와.
내일 맑은 하늘 볼 수 있기를 기대하면서 오늘 푹 쉬자!"
882,일반 대화,"오늘 날씨 진짜 춥지 않아? 귀가 떨어져 나가는 줄 알았어.
제습기 틀어도 뽀송해지지가 않네. 빨리 장마 끝났으면.
이런 날씨엔 한강 가서 돗자리 깔고 누워있어야 하는데 휴.
파전 완전 좋지! 비 오는 날엔 기름진 거 먹어줘야 해.
내일 오후부터는 비 오면서 씻겨 내려간대. 완전 다행이지.
비 오는 건 싫지만 미세먼지 없어지면 환영이야 다행이다.
비 오고 나면 또 추워질 테니까 따뜻하게 챙겨 입어야겠다.
생각만 해도 좋다. 12시 땡 치면 바로 국밥집으로 뛰어가자.
삼겹살 좋지. 핑계 훌륭하다. 맛있게 먹고 먼지 싹 내려.
그것도 좋은 플랜이네. 날씨 어떻게 되나 같이 지켜보자!"
883,일반 대화,"와 오늘 미세먼지 최악이다. 하늘 누렇게 변한 거 봤어?
제습기 틀어도 뽀송해지지가 않네. 빨리 장마 끝났으면.
비 오니까 파전에 막걸리 땡겨. 오늘 퇴근하고 한잔 어때?
파전 완전 좋지! 비 오는 날엔 기름진 거 먹어줘야 해.
내일 오후부터는 비 오면서 씻겨 내려간대. 완전 다행이지.
너도 감기 조심해. 이따 점심엔 따뜻한 국물 있는 거 먹자.
요새 기상청 자주 틀리니까 너무 걱정 마. 비 안 올 거야.
오 센스쟁이! 나도 최대한 빨리 업무 마무리하고 넘어갈게.
홈파티도 재밌지! 비 오면 빔프로젝터 들고 너네 집 갈게.
내일 맑은 하늘 볼 수 있기를 기대하면서 오늘 푹 쉬자!"
884,일반 대화,"와 오늘 미세먼지 최악이다. 하늘 누렇게 변한 거 봤어?
나도 패딩 입을까 하다가 코트 입었는데 완전 후회 중이야.
이런 날은 집에 박혀서 공기청정기 풀가동하고 있어야 해.
파전 완전 좋지! 비 오는 날엔 기름진 거 먹어줘야 해.
막걸리는 내가 살게! 저번에 갔던 그 전집으로 가면 되겠다.
비 오는 건 싫지만 미세먼지 없어지면 환영이야 다행이다.
요새 기상청 자주 틀리니까 너무 걱정 마. 비 안 올 거야.
오늘 저녁엔 삼겹살 구워서 목에 낀 먼지 좀 내려보내야지.
홈파티도 재밌지! 비 오면 빔프로젝터 들고 너네 집 갈게.
그것도 좋은 플랜이네. 날씨 어떻게 되나 같이 지켜보자!"
885,일반 대화,"오늘 날씨 진짜 춥지 않아? 귀가 떨어져 나가는 줄 알았어.
나도 패딩 입을까 하다가 코트 입었는데 완전 후회 중이야.
이런 날은 집에 박혀서 공기청정기 풀가동하고 있어야 해.
주말까지 이 날씨가 계속 유지되어야 할 텐데 걱정이네.
주말에 비 온다는 소식 있던데? 기상청 예보 다시 확인해봐.
헐 진짜? 주말에 캠핑 예약 다 해놨는데 제발 아니었으면.
요새 기상청 자주 틀리니까 너무 걱정 마. 비 안 올 거야.
생각만 해도 좋다. 12시 땡 치면 바로 국밥집으로 뛰어가자.
내가 미리 메뉴도 정해놨어. 수육 국밥으로 통일하는 거콜?
그것도 좋은 플랜이네. 날씨 어떻게 되나 같이 지켜보자!"
886,일반 대화,"비가 며칠째 계속 내리네. 끈적거려서 기분 완전 별로야.
아침에 출근할 때 보니까 기분 좋더라. 막 놀러 가고 싶고.
이런 날은 집에 박혀서 공기청정기 풀가동하고 있어야 해.
내일도 계속 공기 안 좋대? 뉴스에서 혹시 뭐라고 하던?
내일 오후부터는 비 오면서 씻겨 내려간대. 완전 다행이지.
헐 진짜? 주말에 캠핑 예약 다 해놨는데 제발 아니었으면.
좋아. 뜨끈한 국밥 한 그릇 먹으면 몸이 싹 녹을 것 같아.
오 센스쟁이! 나도 최대한 빨리 업무 마무리하고 넘어갈게.
내가 미리 메뉴도 정해놨어. 수육 국밥으로 통일하는 거콜?
그것도 좋은 플랜이네. 날씨 어떻게 되나 같이 지켜보자!"
887,일반 대화,"와 오늘 미세먼지 최악이다. 하늘 누렇게 변한 거 봤어?
나도 패딩 입을까 하다가 코트 입었는데 완전 후회 중이야.
이런 날씨엔 한강 가서 돗자리 깔고 누워있어야 하는데 휴.
내일 무조건 롱패딩 입고 목도리랑 장갑까지 챙겨야겠다.
내일 오후부터는 비 오면서 씻겨 내려간대. 완전 다행이지.
헐 진짜? 주말에 캠핑 예약 다 해놨는데 제발 아니었으면.
비 오고 나면 또 추워질 테니까 따뜻하게 챙겨 입어야겠다.
오 센스쟁이! 나도 최대한 빨리 업무 마무리하고 넘어갈게.
내가 미리 메뉴도 정해놨어. 수육 국밥으로 통일하는 거콜?
알았어 맛있는 파전 먹을 생각하면서 남은 시간 버텨본다!"
888,일반 대화,"비가 며칠째 계속 내리네. 끈적거려서 기분 완전 별로야.
나도 패딩 입을까 하다가 코트 입었는데 완전 후회 중이야.
이런 날은 집에 박혀서 공기청정기 풀가동하고 있어야 해.
파전 완전 좋지! 비 오는 날엔 기름진 거 먹어줘야 해.
주말에 비 온다는 소식 있던데? 기상청 예보 다시 확인해봐.
비 오는 건 싫지만 미세먼지 없어지면 환영이야 다행이다.
내가 5분 일찍 나가서 미리 자리 잡고 주문할 테니까 와.
생각만 해도 좋다. 12시 땡 치면 바로 국밥집으로 뛰어가자.
내가 미리 메뉴도 정해놨어. 수육 국밥으로 통일하는 거콜?
알았어 맛있는 파전 먹을 생각하면서 남은 시간 버텨본다!"
889,일반 대화,"와 오늘 미세먼지 최악이다. 하늘 누렇게 변한 거 봤어?
나도 패딩 입을까 하다가 코트 입었는데 완전 후회 중이야.
비 오니까 파전에 막걸리 땡겨. 오늘 퇴근하고 한잔 어때?
주말까지 이 날씨가 계속 유지되어야 할 텐데 걱정이네.
내일 오후부터는 비 오면서 씻겨 내려간대. 완전 다행이지.
헐 진짜? 주말에 캠핑 예약 다 해놨는데 제발 아니었으면.
내가 5분 일찍 나가서 미리 자리 잡고 주문할 테니까 와.
생각만 해도 좋다. 12시 땡 치면 바로 국밥집으로 뛰어가자.
삼겹살 좋지. 핑계 훌륭하다. 맛있게 먹고 먼지 싹 내려.
내일 맑은 하늘 볼 수 있기를 기대하면서 오늘 푹 쉬자!"
890,일반 대화,"비가 며칠째 계속 내리네. 끈적거려서 기분 완전 별로야.
나도 패딩 입을까 하다가 코트 입었는데 완전 후회 중이야.
내일 영하 10도까지 떨어진대. 외출 금지령 내려야 할 판.
파전 완전 좋지! 비 오는 날엔 기름진 거 먹어줘야 해.
핫팩도 챙겨. 요새 감기 걸리면 병원 가기도 힘드니까.
콜! 늦으면 자리 꽉 차니까 퇴근하자마자 엄청 달려야 해.
좋아. 뜨끈한 국밥 한 그릇 먹으면 몸이 싹 녹을 것 같아.
그랬으면 좋겠다. 만약 비 오면 집에서 홈파티나 해야지 뭐.
홈파티도 재밌지! 비 오면 빔프로젝터 들고 너네 집 갈게.
그것도 좋은 플랜이네. 날씨 어떻게 되나 같이 지켜보자!"
891,일반 대화,"오늘 날씨 진짜 춥지 않아? 귀가 떨어져 나가는 줄 알았어.
나도 패딩 입을까 하다가 코트 입었는데 완전 후회 중이야.
이런 날씨엔 한강 가서 돗자리 깔고 누워있어야 하는데 휴.
파전 완전 좋지! 비 오는 날엔 기름진 거 먹어줘야 해.
내일 오후부터는 비 오면서 씻겨 내려간대. 완전 다행이지.
너도 감기 조심해. 이따 점심엔 따뜻한 국물 있는 거 먹자.
요새 기상청 자주 틀리니까 너무 걱정 마. 비 안 올 거야.
그랬으면 좋겠다. 만약 비 오면 집에서 홈파티나 해야지 뭐.
홈파티도 재밌지! 비 오면 빔프로젝터 들고 너네 집 갈게.
완벽해. 점심시간에 따뜻하게 몸 녹이자. 이따 식당에서 봐!"
892,일반 대화,"비가 며칠째 계속 내리네. 끈적거려서 기분 완전 별로야.
아침에 출근할 때 보니까 기분 좋더라. 막 놀러 가고 싶고.
내일 영하 10도까지 떨어진대. 외출 금지령 내려야 할 판.
파전 완전 좋지! 비 오는 날엔 기름진 거 먹어줘야 해.
내일 오후부터는 비 오면서 씻겨 내려간대. 완전 다행이지.
너도 감기 조심해. 이따 점심엔 따뜻한 국물 있는 거 먹자.
좋아. 뜨끈한 국밥 한 그릇 먹으면 몸이 싹 녹을 것 같아.
그랬으면 좋겠다. 만약 비 오면 집에서 홈파티나 해야지 뭐.
조심히 오고 비 많이 오니까 우산 튼튼한 걸로 잘 챙겨 와.
내일 맑은 하늘 볼 수 있기를 기대하면서 오늘 푹 쉬자!"
893,일반 대화,"와 오늘 미세먼지 최악이다. 하늘 누렇게 변한 거 봤어?
나도 패딩 입을까 하다가 코트 입었는데 완전 후회 중이야.
내일 영하 10도까지 떨어진대. 외출 금지령 내려야 할 판.
내일 무조건 롱패딩 입고 목도리랑 장갑까지 챙겨야겠다.
막걸리는 내가 살게! 저번에 갔던 그 전집으로 가면 되겠다.
헐 진짜? 주말에 캠핑 예약 다 해놨는데 제발 아니었으면.
비 오고 나면 또 추워질 테니까 따뜻하게 챙겨 입어야겠다.
그랬으면 좋겠다. 만약 비 오면 집에서 홈파티나 해야지 뭐.
홈파티도 재밌지! 비 오면 빔프로젝터 들고 너네 집 갈게.
완벽해. 점심시간에 따뜻하게 몸 녹이자. 이따 식당에서 봐!"
894,일반 대화,"와 오늘 미세먼지 최악이다. 하늘 누렇게 변한 거 봤어?
나도 패딩 입을까 하다가 코트 입었는데 완전 후회 중이야.
비 오니까 파전에 막걸리 땡겨. 오늘 퇴근하고 한잔 어때?
내일 무조건 롱패딩 입고 목도리랑 장갑까지 챙겨야겠다.
내일 오후부터는 비 오면서 씻겨 내려간대. 완전 다행이지.
헐 진짜? 주말에 캠핑 예약 다 해놨는데 제발 아니었으면.
비 오고 나면 또 추워질 테니까 따뜻하게 챙겨 입어야겠다.
그랬으면 좋겠다. 만약 비 오면 집에서 홈파티나 해야지 뭐.
홈파티도 재밌지! 비 오면 빔프로젝터 들고 너네 집 갈게.
내일 맑은 하늘 볼 수 있기를 기대하면서 오늘 푹 쉬자!"
895,일반 대화,"와 오늘 미세먼지 최악이다. 하늘 누렇게 변한 거 봤어?
제습기 틀어도 뽀송해지지가 않네. 빨리 장마 끝났으면.
이런 날씨엔 한강 가서 돗자리 깔고 누워있어야 하는데 휴.
내일 무조건 롱패딩 입고 목도리랑 장갑까지 챙겨야겠다.
막걸리는 내가 살게! 저번에 갔던 그 전집으로 가면 되겠다.
너도 감기 조심해. 이따 점심엔 따뜻한 국물 있는 거 먹자.
요새 기상청 자주 틀리니까 너무 걱정 마. 비 안 올 거야.
생각만 해도 좋다. 12시 땡 치면 바로 국밥집으로 뛰어가자.
홈파티도 재밌지! 비 오면 빔프로젝터 들고 너네 집 갈게.
알았어 맛있는 파전 먹을 생각하면서 남은 시간 버텨본다!"
896,일반 대화,"오늘 하늘 맑은 거 봤어? 구름 한 점 없고 진짜 가을 하늘.
제습기 틀어도 뽀송해지지가 않네. 빨리 장마 끝났으면.
비 오니까 파전에 막걸리 땡겨. 오늘 퇴근하고 한잔 어때?
주말까지 이 날씨가 계속 유지되어야 할 텐데 걱정이네.
막걸리는 내가 살게! 저번에 갔던 그 전집으로 가면 되겠다.
비 오는 건 싫지만 미세먼지 없어지면 환영이야 다행이다.
요새 기상청 자주 틀리니까 너무 걱정 마. 비 안 올 거야.
오늘 저녁엔 삼겹살 구워서 목에 낀 먼지 좀 내려보내야지.
내가 미리 메뉴도 정해놨어. 수육 국밥으로 통일하는 거콜?
내일 맑은 하늘 볼 수 있기를 기대하면서 오늘 푹 쉬자!"
897,일반 대화,"와 오늘 미세먼지 최악이다. 하늘 누렇게 변한 거 봤어?
제습기 틀어도 뽀송해지지가 않네. 빨리 장마 끝났으면.
내일 영하 10도까지 떨어진대. 외출 금지령 내려야 할 판.
내일 무조건 롱패딩 입고 목도리랑 장갑까지 챙겨야겠다.
내일 오후부터는 비 오면서 씻겨 내려간대. 완전 다행이지.
헐 진짜? 주말에 캠핑 예약 다 해놨는데 제발 아니었으면.
요새 기상청 자주 틀리니까 너무 걱정 마. 비 안 올 거야.
그랬으면 좋겠다. 만약 비 오면 집에서 홈파티나 해야지 뭐.
조심히 오고 비 많이 오니까 우산 튼튼한 걸로 잘 챙겨 와.
내일 맑은 하늘 볼 수 있기를 기대하면서 오늘 푹 쉬자!"
898,일반 대화,"비가 며칠째 계속 내리네. 끈적거려서 기분 완전 별로야.
마스크 안 썼으면 큰일 날 뻔했어. 숨쉬기도 너무 답답해.
이런 날은 집에 박혀서 공기청정기 풀가동하고 있어야 해.
주말까지 이 날씨가 계속 유지되어야 할 텐데 걱정이네.
내일 오후부터는 비 오면서 씻겨 내려간대. 완전 다행이지.
비 오는 건 싫지만 미세먼지 없어지면 환영이야 다행이다.
요새 기상청 자주 틀리니까 너무 걱정 마. 비 안 올 거야.
오 센스쟁이! 나도 최대한 빨리 업무 마무리하고 넘어갈게.
삼겹살 좋지. 핑계 훌륭하다. 맛있게 먹고 먼지 싹 내려.
완벽해. 점심시간에 따뜻하게 몸 녹이자. 이따 식당에서 봐!"
899,일반 대화,"오늘 날씨 진짜 춥지 않아? 귀가 떨어져 나가는 줄 알았어.
제습기 틀어도 뽀송해지지가 않네. 빨리 장마 끝났으면.
비 오니까 파전에 막걸리 땡겨. 오늘 퇴근하고 한잔 어때?
내일 무조건 롱패딩 입고 목도리랑 장갑까지 챙겨야겠다.
내일 오후부터는 비 오면서 씻겨 내려간대. 완전 다행이지.
너도 감기 조심해. 이따 점심엔 따뜻한 국물 있는 거 먹자.
내가 5분 일찍 나가서 미리 자리 잡고 주문할 테니까 와.
생각만 해도 좋다. 12시 땡 치면 바로 국밥집으로 뛰어가자.
삼겹살 좋지. 핑계 훌륭하다. 맛있게 먹고 먼지 싹 내려.
알았어 맛있는 파전 먹을 생각하면서 남은 시간 버텨본다!"
900,일반 대화,"와 오늘 미세먼지 최악이다. 하늘 누렇게 변한 거 봤어?
마스크 안 썼으면 큰일 날 뻔했어. 숨쉬기도 너무 답답해.
이런 날은 집에 박혀서 공기청정기 풀가동하고 있어야 해.
내일 무조건 롱패딩 입고 목도리랑 장갑까지 챙겨야겠다.
주말에 비 온다는 소식 있던데? 기상청 예보 다시 확인해봐.
콜! 늦으면 자리 꽉 차니까 퇴근하자마자 엄청 달려야 해.
요새 기상청 자주 틀리니까 너무 걱정 마. 비 안 올 거야.
오늘 저녁엔 삼겹살 구워서 목에 낀 먼지 좀 내려보내야지.
삼겹살 좋지. 핑계 훌륭하다. 맛있게 먹고 먼지 싹 내려.
내일 맑은 하늘 볼 수 있기를 기대하면서 오늘 푹 쉬자!"
901,일반 대화,"와 오늘 미세먼지 최악이다. 하늘 누렇게 변한 거 봤어?
제습기 틀어도 뽀송해지지가 않네. 빨리 장마 끝났으면.
이런 날씨엔 한강 가서 돗자리 깔고 누워있어야 하는데 휴.
내일 무조건 롱패딩 입고 목도리랑 장갑까지 챙겨야겠다.
주말에 비 온다는 소식 있던데? 기상청 예보 다시 확인해봐.
헐 진짜? 주말에 캠핑 예약 다 해놨는데 제발 아니었으면.
비 오고 나면 또 추워질 테니까 따뜻하게 챙겨 입어야겠다.
오 센스쟁이! 나도 최대한 빨리 업무 마무리하고 넘어갈게.
삼겹살 좋지. 핑계 훌륭하다. 맛있게 먹고 먼지 싹 내려.
완벽해. 점심시간에 따뜻하게 몸 녹이자. 이따 식당에서 봐!"
902,일반 대화,"오늘 날씨 진짜 춥지 않아? 귀가 떨어져 나가는 줄 알았어.
마스크 안 썼으면 큰일 날 뻔했어. 숨쉬기도 너무 답답해.
내일 영하 10도까지 떨어진대. 외출 금지령 내려야 할 판.
파전 완전 좋지! 비 오는 날엔 기름진 거 먹어줘야 해.
주말에 비 온다는 소식 있던데? 기상청 예보 다시 확인해봐.
비 오는 건 싫지만 미세먼지 없어지면 환영이야 다행이다.
좋아. 뜨끈한 국밥 한 그릇 먹으면 몸이 싹 녹을 것 같아.
그랬으면 좋겠다. 만약 비 오면 집에서 홈파티나 해야지 뭐.
삼겹살 좋지. 핑계 훌륭하다. 맛있게 먹고 먼지 싹 내려.
그것도 좋은 플랜이네. 날씨 어떻게 되나 같이 지켜보자!"
903,일반 대화,"오늘 날씨 진짜 춥지 않아? 귀가 떨어져 나가는 줄 알았어.
마스크 안 썼으면 큰일 날 뻔했어. 숨쉬기도 너무 답답해.
비 오니까 파전에 막걸리 땡겨. 오늘 퇴근하고 한잔 어때?
파전 완전 좋지! 비 오는 날엔 기름진 거 먹어줘야 해.
내일 오후부터는 비 오면서 씻겨 내려간대. 완전 다행이지.
콜! 늦으면 자리 꽉 차니까 퇴근하자마자 엄청 달려야 해.
좋아. 뜨끈한 국밥 한 그릇 먹으면 몸이 싹 녹을 것 같아.
그랬으면 좋겠다. 만약 비 오면 집에서 홈파티나 해야지 뭐.
내가 미리 메뉴도 정해놨어. 수육 국밥으로 통일하는 거콜?
완벽해. 점심시간에 따뜻하게 몸 녹이자. 이따 식당에서 봐!"
904,일반 대화,"와 오늘 미세먼지 최악이다. 하늘 누렇게 변한 거 봤어?
나도 패딩 입을까 하다가 코트 입었는데 완전 후회 중이야.
이런 날은 집에 박혀서 공기청정기 풀가동하고 있어야 해.
주말까지 이 날씨가 계속 유지되어야 할 텐데 걱정이네.
핫팩도 챙겨. 요새 감기 걸리면 병원 가기도 힘드니까.
콜! 늦으면 자리 꽉 차니까 퇴근하자마자 엄청 달려야 해.
요새 기상청 자주 틀리니까 너무 걱정 마. 비 안 올 거야.
오늘 저녁엔 삼겹살 구워서 목에 낀 먼지 좀 내려보내야지.
조심히 오고 비 많이 오니까 우산 튼튼한 걸로 잘 챙겨 와.
완벽해. 점심시간에 따뜻하게 몸 녹이자. 이따 식당에서 봐!"
905,일반 대화,"오늘 날씨 진짜 춥지 않아? 귀가 떨어져 나가는 줄 알았어.
나도 패딩 입을까 하다가 코트 입었는데 완전 후회 중이야.
이런 날은 집에 박혀서 공기청정기 풀가동하고 있어야 해.
파전 완전 좋지! 비 오는 날엔 기름진 거 먹어줘야 해.
주말에 비 온다는 소식 있던데? 기상청 예보 다시 확인해봐.
비 오는 건 싫지만 미세먼지 없어지면 환영이야 다행이다.
요새 기상청 자주 틀리니까 너무 걱정 마. 비 안 올 거야.
그랬으면 좋겠다. 만약 비 오면 집에서 홈파티나 해야지 뭐.
조심히 오고 비 많이 오니까 우산 튼튼한 걸로 잘 챙겨 와.
완벽해. 점심시간에 따뜻하게 몸 녹이자. 이따 식당에서 봐!"
906,일반 대화,"와 오늘 미세먼지 최악이다. 하늘 누렇게 변한 거 봤어?
마스크 안 썼으면 큰일 날 뻔했어. 숨쉬기도 너무 답답해.
비 오니까 파전에 막걸리 땡겨. 오늘 퇴근하고 한잔 어때?
내일도 계속 공기 안 좋대? 뉴스에서 혹시 뭐라고 하던?
막걸리는 내가 살게! 저번에 갔던 그 전집으로 가면 되겠다.
너도 감기 조심해. 이따 점심엔 따뜻한 국물 있는 거 먹자.
내가 5분 일찍 나가서 미리 자리 잡고 주문할 테니까 와.
오 센스쟁이! 나도 최대한 빨리 업무 마무리하고 넘어갈게.
홈파티도 재밌지! 비 오면 빔프로젝터 들고 너네 집 갈게.
그것도 좋은 플랜이네. 날씨 어떻게 되나 같이 지켜보자!"
907,일반 대화,"오늘 날씨 진짜 춥지 않아? 귀가 떨어져 나가는 줄 알았어.
제습기 틀어도 뽀송해지지가 않네. 빨리 장마 끝났으면.
내일 영하 10도까지 떨어진대. 외출 금지령 내려야 할 판.
내일 무조건 롱패딩 입고 목도리랑 장갑까지 챙겨야겠다.
핫팩도 챙겨. 요새 감기 걸리면 병원 가기도 힘드니까.
콜! 늦으면 자리 꽉 차니까 퇴근하자마자 엄청 달려야 해.
좋아. 뜨끈한 국밥 한 그릇 먹으면 몸이 싹 녹을 것 같아.
생각만 해도 좋다. 12시 땡 치면 바로 국밥집으로 뛰어가자.
내가 미리 메뉴도 정해놨어. 수육 국밥으로 통일하는 거콜?
알았어 맛있는 파전 먹을 생각하면서 남은 시간 버텨본다!"
908,일반 대화,"와 오늘 미세먼지 최악이다. 하늘 누렇게 변한 거 봤어?
마스크 안 썼으면 큰일 날 뻔했어. 숨쉬기도 너무 답답해.
이런 날은 집에 박혀서 공기청정기 풀가동하고 있어야 해.
주말까지 이 날씨가 계속 유지되어야 할 텐데 걱정이네.
막걸리는 내가 살게! 저번에 갔던 그 전집으로 가면 되겠다.
헐 진짜? 주말에 캠핑 예약 다 해놨는데 제발 아니었으면.
내가 5분 일찍 나가서 미리 자리 잡고 주문할 테니까 와.
그랬으면 좋겠다. 만약 비 오면 집에서 홈파티나 해야지 뭐.
내가 미리 메뉴도 정해놨어. 수육 국밥으로 통일하는 거콜?
알았어 맛있는 파전 먹을 생각하면서 남은 시간 버텨본다!"
909,일반 대화,"비가 며칠째 계속 내리네. 끈적거려서 기분 완전 별로야.
나도 패딩 입을까 하다가 코트 입었는데 완전 후회 중이야.
비 오니까 파전에 막걸리 땡겨. 오늘 퇴근하고 한잔 어때?
내일 무조건 롱패딩 입고 목도리랑 장갑까지 챙겨야겠다.
핫팩도 챙겨. 요새 감기 걸리면 병원 가기도 힘드니까.
비 오는 건 싫지만 미세먼지 없어지면 환영이야 다행이다.
좋아. 뜨끈한 국밥 한 그릇 먹으면 몸이 싹 녹을 것 같아.
생각만 해도 좋다. 12시 땡 치면 바로 국밥집으로 뛰어가자.
홈파티도 재밌지! 비 오면 빔프로젝터 들고 너네 집 갈게.
알았어 맛있는 파전 먹을 생각하면서 남은 시간 버텨본다!"
910,일반 대화,"비가 며칠째 계속 내리네. 끈적거려서 기분 완전 별로야.
나도 패딩 입을까 하다가 코트 입었는데 완전 후회 중이야.
이런 날은 집에 박혀서 공기청정기 풀가동하고 있어야 해.
내일도 계속 공기 안 좋대? 뉴스에서 혹시 뭐라고 하던?
막걸리는 내가 살게! 저번에 갔던 그 전집으로 가면 되겠다.
헐 진짜? 주말에 캠핑 예약 다 해놨는데 제발 아니었으면.
내가 5분 일찍 나가서 미리 자리 잡고 주문할 테니까 와.
그랬으면 좋겠다. 만약 비 오면 집에서 홈파티나 해야지 뭐.
삼겹살 좋지. 핑계 훌륭하다. 맛있게 먹고 먼지 싹 내려.
완벽해. 점심시간에 따뜻하게 몸 녹이자. 이따 식당에서 봐!"
911,일반 대화,"비가 며칠째 계속 내리네. 끈적거려서 기분 완전 별로야.
아침에 출근할 때 보니까 기분 좋더라. 막 놀러 가고 싶고.
이런 날은 집에 박혀서 공기청정기 풀가동하고 있어야 해.
내일도 계속 공기 안 좋대? 뉴스에서 혹시 뭐라고 하던?
핫팩도 챙겨. 요새 감기 걸리면 병원 가기도 힘드니까.
너도 감기 조심해. 이따 점심엔 따뜻한 국물 있는 거 먹자.
요새 기상청 자주 틀리니까 너무 걱정 마. 비 안 올 거야.
오늘 저녁엔 삼겹살 구워서 목에 낀 먼지 좀 내려보내야지.
조심히 오고 비 많이 오니까 우산 튼튼한 걸로 잘 챙겨 와.
그것도 좋은 플랜이네. 날씨 어떻게 되나 같이 지켜보자!"
912,일반 대화,"오늘 날씨 진짜 춥지 않아? 귀가 떨어져 나가는 줄 알았어.
아침에 출근할 때 보니까 기분 좋더라. 막 놀러 가고 싶고.
이런 날은 집에 박혀서 공기청정기 풀가동하고 있어야 해.
파전 완전 좋지! 비 오는 날엔 기름진 거 먹어줘야 해.
주말에 비 온다는 소식 있던데? 기상청 예보 다시 확인해봐.
콜! 늦으면 자리 꽉 차니까 퇴근하자마자 엄청 달려야 해.
비 오고 나면 또 추워질 테니까 따뜻하게 챙겨 입어야겠다.
오늘 저녁엔 삼겹살 구워서 목에 낀 먼지 좀 내려보내야지.
홈파티도 재밌지! 비 오면 빔프로젝터 들고 너네 집 갈게.
내일 맑은 하늘 볼 수 있기를 기대하면서 오늘 푹 쉬자!"
913,일반 대화,"와 오늘 미세먼지 최악이다. 하늘 누렇게 변한 거 봤어?
제습기 틀어도 뽀송해지지가 않네. 빨리 장마 끝났으면.
내일 영하 10도까지 떨어진대. 외출 금지령 내려야 할 판.
주말까지 이 날씨가 계속 유지되어야 할 텐데 걱정이네.
핫팩도 챙겨. 요새 감기 걸리면 병원 가기도 힘드니까.
콜! 늦으면 자리 꽉 차니까 퇴근하자마자 엄청 달려야 해.
요새 기상청 자주 틀리니까 너무 걱정 마. 비 안 올 거야.
생각만 해도 좋다. 12시 땡 치면 바로 국밥집으로 뛰어가자.
내가 미리 메뉴도 정해놨어. 수육 국밥으로 통일하는 거콜?
그것도 좋은 플랜이네. 날씨 어떻게 되나 같이 지켜보자!"
914,일반 대화,"와 오늘 미세먼지 최악이다. 하늘 누렇게 변한 거 봤어?
아침에 출근할 때 보니까 기분 좋더라. 막 놀러 가고 싶고.
이런 날씨엔 한강 가서 돗자리 깔고 누워있어야 하는데 휴.
내일 무조건 롱패딩 입고 목도리랑 장갑까지 챙겨야겠다.
막걸리는 내가 살게! 저번에 갔던 그 전집으로 가면 되겠다.
콜! 늦으면 자리 꽉 차니까 퇴근하자마자 엄청 달려야 해.
좋아. 뜨끈한 국밥 한 그릇 먹으면 몸이 싹 녹을 것 같아.
생각만 해도 좋다. 12시 땡 치면 바로 국밥집으로 뛰어가자.
삼겹살 좋지. 핑계 훌륭하다. 맛있게 먹고 먼지 싹 내려.
내일 맑은 하늘 볼 수 있기를 기대하면서 오늘 푹 쉬자!"
915,일반 대화,"비가 며칠째 계속 내리네. 끈적거려서 기분 완전 별로야.
제습기 틀어도 뽀송해지지가 않네. 빨리 장마 끝났으면.
이런 날은 집에 박혀서 공기청정기 풀가동하고 있어야 해.
내일도 계속 공기 안 좋대? 뉴스에서 혹시 뭐라고 하던?
내일 오후부터는 비 오면서 씻겨 내려간대. 완전 다행이지.
비 오는 건 싫지만 미세먼지 없어지면 환영이야 다행이다.
내가 5분 일찍 나가서 미리 자리 잡고 주문할 테니까 와.
오 센스쟁이! 나도 최대한 빨리 업무 마무리하고 넘어갈게.
홈파티도 재밌지! 비 오면 빔프로젝터 들고 너네 집 갈게.
완벽해. 점심시간에 따뜻하게 몸 녹이자. 이따 식당에서 봐!"
916,일반 대화,"오늘 하늘 맑은 거 봤어? 구름 한 점 없고 진짜 가을 하늘.
나도 패딩 입을까 하다가 코트 입었는데 완전 후회 중이야.
이런 날은 집에 박혀서 공기청정기 풀가동하고 있어야 해.
파전 완전 좋지! 비 오는 날엔 기름진 거 먹어줘야 해.
주말에 비 온다는 소식 있던데? 기상청 예보 다시 확인해봐.
너도 감기 조심해. 이따 점심엔 따뜻한 국물 있는 거 먹자.
요새 기상청 자주 틀리니까 너무 걱정 마. 비 안 올 거야.
생각만 해도 좋다. 12시 땡 치면 바로 국밥집으로 뛰어가자.
홈파티도 재밌지! 비 오면 빔프로젝터 들고 너네 집 갈게.
알았어 맛있는 파전 먹을 생각하면서 남은 시간 버텨본다!"
917,일반 대화,"비가 며칠째 계속 내리네. 끈적거려서 기분 완전 별로야.
마스크 안 썼으면 큰일 날 뻔했어. 숨쉬기도 너무 답답해.
비 오니까 파전에 막걸리 땡겨. 오늘 퇴근하고 한잔 어때?
내일도 계속 공기 안 좋대? 뉴스에서 혹시 뭐라고 하던?
막걸리는 내가 살게! 저번에 갔던 그 전집으로 가면 되겠다.
너도 감기 조심해. 이따 점심엔 따뜻한 국물 있는 거 먹자.
내가 5분 일찍 나가서 미리 자리 잡고 주문할 테니까 와.
오늘 저녁엔 삼겹살 구워서 목에 낀 먼지 좀 내려보내야지.
홈파티도 재밌지! 비 오면 빔프로젝터 들고 너네 집 갈게.
완벽해. 점심시간에 따뜻하게 몸 녹이자. 이따 식당에서 봐!"
918,일반 대화,"비가 며칠째 계속 내리네. 끈적거려서 기분 완전 별로야.
제습기 틀어도 뽀송해지지가 않네. 빨리 장마 끝났으면.
비 오니까 파전에 막걸리 땡겨. 오늘 퇴근하고 한잔 어때?
주말까지 이 날씨가 계속 유지되어야 할 텐데 걱정이네.
내일 오후부터는 비 오면서 씻겨 내려간대. 완전 다행이지.
헐 진짜? 주말에 캠핑 예약 다 해놨는데 제발 아니었으면.
내가 5분 일찍 나가서 미리 자리 잡고 주문할 테니까 와.
오늘 저녁엔 삼겹살 구워서 목에 낀 먼지 좀 내려보내야지.
홈파티도 재밌지! 비 오면 빔프로젝터 들고 너네 집 갈게.
내일 맑은 하늘 볼 수 있기를 기대하면서 오늘 푹 쉬자!"
919,일반 대화,"비가 며칠째 계속 내리네. 끈적거려서 기분 완전 별로야.
마스크 안 썼으면 큰일 날 뻔했어. 숨쉬기도 너무 답답해.
비 오니까 파전에 막걸리 땡겨. 오늘 퇴근하고 한잔 어때?
주말까지 이 날씨가 계속 유지되어야 할 텐데 걱정이네.
내일 오후부터는 비 오면서 씻겨 내려간대. 완전 다행이지.
콜! 늦으면 자리 꽉 차니까 퇴근하자마자 엄청 달려야 해.
좋아. 뜨끈한 국밥 한 그릇 먹으면 몸이 싹 녹을 것 같아.
생각만 해도 좋다. 12시 땡 치면 바로 국밥집으로 뛰어가자.
홈파티도 재밌지! 비 오면 빔프로젝터 들고 너네 집 갈게.
완벽해. 점심시간에 따뜻하게 몸 녹이자. 이따 식당에서 봐!"
920,일반 대화,"와 오늘 미세먼지 최악이다. 하늘 누렇게 변한 거 봤어?
마스크 안 썼으면 큰일 날 뻔했어. 숨쉬기도 너무 답답해.
이런 날씨엔 한강 가서 돗자리 깔고 누워있어야 하는데 휴.
파전 완전 좋지! 비 오는 날엔 기름진 거 먹어줘야 해.
내일 오후부터는 비 오면서 씻겨 내려간대. 완전 다행이지.
너도 감기 조심해. 이따 점심엔 따뜻한 국물 있는 거 먹자.
내가 5분 일찍 나가서 미리 자리 잡고 주문할 테니까 와.
오늘 저녁엔 삼겹살 구워서 목에 낀 먼지 좀 내려보내야지.
조심히 오고 비 많이 오니까 우산 튼튼한 걸로 잘 챙겨 와.
완벽해. 점심시간에 따뜻하게 몸 녹이자. 이따 식당에서 봐!"
921,일반 대화,"와 오늘 미세먼지 최악이다. 하늘 누렇게 변한 거 봤어?
아침에 출근할 때 보니까 기분 좋더라. 막 놀러 가고 싶고.
이런 날은 집에 박혀서 공기청정기 풀가동하고 있어야 해.
내일도 계속 공기 안 좋대? 뉴스에서 혹시 뭐라고 하던?
핫팩도 챙겨. 요새 감기 걸리면 병원 가기도 힘드니까.
콜! 늦으면 자리 꽉 차니까 퇴근하자마자 엄청 달려야 해.
내가 5분 일찍 나가서 미리 자리 잡고 주문할 테니까 와.
그랬으면 좋겠다. 만약 비 오면 집에서 홈파티나 해야지 뭐.
삼겹살 좋지. 핑계 훌륭하다. 맛있게 먹고 먼지 싹 내려.
알았어 맛있는 파전 먹을 생각하면서 남은 시간 버텨본다!"
922,일반 대화,"오늘 하늘 맑은 거 봤어? 구름 한 점 없고 진짜 가을 하늘.
아침에 출근할 때 보니까 기분 좋더라. 막 놀러 가고 싶고.
이런 날씨엔 한강 가서 돗자리 깔고 누워있어야 하는데 휴.
내일도 계속 공기 안 좋대? 뉴스에서 혹시 뭐라고 하던?
핫팩도 챙겨. 요새 감기 걸리면 병원 가기도 힘드니까.
헐 진짜? 주말에 캠핑 예약 다 해놨는데 제발 아니었으면.
요새 기상청 자주 틀리니까 너무 걱정 마. 비 안 올 거야.
생각만 해도 좋다. 12시 땡 치면 바로 국밥집으로 뛰어가자.
삼겹살 좋지. 핑계 훌륭하다. 맛있게 먹고 먼지 싹 내려.
완벽해. 점심시간에 따뜻하게 몸 녹이자. 이따 식당에서 봐!"
923,일반 대화,"와 오늘 미세먼지 최악이다. 하늘 누렇게 변한 거 봤어?
아침에 출근할 때 보니까 기분 좋더라. 막 놀러 가고 싶고.
내일 영하 10도까지 떨어진대. 외출 금지령 내려야 할 판.
내일 무조건 롱패딩 입고 목도리랑 장갑까지 챙겨야겠다.
막걸리는 내가 살게! 저번에 갔던 그 전집으로 가면 되겠다.
너도 감기 조심해. 이따 점심엔 따뜻한 국물 있는 거 먹자.
요새 기상청 자주 틀리니까 너무 걱정 마. 비 안 올 거야.
오늘 저녁엔 삼겹살 구워서 목에 낀 먼지 좀 내려보내야지.
삼겹살 좋지. 핑계 훌륭하다. 맛있게 먹고 먼지 싹 내려.
그것도 좋은 플랜이네. 날씨 어떻게 되나 같이 지켜보자!"
924,일반 대화,"와 오늘 미세먼지 최악이다. 하늘 누렇게 변한 거 봤어?
나도 패딩 입을까 하다가 코트 입었는데 완전 후회 중이야.
비 오니까 파전에 막걸리 땡겨. 오늘 퇴근하고 한잔 어때?
내일도 계속 공기 안 좋대? 뉴스에서 혹시 뭐라고 하던?
주말에 비 온다는 소식 있던데? 기상청 예보 다시 확인해봐.
비 오는 건 싫지만 미세먼지 없어지면 환영이야 다행이다.
비 오고 나면 또 추워질 테니까 따뜻하게 챙겨 입어야겠다.
오늘 저녁엔 삼겹살 구워서 목에 낀 먼지 좀 내려보내야지.
홈파티도 재밌지! 비 오면 빔프로젝터 들고 너네 집 갈게.
내일 맑은 하늘 볼 수 있기를 기대하면서 오늘 푹 쉬자!"
925,일반 대화,"와 오늘 미세먼지 최악이다. 하늘 누렇게 변한 거 봤어?
마스크 안 썼으면 큰일 날 뻔했어. 숨쉬기도 너무 답답해.
이런 날씨엔 한강 가서 돗자리 깔고 누워있어야 하는데 휴.
주말까지 이 날씨가 계속 유지되어야 할 텐데 걱정이네.
주말에 비 온다는 소식 있던데? 기상청 예보 다시 확인해봐.
콜! 늦으면 자리 꽉 차니까 퇴근하자마자 엄청 달려야 해.
요새 기상청 자주 틀리니까 너무 걱정 마. 비 안 올 거야.
오늘 저녁엔 삼겹살 구워서 목에 낀 먼지 좀 내려보내야지.
내가 미리 메뉴도 정해놨어. 수육 국밥으로 통일하는 거콜?
내일 맑은 하늘 볼 수 있기를 기대하면서 오늘 푹 쉬자!"
926,일반 대화,"비가 며칠째 계속 내리네. 끈적거려서 기분 완전 별로야.
제습기 틀어도 뽀송해지지가 않네. 빨리 장마 끝났으면.
비 오니까 파전에 막걸리 땡겨. 오늘 퇴근하고 한잔 어때?
파전 완전 좋지! 비 오는 날엔 기름진 거 먹어줘야 해.
내일 오후부터는 비 오면서 씻겨 내려간대. 완전 다행이지.
비 오는 건 싫지만 미세먼지 없어지면 환영이야 다행이다.
요새 기상청 자주 틀리니까 너무 걱정 마. 비 안 올 거야.
그랬으면 좋겠다. 만약 비 오면 집에서 홈파티나 해야지 뭐.
조심히 오고 비 많이 오니까 우산 튼튼한 걸로 잘 챙겨 와.
그것도 좋은 플랜이네. 날씨 어떻게 되나 같이 지켜보자!"
927,일반 대화,"오늘 날씨 진짜 춥지 않아? 귀가 떨어져 나가는 줄 알았어.
아침에 출근할 때 보니까 기분 좋더라. 막 놀러 가고 싶고.
내일 영하 10도까지 떨어진대. 외출 금지령 내려야 할 판.
주말까지 이 날씨가 계속 유지되어야 할 텐데 걱정이네.
주말에 비 온다는 소식 있던데? 기상청 예보 다시 확인해봐.
비 오는 건 싫지만 미세먼지 없어지면 환영이야 다행이다.
요새 기상청 자주 틀리니까 너무 걱정 마. 비 안 올 거야.
그랬으면 좋겠다. 만약 비 오면 집에서 홈파티나 해야지 뭐.
내가 미리 메뉴도 정해놨어. 수육 국밥으로 통일하는 거콜?
알았어 맛있는 파전 먹을 생각하면서 남은 시간 버텨본다!"
928,일반 대화,"비가 며칠째 계속 내리네. 끈적거려서 기분 완전 별로야.
마스크 안 썼으면 큰일 날 뻔했어. 숨쉬기도 너무 답답해.
이런 날씨엔 한강 가서 돗자리 깔고 누워있어야 하는데 휴.
내일도 계속 공기 안 좋대? 뉴스에서 혹시 뭐라고 하던?
내일 오후부터는 비 오면서 씻겨 내려간대. 완전 다행이지.
콜! 늦으면 자리 꽉 차니까 퇴근하자마자 엄청 달려야 해.
좋아. 뜨끈한 국밥 한 그릇 먹으면 몸이 싹 녹을 것 같아.
생각만 해도 좋다. 12시 땡 치면 바로 국밥집으로 뛰어가자.
삼겹살 좋지. 핑계 훌륭하다. 맛있게 먹고 먼지 싹 내려.
알았어 맛있는 파전 먹을 생각하면서 남은 시간 버텨본다!"
929,일반 대화,"오늘 하늘 맑은 거 봤어? 구름 한 점 없고 진짜 가을 하늘.
나도 패딩 입을까 하다가 코트 입었는데 완전 후회 중이야.
내일 영하 10도까지 떨어진대. 외출 금지령 내려야 할 판.
주말까지 이 날씨가 계속 유지되어야 할 텐데 걱정이네.
핫팩도 챙겨. 요새 감기 걸리면 병원 가기도 힘드니까.
콜! 늦으면 자리 꽉 차니까 퇴근하자마자 엄청 달려야 해.
요새 기상청 자주 틀리니까 너무 걱정 마. 비 안 올 거야.
생각만 해도 좋다. 12시 땡 치면 바로 국밥집으로 뛰어가자.
삼겹살 좋지. 핑계 훌륭하다. 맛있게 먹고 먼지 싹 내려.
내일 맑은 하늘 볼 수 있기를 기대하면서 오늘 푹 쉬자!"
930,일반 대화,"와 오늘 미세먼지 최악이다. 하늘 누렇게 변한 거 봤어?
아침에 출근할 때 보니까 기분 좋더라. 막 놀러 가고 싶고.
비 오니까 파전에 막걸리 땡겨. 오늘 퇴근하고 한잔 어때?
내일도 계속 공기 안 좋대? 뉴스에서 혹시 뭐라고 하던?
핫팩도 챙겨. 요새 감기 걸리면 병원 가기도 힘드니까.
헐 진짜? 주말에 캠핑 예약 다 해놨는데 제발 아니었으면.
요새 기상청 자주 틀리니까 너무 걱정 마. 비 안 올 거야.
생각만 해도 좋다. 12시 땡 치면 바로 국밥집으로 뛰어가자.
삼겹살 좋지. 핑계 훌륭하다. 맛있게 먹고 먼지 싹 내려.
내일 맑은 하늘 볼 수 있기를 기대하면서 오늘 푹 쉬자!"
931,일반 대화,"오늘 날씨 진짜 춥지 않아? 귀가 떨어져 나가는 줄 알았어.
제습기 틀어도 뽀송해지지가 않네. 빨리 장마 끝났으면.
이런 날은 집에 박혀서 공기청정기 풀가동하고 있어야 해.
주말까지 이 날씨가 계속 유지되어야 할 텐데 걱정이네.
막걸리는 내가 살게! 저번에 갔던 그 전집으로 가면 되겠다.
콜! 늦으면 자리 꽉 차니까 퇴근하자마자 엄청 달려야 해.
요새 기상청 자주 틀리니까 너무 걱정 마. 비 안 올 거야.
그랬으면 좋겠다. 만약 비 오면 집에서 홈파티나 해야지 뭐.
조심히 오고 비 많이 오니까 우산 튼튼한 걸로 잘 챙겨 와.
완벽해. 점심시간에 따뜻하게 몸 녹이자. 이따 식당에서 봐!"
932,일반 대화,"오늘 날씨 진짜 춥지 않아? 귀가 떨어져 나가는 줄 알았어.
아침에 출근할 때 보니까 기분 좋더라. 막 놀러 가고 싶고.
이런 날은 집에 박혀서 공기청정기 풀가동하고 있어야 해.
내일도 계속 공기 안 좋대? 뉴스에서 혹시 뭐라고 하던?
주말에 비 온다는 소식 있던데? 기상청 예보 다시 확인해봐.
비 오는 건 싫지만 미세먼지 없어지면 환영이야 다행이다.
좋아. 뜨끈한 국밥 한 그릇 먹으면 몸이 싹 녹을 것 같아.
오늘 저녁엔 삼겹살 구워서 목에 낀 먼지 좀 내려보내야지.
삼겹살 좋지. 핑계 훌륭하다. 맛있게 먹고 먼지 싹 내려.
그것도 좋은 플랜이네. 날씨 어떻게 되나 같이 지켜보자!"
933,일반 대화,"오늘 하늘 맑은 거 봤어? 구름 한 점 없고 진짜 가을 하늘.
제습기 틀어도 뽀송해지지가 않네. 빨리 장마 끝났으면.
이런 날은 집에 박혀서 공기청정기 풀가동하고 있어야 해.
내일도 계속 공기 안 좋대? 뉴스에서 혹시 뭐라고 하던?
막걸리는 내가 살게! 저번에 갔던 그 전집으로 가면 되겠다.
콜! 늦으면 자리 꽉 차니까 퇴근하자마자 엄청 달려야 해.
내가 5분 일찍 나가서 미리 자리 잡고 주문할 테니까 와.
그랬으면 좋겠다. 만약 비 오면 집에서 홈파티나 해야지 뭐.
삼겹살 좋지. 핑계 훌륭하다. 맛있게 먹고 먼지 싹 내려.
내일 맑은 하늘 볼 수 있기를 기대하면서 오늘 푹 쉬자!"
934,일반 대화,"오늘 하늘 맑은 거 봤어? 구름 한 점 없고 진짜 가을 하늘.
제습기 틀어도 뽀송해지지가 않네. 빨리 장마 끝났으면.
이런 날씨엔 한강 가서 돗자리 깔고 누워있어야 하는데 휴.
내일 무조건 롱패딩 입고 목도리랑 장갑까지 챙겨야겠다.
핫팩도 챙겨. 요새 감기 걸리면 병원 가기도 힘드니까.
너도 감기 조심해. 이따 점심엔 따뜻한 국물 있는 거 먹자.
비 오고 나면 또 추워질 테니까 따뜻하게 챙겨 입어야겠다.
오 센스쟁이! 나도 최대한 빨리 업무 마무리하고 넘어갈게.
삼겹살 좋지. 핑계 훌륭하다. 맛있게 먹고 먼지 싹 내려.
알았어 맛있는 파전 먹을 생각하면서 남은 시간 버텨본다!"
935,일반 대화,"오늘 날씨 진짜 춥지 않아? 귀가 떨어져 나가는 줄 알았어.
마스크 안 썼으면 큰일 날 뻔했어. 숨쉬기도 너무 답답해.
이런 날씨엔 한강 가서 돗자리 깔고 누워있어야 하는데 휴.
주말까지 이 날씨가 계속 유지되어야 할 텐데 걱정이네.
내일 오후부터는 비 오면서 씻겨 내려간대. 완전 다행이지.
콜! 늦으면 자리 꽉 차니까 퇴근하자마자 엄청 달려야 해.
내가 5분 일찍 나가서 미리 자리 잡고 주문할 테니까 와.
오늘 저녁엔 삼겹살 구워서 목에 낀 먼지 좀 내려보내야지.
조심히 오고 비 많이 오니까 우산 튼튼한 걸로 잘 챙겨 와.
내일 맑은 하늘 볼 수 있기를 기대하면서 오늘 푹 쉬자!"
936,일반 대화,"와 오늘 미세먼지 최악이다. 하늘 누렇게 변한 거 봤어?
제습기 틀어도 뽀송해지지가 않네. 빨리 장마 끝났으면.
이런 날은 집에 박혀서 공기청정기 풀가동하고 있어야 해.
내일 무조건 롱패딩 입고 목도리랑 장갑까지 챙겨야겠다.
주말에 비 온다는 소식 있던데? 기상청 예보 다시 확인해봐.
비 오는 건 싫지만 미세먼지 없어지면 환영이야 다행이다.
좋아. 뜨끈한 국밥 한 그릇 먹으면 몸이 싹 녹을 것 같아.
그랬으면 좋겠다. 만약 비 오면 집에서 홈파티나 해야지 뭐.
홈파티도 재밌지! 비 오면 빔프로젝터 들고 너네 집 갈게.
그것도 좋은 플랜이네. 날씨 어떻게 되나 같이 지켜보자!"
937,일반 대화,"오늘 하늘 맑은 거 봤어? 구름 한 점 없고 진짜 가을 하늘.
제습기 틀어도 뽀송해지지가 않네. 빨리 장마 끝났으면.
이런 날은 집에 박혀서 공기청정기 풀가동하고 있어야 해.
주말까지 이 날씨가 계속 유지되어야 할 텐데 걱정이네.
내일 오후부터는 비 오면서 씻겨 내려간대. 완전 다행이지.
비 오는 건 싫지만 미세먼지 없어지면 환영이야 다행이다.
비 오고 나면 또 추워질 테니까 따뜻하게 챙겨 입어야겠다.
오늘 저녁엔 삼겹살 구워서 목에 낀 먼지 좀 내려보내야지.
삼겹살 좋지. 핑계 훌륭하다. 맛있게 먹고 먼지 싹 내려.
내일 맑은 하늘 볼 수 있기를 기대하면서 오늘 푹 쉬자!"
938,일반 대화,"오늘 하늘 맑은 거 봤어? 구름 한 점 없고 진짜 가을 하늘.
제습기 틀어도 뽀송해지지가 않네. 빨리 장마 끝났으면.
이런 날은 집에 박혀서 공기청정기 풀가동하고 있어야 해.
파전 완전 좋지! 비 오는 날엔 기름진 거 먹어줘야 해.
핫팩도 챙겨. 요새 감기 걸리면 병원 가기도 힘드니까.
비 오는 건 싫지만 미세먼지 없어지면 환영이야 다행이다.
요새 기상청 자주 틀리니까 너무 걱정 마. 비 안 올 거야.
생각만 해도 좋다. 12시 땡 치면 바로 국밥집으로 뛰어가자.
홈파티도 재밌지! 비 오면 빔프로젝터 들고 너네 집 갈게.
내일 맑은 하늘 볼 수 있기를 기대하면서 오늘 푹 쉬자!"
939,일반 대화,"오늘 하늘 맑은 거 봤어? 구름 한 점 없고 진짜 가을 하늘.
마스크 안 썼으면 큰일 날 뻔했어. 숨쉬기도 너무 답답해.
이런 날씨엔 한강 가서 돗자리 깔고 누워있어야 하는데 휴.
파전 완전 좋지! 비 오는 날엔 기름진 거 먹어줘야 해.
주말에 비 온다는 소식 있던데? 기상청 예보 다시 확인해봐.
헐 진짜? 주말에 캠핑 예약 다 해놨는데 제발 아니었으면.
요새 기상청 자주 틀리니까 너무 걱정 마. 비 안 올 거야.
그랬으면 좋겠다. 만약 비 오면 집에서 홈파티나 해야지 뭐.
삼겹살 좋지. 핑계 훌륭하다. 맛있게 먹고 먼지 싹 내려.
그것도 좋은 플랜이네. 날씨 어떻게 되나 같이 지켜보자!"
940,일반 대화,"와 오늘 미세먼지 최악이다. 하늘 누렇게 변한 거 봤어?
나도 패딩 입을까 하다가 코트 입었는데 완전 후회 중이야.
비 오니까 파전에 막걸리 땡겨. 오늘 퇴근하고 한잔 어때?
내일 무조건 롱패딩 입고 목도리랑 장갑까지 챙겨야겠다.
주말에 비 온다는 소식 있던데? 기상청 예보 다시 확인해봐.
콜! 늦으면 자리 꽉 차니까 퇴근하자마자 엄청 달려야 해.
좋아. 뜨끈한 국밥 한 그릇 먹으면 몸이 싹 녹을 것 같아.
생각만 해도 좋다. 12시 땡 치면 바로 국밥집으로 뛰어가자.
내가 미리 메뉴도 정해놨어. 수육 국밥으로 통일하는 거콜?
완벽해. 점심시간에 따뜻하게 몸 녹이자. 이따 식당에서 봐!"
941,일반 대화,"오늘 날씨 진짜 춥지 않아? 귀가 떨어져 나가는 줄 알았어.
마스크 안 썼으면 큰일 날 뻔했어. 숨쉬기도 너무 답답해.
이런 날은 집에 박혀서 공기청정기 풀가동하고 있어야 해.
내일 무조건 롱패딩 입고 목도리랑 장갑까지 챙겨야겠다.
핫팩도 챙겨. 요새 감기 걸리면 병원 가기도 힘드니까.
콜! 늦으면 자리 꽉 차니까 퇴근하자마자 엄청 달려야 해.
내가 5분 일찍 나가서 미리 자리 잡고 주문할 테니까 와.
오늘 저녁엔 삼겹살 구워서 목에 낀 먼지 좀 내려보내야지.
삼겹살 좋지. 핑계 훌륭하다. 맛있게 먹고 먼지 싹 내려.
그것도 좋은 플랜이네. 날씨 어떻게 되나 같이 지켜보자!"
942,일반 대화,"오늘 날씨 진짜 춥지 않아? 귀가 떨어져 나가는 줄 알았어.
마스크 안 썼으면 큰일 날 뻔했어. 숨쉬기도 너무 답답해.
이런 날씨엔 한강 가서 돗자리 깔고 누워있어야 하는데 휴.
주말까지 이 날씨가 계속 유지되어야 할 텐데 걱정이네.
내일 오후부터는 비 오면서 씻겨 내려간대. 완전 다행이지.
헐 진짜? 주말에 캠핑 예약 다 해놨는데 제발 아니었으면.
좋아. 뜨끈한 국밥 한 그릇 먹으면 몸이 싹 녹을 것 같아.
생각만 해도 좋다. 12시 땡 치면 바로 국밥집으로 뛰어가자.
내가 미리 메뉴도 정해놨어. 수육 국밥으로 통일하는 거콜?
알았어 맛있는 파전 먹을 생각하면서 남은 시간 버텨본다!"
943,일반 대화,"오늘 날씨 진짜 춥지 않아? 귀가 떨어져 나가는 줄 알았어.
제습기 틀어도 뽀송해지지가 않네. 빨리 장마 끝났으면.
비 오니까 파전에 막걸리 땡겨. 오늘 퇴근하고 한잔 어때?
주말까지 이 날씨가 계속 유지되어야 할 텐데 걱정이네.
내일 오후부터는 비 오면서 씻겨 내려간대. 완전 다행이지.
비 오는 건 싫지만 미세먼지 없어지면 환영이야 다행이다.
좋아. 뜨끈한 국밥 한 그릇 먹으면 몸이 싹 녹을 것 같아.
그랬으면 좋겠다. 만약 비 오면 집에서 홈파티나 해야지 뭐.
내가 미리 메뉴도 정해놨어. 수육 국밥으로 통일하는 거콜?
그것도 좋은 플랜이네. 날씨 어떻게 되나 같이 지켜보자!"
944,일반 대화,"비가 며칠째 계속 내리네. 끈적거려서 기분 완전 별로야.
제습기 틀어도 뽀송해지지가 않네. 빨리 장마 끝났으면.
내일 영하 10도까지 떨어진대. 외출 금지령 내려야 할 판.
내일 무조건 롱패딩 입고 목도리랑 장갑까지 챙겨야겠다.
내일 오후부터는 비 오면서 씻겨 내려간대. 완전 다행이지.
너도 감기 조심해. 이따 점심엔 따뜻한 국물 있는 거 먹자.
비 오고 나면 또 추워질 테니까 따뜻하게 챙겨 입어야겠다.
그랬으면 좋겠다. 만약 비 오면 집에서 홈파티나 해야지 뭐.
내가 미리 메뉴도 정해놨어. 수육 국밥으로 통일하는 거콜?
내일 맑은 하늘 볼 수 있기를 기대하면서 오늘 푹 쉬자!"
945,일반 대화,"오늘 하늘 맑은 거 봤어? 구름 한 점 없고 진짜 가을 하늘.
마스크 안 썼으면 큰일 날 뻔했어. 숨쉬기도 너무 답답해.
내일 영하 10도까지 떨어진대. 외출 금지령 내려야 할 판.
파전 완전 좋지! 비 오는 날엔 기름진 거 먹어줘야 해.
내일 오후부터는 비 오면서 씻겨 내려간대. 완전 다행이지.
너도 감기 조심해. 이따 점심엔 따뜻한 국물 있는 거 먹자.
요새 기상청 자주 틀리니까 너무 걱정 마. 비 안 올 거야.
오늘 저녁엔 삼겹살 구워서 목에 낀 먼지 좀 내려보내야지.
조심히 오고 비 많이 오니까 우산 튼튼한 걸로 잘 챙겨 와.
완벽해. 점심시간에 따뜻하게 몸 녹이자. 이따 식당에서 봐!"
946,일반 대화,"오늘 하늘 맑은 거 봤어? 구름 한 점 없고 진짜 가을 하늘.
제습기 틀어도 뽀송해지지가 않네. 빨리 장마 끝났으면.
비 오니까 파전에 막걸리 땡겨. 오늘 퇴근하고 한잔 어때?
주말까지 이 날씨가 계속 유지되어야 할 텐데 걱정이네.
내일 오후부터는 비 오면서 씻겨 내려간대. 완전 다행이지.
비 오는 건 싫지만 미세먼지 없어지면 환영이야 다행이다.
비 오고 나면 또 추워질 테니까 따뜻하게 챙겨 입어야겠다.
그랬으면 좋겠다. 만약 비 오면 집에서 홈파티나 해야지 뭐.
삼겹살 좋지. 핑계 훌륭하다. 맛있게 먹고 먼지 싹 내려.
완벽해. 점심시간에 따뜻하게 몸 녹이자. 이따 식당에서 봐!"
947,일반 대화,"오늘 하늘 맑은 거 봤어? 구름 한 점 없고 진짜 가을 하늘.
나도 패딩 입을까 하다가 코트 입었는데 완전 후회 중이야.
이런 날은 집에 박혀서 공기청정기 풀가동하고 있어야 해.
내일 무조건 롱패딩 입고 목도리랑 장갑까지 챙겨야겠다.
핫팩도 챙겨. 요새 감기 걸리면 병원 가기도 힘드니까.
비 오는 건 싫지만 미세먼지 없어지면 환영이야 다행이다.
내가 5분 일찍 나가서 미리 자리 잡고 주문할 테니까 와.
생각만 해도 좋다. 12시 땡 치면 바로 국밥집으로 뛰어가자.
내가 미리 메뉴도 정해놨어. 수육 국밥으로 통일하는 거콜?
완벽해. 점심시간에 따뜻하게 몸 녹이자. 이따 식당에서 봐!"
948,일반 대화,"비가 며칠째 계속 내리네. 끈적거려서 기분 완전 별로야.
제습기 틀어도 뽀송해지지가 않네. 빨리 장마 끝났으면.
이런 날은 집에 박혀서 공기청정기 풀가동하고 있어야 해.
주말까지 이 날씨가 계속 유지되어야 할 텐데 걱정이네.
막걸리는 내가 살게! 저번에 갔던 그 전집으로 가면 되겠다.
비 오는 건 싫지만 미세먼지 없어지면 환영이야 다행이다.
요새 기상청 자주 틀리니까 너무 걱정 마. 비 안 올 거야.
오 센스쟁이! 나도 최대한 빨리 업무 마무리하고 넘어갈게.
삼겹살 좋지. 핑계 훌륭하다. 맛있게 먹고 먼지 싹 내려.
그것도 좋은 플랜이네. 날씨 어떻게 되나 같이 지켜보자!"
949,일반 대화,"비가 며칠째 계속 내리네. 끈적거려서 기분 완전 별로야.
나도 패딩 입을까 하다가 코트 입었는데 완전 후회 중이야.
내일 영하 10도까지 떨어진대. 외출 금지령 내려야 할 판.
내일 무조건 롱패딩 입고 목도리랑 장갑까지 챙겨야겠다.
내일 오후부터는 비 오면서 씻겨 내려간대. 완전 다행이지.
콜! 늦으면 자리 꽉 차니까 퇴근하자마자 엄청 달려야 해.
내가 5분 일찍 나가서 미리 자리 잡고 주문할 테니까 와.
생각만 해도 좋다. 12시 땡 치면 바로 국밥집으로 뛰어가자.
내가 미리 메뉴도 정해놨어. 수육 국밥으로 통일하는 거콜?
그것도 좋은 플랜이네. 날씨 어떻게 되나 같이 지켜보자!"
950,일반 대화,"비가 며칠째 계속 내리네. 끈적거려서 기분 완전 별로야.
마스크 안 썼으면 큰일 날 뻔했어. 숨쉬기도 너무 답답해.
내일 영하 10도까지 떨어진대. 외출 금지령 내려야 할 판.
내일도 계속 공기 안 좋대? 뉴스에서 혹시 뭐라고 하던?
내일 오후부터는 비 오면서 씻겨 내려간대. 완전 다행이지.
비 오는 건 싫지만 미세먼지 없어지면 환영이야 다행이다.
좋아. 뜨끈한 국밥 한 그릇 먹으면 몸이 싹 녹을 것 같아.
생각만 해도 좋다. 12시 땡 치면 바로 국밥집으로 뛰어가자.
홈파티도 재밌지! 비 오면 빔프로젝터 들고 너네 집 갈게.
내일 맑은 하늘 볼 수 있기를 기대하면서 오늘 푹 쉬자!"
951,일반 대화,"오늘 하늘 맑은 거 봤어? 구름 한 점 없고 진짜 가을 하늘.
나도 패딩 입을까 하다가 코트 입었는데 완전 후회 중이야.
이런 날은 집에 박혀서 공기청정기 풀가동하고 있어야 해.
내일 무조건 롱패딩 입고 목도리랑 장갑까지 챙겨야겠다.
내일 오후부터는 비 오면서 씻겨 내려간대. 완전 다행이지.
너도 감기 조심해. 이따 점심엔 따뜻한 국물 있는 거 먹자.
요새 기상청 자주 틀리니까 너무 걱정 마. 비 안 올 거야.
오 센스쟁이! 나도 최대한 빨리 업무 마무리하고 넘어갈게.
내가 미리 메뉴도 정해놨어. 수육 국밥으로 통일하는 거콜?
내일 맑은 하늘 볼 수 있기를 기대하면서 오늘 푹 쉬자!"
952,일반 대화,"와 오늘 미세먼지 최악이다. 하늘 누렇게 변한 거 봤어?
제습기 틀어도 뽀송해지지가 않네. 빨리 장마 끝났으면.
비 오니까 파전에 막걸리 땡겨. 오늘 퇴근하고 한잔 어때?
파전 완전 좋지! 비 오는 날엔 기름진 거 먹어줘야 해.
내일 오후부터는 비 오면서 씻겨 내려간대. 완전 다행이지.
너도 감기 조심해. 이따 점심엔 따뜻한 국물 있는 거 먹자.
내가 5분 일찍 나가서 미리 자리 잡고 주문할 테니까 와.
오늘 저녁엔 삼겹살 구워서 목에 낀 먼지 좀 내려보내야지.
홈파티도 재밌지! 비 오면 빔프로젝터 들고 너네 집 갈게.
그것도 좋은 플랜이네. 날씨 어떻게 되나 같이 지켜보자!"
953,일반 대화,"오늘 날씨 진짜 춥지 않아? 귀가 떨어져 나가는 줄 알았어.
나도 패딩 입을까 하다가 코트 입었는데 완전 후회 중이야.
비 오니까 파전에 막걸리 땡겨. 오늘 퇴근하고 한잔 어때?
내일도 계속 공기 안 좋대? 뉴스에서 혹시 뭐라고 하던?
핫팩도 챙겨. 요새 감기 걸리면 병원 가기도 힘드니까.
콜! 늦으면 자리 꽉 차니까 퇴근하자마자 엄청 달려야 해.
내가 5분 일찍 나가서 미리 자리 잡고 주문할 테니까 와.
그랬으면 좋겠다. 만약 비 오면 집에서 홈파티나 해야지 뭐.
삼겹살 좋지. 핑계 훌륭하다. 맛있게 먹고 먼지 싹 내려.
그것도 좋은 플랜이네. 날씨 어떻게 되나 같이 지켜보자!"
954,일반 대화,"오늘 날씨 진짜 춥지 않아? 귀가 떨어져 나가는 줄 알았어.
나도 패딩 입을까 하다가 코트 입었는데 완전 후회 중이야.
이런 날씨엔 한강 가서 돗자리 깔고 누워있어야 하는데 휴.
주말까지 이 날씨가 계속 유지되어야 할 텐데 걱정이네.
내일 오후부터는 비 오면서 씻겨 내려간대. 완전 다행이지.
콜! 늦으면 자리 꽉 차니까 퇴근하자마자 엄청 달려야 해.
좋아. 뜨끈한 국밥 한 그릇 먹으면 몸이 싹 녹을 것 같아.
오늘 저녁엔 삼겹살 구워서 목에 낀 먼지 좀 내려보내야지.
삼겹살 좋지. 핑계 훌륭하다. 맛있게 먹고 먼지 싹 내려.
알았어 맛있는 파전 먹을 생각하면서 남은 시간 버텨본다!"
955,일반 대화,"와 오늘 미세먼지 최악이다. 하늘 누렇게 변한 거 봤어?
아침에 출근할 때 보니까 기분 좋더라. 막 놀러 가고 싶고.
내일 영하 10도까지 떨어진대. 외출 금지령 내려야 할 판.
내일도 계속 공기 안 좋대? 뉴스에서 혹시 뭐라고 하던?
주말에 비 온다는 소식 있던데? 기상청 예보 다시 확인해봐.
콜! 늦으면 자리 꽉 차니까 퇴근하자마자 엄청 달려야 해.
내가 5분 일찍 나가서 미리 자리 잡고 주문할 테니까 와.
오 센스쟁이! 나도 최대한 빨리 업무 마무리하고 넘어갈게.
삼겹살 좋지. 핑계 훌륭하다. 맛있게 먹고 먼지 싹 내려.
내일 맑은 하늘 볼 수 있기를 기대하면서 오늘 푹 쉬자!"
956,일반 대화,"오늘 하늘 맑은 거 봤어? 구름 한 점 없고 진짜 가을 하늘.
마스크 안 썼으면 큰일 날 뻔했어. 숨쉬기도 너무 답답해.
비 오니까 파전에 막걸리 땡겨. 오늘 퇴근하고 한잔 어때?
내일 무조건 롱패딩 입고 목도리랑 장갑까지 챙겨야겠다.
막걸리는 내가 살게! 저번에 갔던 그 전집으로 가면 되겠다.
콜! 늦으면 자리 꽉 차니까 퇴근하자마자 엄청 달려야 해.
비 오고 나면 또 추워질 테니까 따뜻하게 챙겨 입어야겠다.
생각만 해도 좋다. 12시 땡 치면 바로 국밥집으로 뛰어가자.
조심히 오고 비 많이 오니까 우산 튼튼한 걸로 잘 챙겨 와.
완벽해. 점심시간에 따뜻하게 몸 녹이자. 이따 식당에서 봐!"
957,일반 대화,"와 오늘 미세먼지 최악이다. 하늘 누렇게 변한 거 봤어?
아침에 출근할 때 보니까 기분 좋더라. 막 놀러 가고 싶고.
이런 날씨엔 한강 가서 돗자리 깔고 누워있어야 하는데 휴.
내일 무조건 롱패딩 입고 목도리랑 장갑까지 챙겨야겠다.
막걸리는 내가 살게! 저번에 갔던 그 전집으로 가면 되겠다.
헐 진짜? 주말에 캠핑 예약 다 해놨는데 제발 아니었으면.
내가 5분 일찍 나가서 미리 자리 잡고 주문할 테니까 와.
그랬으면 좋겠다. 만약 비 오면 집에서 홈파티나 해야지 뭐.
홈파티도 재밌지! 비 오면 빔프로젝터 들고 너네 집 갈게.
완벽해. 점심시간에 따뜻하게 몸 녹이자. 이따 식당에서 봐!"
958,일반 대화,"비가 며칠째 계속 내리네. 끈적거려서 기분 완전 별로야.
나도 패딩 입을까 하다가 코트 입었는데 완전 후회 중이야.
비 오니까 파전에 막걸리 땡겨. 오늘 퇴근하고 한잔 어때?
내일도 계속 공기 안 좋대? 뉴스에서 혹시 뭐라고 하던?
핫팩도 챙겨. 요새 감기 걸리면 병원 가기도 힘드니까.
너도 감기 조심해. 이따 점심엔 따뜻한 국물 있는 거 먹자.
내가 5분 일찍 나가서 미리 자리 잡고 주문할 테니까 와.
그랬으면 좋겠다. 만약 비 오면 집에서 홈파티나 해야지 뭐.
내가 미리 메뉴도 정해놨어. 수육 국밥으로 통일하는 거콜?
완벽해. 점심시간에 따뜻하게 몸 녹이자. 이따 식당에서 봐!"
959,일반 대화,"오늘 하늘 맑은 거 봤어? 구름 한 점 없고 진짜 가을 하늘.
제습기 틀어도 뽀송해지지가 않네. 빨리 장마 끝났으면.
내일 영하 10도까지 떨어진대. 외출 금지령 내려야 할 판.
내일 무조건 롱패딩 입고 목도리랑 장갑까지 챙겨야겠다.
주말에 비 온다는 소식 있던데? 기상청 예보 다시 확인해봐.
콜! 늦으면 자리 꽉 차니까 퇴근하자마자 엄청 달려야 해.
요새 기상청 자주 틀리니까 너무 걱정 마. 비 안 올 거야.
생각만 해도 좋다. 12시 땡 치면 바로 국밥집으로 뛰어가자.
내가 미리 메뉴도 정해놨어. 수육 국밥으로 통일하는 거콜?
그것도 좋은 플랜이네. 날씨 어떻게 되나 같이 지켜보자!"
960,일반 대화,"오늘 하늘 맑은 거 봤어? 구름 한 점 없고 진짜 가을 하늘.
제습기 틀어도 뽀송해지지가 않네. 빨리 장마 끝났으면.
이런 날은 집에 박혀서 공기청정기 풀가동하고 있어야 해.
주말까지 이 날씨가 계속 유지되어야 할 텐데 걱정이네.
핫팩도 챙겨. 요새 감기 걸리면 병원 가기도 힘드니까.
너도 감기 조심해. 이따 점심엔 따뜻한 국물 있는 거 먹자.
요새 기상청 자주 틀리니까 너무 걱정 마. 비 안 올 거야.
오늘 저녁엔 삼겹살 구워서 목에 낀 먼지 좀 내려보내야지.
내가 미리 메뉴도 정해놨어. 수육 국밥으로 통일하는 거콜?
그것도 좋은 플랜이네. 날씨 어떻게 되나 같이 지켜보자!"
961,일반 대화,"오늘 날씨 진짜 춥지 않아? 귀가 떨어져 나가는 줄 알았어.
마스크 안 썼으면 큰일 날 뻔했어. 숨쉬기도 너무 답답해.
이런 날씨엔 한강 가서 돗자리 깔고 누워있어야 하는데 휴.
내일 무조건 롱패딩 입고 목도리랑 장갑까지 챙겨야겠다.
핫팩도 챙겨. 요새 감기 걸리면 병원 가기도 힘드니까.
너도 감기 조심해. 이따 점심엔 따뜻한 국물 있는 거 먹자.
좋아. 뜨끈한 국밥 한 그릇 먹으면 몸이 싹 녹을 것 같아.
오늘 저녁엔 삼겹살 구워서 목에 낀 먼지 좀 내려보내야지.
삼겹살 좋지. 핑계 훌륭하다. 맛있게 먹고 먼지 싹 내려.
알았어 맛있는 파전 먹을 생각하면서 남은 시간 버텨본다!"
962,일반 대화,"오늘 하늘 맑은 거 봤어? 구름 한 점 없고 진짜 가을 하늘.
마스크 안 썼으면 큰일 날 뻔했어. 숨쉬기도 너무 답답해.
비 오니까 파전에 막걸리 땡겨. 오늘 퇴근하고 한잔 어때?
파전 완전 좋지! 비 오는 날엔 기름진 거 먹어줘야 해.
핫팩도 챙겨. 요새 감기 걸리면 병원 가기도 힘드니까.
헐 진짜? 주말에 캠핑 예약 다 해놨는데 제발 아니었으면.
비 오고 나면 또 추워질 테니까 따뜻하게 챙겨 입어야겠다.
생각만 해도 좋다. 12시 땡 치면 바로 국밥집으로 뛰어가자.
내가 미리 메뉴도 정해놨어. 수육 국밥으로 통일하는 거콜?
그것도 좋은 플랜이네. 날씨 어떻게 되나 같이 지켜보자!"
963,일반 대화,"와 오늘 미세먼지 최악이다. 하늘 누렇게 변한 거 봤어?
마스크 안 썼으면 큰일 날 뻔했어. 숨쉬기도 너무 답답해.
이런 날은 집에 박혀서 공기청정기 풀가동하고 있어야 해.
내일도 계속 공기 안 좋대? 뉴스에서 혹시 뭐라고 하던?
핫팩도 챙겨. 요새 감기 걸리면 병원 가기도 힘드니까.
너도 감기 조심해. 이따 점심엔 따뜻한 국물 있는 거 먹자.
비 오고 나면 또 추워질 테니까 따뜻하게 챙겨 입어야겠다.
그랬으면 좋겠다. 만약 비 오면 집에서 홈파티나 해야지 뭐.
홈파티도 재밌지! 비 오면 빔프로젝터 들고 너네 집 갈게.
완벽해. 점심시간에 따뜻하게 몸 녹이자. 이따 식당에서 봐!"
964,일반 대화,"비가 며칠째 계속 내리네. 끈적거려서 기분 완전 별로야.
제습기 틀어도 뽀송해지지가 않네. 빨리 장마 끝났으면.
이런 날씨엔 한강 가서 돗자리 깔고 누워있어야 하는데 휴.
내일 무조건 롱패딩 입고 목도리랑 장갑까지 챙겨야겠다.
내일 오후부터는 비 오면서 씻겨 내려간대. 완전 다행이지.
너도 감기 조심해. 이따 점심엔 따뜻한 국물 있는 거 먹자.
좋아. 뜨끈한 국밥 한 그릇 먹으면 몸이 싹 녹을 것 같아.
생각만 해도 좋다. 12시 땡 치면 바로 국밥집으로 뛰어가자.
홈파티도 재밌지! 비 오면 빔프로젝터 들고 너네 집 갈게.
내일 맑은 하늘 볼 수 있기를 기대하면서 오늘 푹 쉬자!"
965,일반 대화,"오늘 하늘 맑은 거 봤어? 구름 한 점 없고 진짜 가을 하늘.
제습기 틀어도 뽀송해지지가 않네. 빨리 장마 끝났으면.
내일 영하 10도까지 떨어진대. 외출 금지령 내려야 할 판.
내일도 계속 공기 안 좋대? 뉴스에서 혹시 뭐라고 하던?
막걸리는 내가 살게! 저번에 갔던 그 전집으로 가면 되겠다.
비 오는 건 싫지만 미세먼지 없어지면 환영이야 다행이다.
내가 5분 일찍 나가서 미리 자리 잡고 주문할 테니까 와.
오 센스쟁이! 나도 최대한 빨리 업무 마무리하고 넘어갈게.
조심히 오고 비 많이 오니까 우산 튼튼한 걸로 잘 챙겨 와.
내일 맑은 하늘 볼 수 있기를 기대하면서 오늘 푹 쉬자!"
966,일반 대화,"비가 며칠째 계속 내리네. 끈적거려서 기분 완전 별로야.
제습기 틀어도 뽀송해지지가 않네. 빨리 장마 끝났으면.
이런 날은 집에 박혀서 공기청정기 풀가동하고 있어야 해.
내일 무조건 롱패딩 입고 목도리랑 장갑까지 챙겨야겠다.
막걸리는 내가 살게! 저번에 갔던 그 전집으로 가면 되겠다.
헐 진짜? 주말에 캠핑 예약 다 해놨는데 제발 아니었으면.
요새 기상청 자주 틀리니까 너무 걱정 마. 비 안 올 거야.
그랬으면 좋겠다. 만약 비 오면 집에서 홈파티나 해야지 뭐.
내가 미리 메뉴도 정해놨어. 수육 국밥으로 통일하는 거콜?
완벽해. 점심시간에 따뜻하게 몸 녹이자. 이따 식당에서 봐!"
967,일반 대화,"비가 며칠째 계속 내리네. 끈적거려서 기분 완전 별로야.
아침에 출근할 때 보니까 기분 좋더라. 막 놀러 가고 싶고.
비 오니까 파전에 막걸리 땡겨. 오늘 퇴근하고 한잔 어때?
주말까지 이 날씨가 계속 유지되어야 할 텐데 걱정이네.
주말에 비 온다는 소식 있던데? 기상청 예보 다시 확인해봐.
콜! 늦으면 자리 꽉 차니까 퇴근하자마자 엄청 달려야 해.
요새 기상청 자주 틀리니까 너무 걱정 마. 비 안 올 거야.
오 센스쟁이! 나도 최대한 빨리 업무 마무리하고 넘어갈게.
홈파티도 재밌지! 비 오면 빔프로젝터 들고 너네 집 갈게.
그것도 좋은 플랜이네. 날씨 어떻게 되나 같이 지켜보자!"
968,일반 대화,"오늘 하늘 맑은 거 봤어? 구름 한 점 없고 진짜 가을 하늘.
나도 패딩 입을까 하다가 코트 입었는데 완전 후회 중이야.
이런 날은 집에 박혀서 공기청정기 풀가동하고 있어야 해.
주말까지 이 날씨가 계속 유지되어야 할 텐데 걱정이네.
핫팩도 챙겨. 요새 감기 걸리면 병원 가기도 힘드니까.
비 오는 건 싫지만 미세먼지 없어지면 환영이야 다행이다.
요새 기상청 자주 틀리니까 너무 걱정 마. 비 안 올 거야.
생각만 해도 좋다. 12시 땡 치면 바로 국밥집으로 뛰어가자.
삼겹살 좋지. 핑계 훌륭하다. 맛있게 먹고 먼지 싹 내려.
완벽해. 점심시간에 따뜻하게 몸 녹이자. 이따 식당에서 봐!"
969,일반 대화,"오늘 날씨 진짜 춥지 않아? 귀가 떨어져 나가는 줄 알았어.
마스크 안 썼으면 큰일 날 뻔했어. 숨쉬기도 너무 답답해.
이런 날은 집에 박혀서 공기청정기 풀가동하고 있어야 해.
파전 완전 좋지! 비 오는 날엔 기름진 거 먹어줘야 해.
주말에 비 온다는 소식 있던데? 기상청 예보 다시 확인해봐.
콜! 늦으면 자리 꽉 차니까 퇴근하자마자 엄청 달려야 해.
좋아. 뜨끈한 국밥 한 그릇 먹으면 몸이 싹 녹을 것 같아.
오늘 저녁엔 삼겹살 구워서 목에 낀 먼지 좀 내려보내야지.
내가 미리 메뉴도 정해놨어. 수육 국밥으로 통일하는 거콜?
내일 맑은 하늘 볼 수 있기를 기대하면서 오늘 푹 쉬자!"
970,일반 대화,"오늘 하늘 맑은 거 봤어? 구름 한 점 없고 진짜 가을 하늘.
제습기 틀어도 뽀송해지지가 않네. 빨리 장마 끝났으면.
비 오니까 파전에 막걸리 땡겨. 오늘 퇴근하고 한잔 어때?
파전 완전 좋지! 비 오는 날엔 기름진 거 먹어줘야 해.
핫팩도 챙겨. 요새 감기 걸리면 병원 가기도 힘드니까.
헐 진짜? 주말에 캠핑 예약 다 해놨는데 제발 아니었으면.
요새 기상청 자주 틀리니까 너무 걱정 마. 비 안 올 거야.
오늘 저녁엔 삼겹살 구워서 목에 낀 먼지 좀 내려보내야지.
삼겹살 좋지. 핑계 훌륭하다. 맛있게 먹고 먼지 싹 내려.
알았어 맛있는 파전 먹을 생각하면서 남은 시간 버텨본다!"
971,일반 대화,"비가 며칠째 계속 내리네. 끈적거려서 기분 완전 별로야.
아침에 출근할 때 보니까 기분 좋더라. 막 놀러 가고 싶고.
이런 날씨엔 한강 가서 돗자리 깔고 누워있어야 하는데 휴.
내일도 계속 공기 안 좋대? 뉴스에서 혹시 뭐라고 하던?
막걸리는 내가 살게! 저번에 갔던 그 전집으로 가면 되겠다.
비 오는 건 싫지만 미세먼지 없어지면 환영이야 다행이다.
좋아. 뜨끈한 국밥 한 그릇 먹으면 몸이 싹 녹을 것 같아.
그랬으면 좋겠다. 만약 비 오면 집에서 홈파티나 해야지 뭐.
삼겹살 좋지. 핑계 훌륭하다. 맛있게 먹고 먼지 싹 내려.
그것도 좋은 플랜이네. 날씨 어떻게 되나 같이 지켜보자!"
972,일반 대화,"비가 며칠째 계속 내리네. 끈적거려서 기분 완전 별로야.
제습기 틀어도 뽀송해지지가 않네. 빨리 장마 끝났으면.
이런 날은 집에 박혀서 공기청정기 풀가동하고 있어야 해.
파전 완전 좋지! 비 오는 날엔 기름진 거 먹어줘야 해.
핫팩도 챙겨. 요새 감기 걸리면 병원 가기도 힘드니까.
비 오는 건 싫지만 미세먼지 없어지면 환영이야 다행이다.
좋아. 뜨끈한 국밥 한 그릇 먹으면 몸이 싹 녹을 것 같아.
그랬으면 좋겠다. 만약 비 오면 집에서 홈파티나 해야지 뭐.
내가 미리 메뉴도 정해놨어. 수육 국밥으로 통일하는 거콜?
완벽해. 점심시간에 따뜻하게 몸 녹이자. 이따 식당에서 봐!"
973,일반 대화,"오늘 하늘 맑은 거 봤어? 구름 한 점 없고 진짜 가을 하늘.
나도 패딩 입을까 하다가 코트 입었는데 완전 후회 중이야.
이런 날은 집에 박혀서 공기청정기 풀가동하고 있어야 해.
주말까지 이 날씨가 계속 유지되어야 할 텐데 걱정이네.
내일 오후부터는 비 오면서 씻겨 내려간대. 완전 다행이지.
콜! 늦으면 자리 꽉 차니까 퇴근하자마자 엄청 달려야 해.
내가 5분 일찍 나가서 미리 자리 잡고 주문할 테니까 와.
그랬으면 좋겠다. 만약 비 오면 집에서 홈파티나 해야지 뭐.
삼겹살 좋지. 핑계 훌륭하다. 맛있게 먹고 먼지 싹 내려.
알았어 맛있는 파전 먹을 생각하면서 남은 시간 버텨본다!"
974,일반 대화,"오늘 날씨 진짜 춥지 않아? 귀가 떨어져 나가는 줄 알았어.
제습기 틀어도 뽀송해지지가 않네. 빨리 장마 끝났으면.
내일 영하 10도까지 떨어진대. 외출 금지령 내려야 할 판.
파전 완전 좋지! 비 오는 날엔 기름진 거 먹어줘야 해.
주말에 비 온다는 소식 있던데? 기상청 예보 다시 확인해봐.
콜! 늦으면 자리 꽉 차니까 퇴근하자마자 엄청 달려야 해.
좋아. 뜨끈한 국밥 한 그릇 먹으면 몸이 싹 녹을 것 같아.
생각만 해도 좋다. 12시 땡 치면 바로 국밥집으로 뛰어가자.
홈파티도 재밌지! 비 오면 빔프로젝터 들고 너네 집 갈게.
그것도 좋은 플랜이네. 날씨 어떻게 되나 같이 지켜보자!"
975,일반 대화,"오늘 하늘 맑은 거 봤어? 구름 한 점 없고 진짜 가을 하늘.
아침에 출근할 때 보니까 기분 좋더라. 막 놀러 가고 싶고.
이런 날씨엔 한강 가서 돗자리 깔고 누워있어야 하는데 휴.
내일도 계속 공기 안 좋대? 뉴스에서 혹시 뭐라고 하던?
내일 오후부터는 비 오면서 씻겨 내려간대. 완전 다행이지.
비 오는 건 싫지만 미세먼지 없어지면 환영이야 다행이다.
내가 5분 일찍 나가서 미리 자리 잡고 주문할 테니까 와.
오 센스쟁이! 나도 최대한 빨리 업무 마무리하고 넘어갈게.
삼겹살 좋지. 핑계 훌륭하다. 맛있게 먹고 먼지 싹 내려.
완벽해. 점심시간에 따뜻하게 몸 녹이자. 이따 식당에서 봐!"
976,일반 대화,"오늘 날씨 진짜 춥지 않아? 귀가 떨어져 나가는 줄 알았어.
제습기 틀어도 뽀송해지지가 않네. 빨리 장마 끝났으면.
비 오니까 파전에 막걸리 땡겨. 오늘 퇴근하고 한잔 어때?
내일 무조건 롱패딩 입고 목도리랑 장갑까지 챙겨야겠다.
막걸리는 내가 살게! 저번에 갔던 그 전집으로 가면 되겠다.
헐 진짜? 주말에 캠핑 예약 다 해놨는데 제발 아니었으면.
좋아. 뜨끈한 국밥 한 그릇 먹으면 몸이 싹 녹을 것 같아.
오늘 저녁엔 삼겹살 구워서 목에 낀 먼지 좀 내려보내야지.
내가 미리 메뉴도 정해놨어. 수육 국밥으로 통일하는 거콜?
그것도 좋은 플랜이네. 날씨 어떻게 되나 같이 지켜보자!"
977,일반 대화,"오늘 하늘 맑은 거 봤어? 구름 한 점 없고 진짜 가을 하늘.
나도 패딩 입을까 하다가 코트 입었는데 완전 후회 중이야.
이런 날은 집에 박혀서 공기청정기 풀가동하고 있어야 해.
내일도 계속 공기 안 좋대? 뉴스에서 혹시 뭐라고 하던?
막걸리는 내가 살게! 저번에 갔던 그 전집으로 가면 되겠다.
콜! 늦으면 자리 꽉 차니까 퇴근하자마자 엄청 달려야 해.
좋아. 뜨끈한 국밥 한 그릇 먹으면 몸이 싹 녹을 것 같아.
생각만 해도 좋다. 12시 땡 치면 바로 국밥집으로 뛰어가자.
조심히 오고 비 많이 오니까 우산 튼튼한 걸로 잘 챙겨 와.
알았어 맛있는 파전 먹을 생각하면서 남은 시간 버텨본다!"
978,일반 대화,"오늘 날씨 진짜 춥지 않아? 귀가 떨어져 나가는 줄 알았어.
마스크 안 썼으면 큰일 날 뻔했어. 숨쉬기도 너무 답답해.
이런 날은 집에 박혀서 공기청정기 풀가동하고 있어야 해.
파전 완전 좋지! 비 오는 날엔 기름진 거 먹어줘야 해.
막걸리는 내가 살게! 저번에 갔던 그 전집으로 가면 되겠다.
너도 감기 조심해. 이따 점심엔 따뜻한 국물 있는 거 먹자.
요새 기상청 자주 틀리니까 너무 걱정 마. 비 안 올 거야.
오 센스쟁이! 나도 최대한 빨리 업무 마무리하고 넘어갈게.
내가 미리 메뉴도 정해놨어. 수육 국밥으로 통일하는 거콜?
알았어 맛있는 파전 먹을 생각하면서 남은 시간 버텨본다!"
979,일반 대화,"와 오늘 미세먼지 최악이다. 하늘 누렇게 변한 거 봤어?
제습기 틀어도 뽀송해지지가 않네. 빨리 장마 끝났으면.
이런 날은 집에 박혀서 공기청정기 풀가동하고 있어야 해.
주말까지 이 날씨가 계속 유지되어야 할 텐데 걱정이네.
핫팩도 챙겨. 요새 감기 걸리면 병원 가기도 힘드니까.
헐 진짜? 주말에 캠핑 예약 다 해놨는데 제발 아니었으면.
좋아. 뜨끈한 국밥 한 그릇 먹으면 몸이 싹 녹을 것 같아.
오 센스쟁이! 나도 최대한 빨리 업무 마무리하고 넘어갈게.
홈파티도 재밌지! 비 오면 빔프로젝터 들고 너네 집 갈게.
알았어 맛있는 파전 먹을 생각하면서 남은 시간 버텨본다!"
980,일반 대화,"오늘 날씨 진짜 춥지 않아? 귀가 떨어져 나가는 줄 알았어.
아침에 출근할 때 보니까 기분 좋더라. 막 놀러 가고 싶고.
이런 날은 집에 박혀서 공기청정기 풀가동하고 있어야 해.
내일도 계속 공기 안 좋대? 뉴스에서 혹시 뭐라고 하던?
주말에 비 온다는 소식 있던데? 기상청 예보 다시 확인해봐.
헐 진짜? 주말에 캠핑 예약 다 해놨는데 제발 아니었으면.
좋아. 뜨끈한 국밥 한 그릇 먹으면 몸이 싹 녹을 것 같아.
오늘 저녁엔 삼겹살 구워서 목에 낀 먼지 좀 내려보내야지.
내가 미리 메뉴도 정해놨어. 수육 국밥으로 통일하는 거콜?
그것도 좋은 플랜이네. 날씨 어떻게 되나 같이 지켜보자!"
981,일반 대화,"오늘 날씨 진짜 춥지 않아? 귀가 떨어져 나가는 줄 알았어.
나도 패딩 입을까 하다가 코트 입었는데 완전 후회 중이야.
내일 영하 10도까지 떨어진대. 외출 금지령 내려야 할 판.
내일 무조건 롱패딩 입고 목도리랑 장갑까지 챙겨야겠다.
핫팩도 챙겨. 요새 감기 걸리면 병원 가기도 힘드니까.
비 오는 건 싫지만 미세먼지 없어지면 환영이야 다행이다.
좋아. 뜨끈한 국밥 한 그릇 먹으면 몸이 싹 녹을 것 같아.
그랬으면 좋겠다. 만약 비 오면 집에서 홈파티나 해야지 뭐.
삼겹살 좋지. 핑계 훌륭하다. 맛있게 먹고 먼지 싹 내려.
알았어 맛있는 파전 먹을 생각하면서 남은 시간 버텨본다!"
982,일반 대화,"비가 며칠째 계속 내리네. 끈적거려서 기분 완전 별로야.
아침에 출근할 때 보니까 기분 좋더라. 막 놀러 가고 싶고.
이런 날은 집에 박혀서 공기청정기 풀가동하고 있어야 해.
파전 완전 좋지! 비 오는 날엔 기름진 거 먹어줘야 해.
핫팩도 챙겨. 요새 감기 걸리면 병원 가기도 힘드니까.
비 오는 건 싫지만 미세먼지 없어지면 환영이야 다행이다.
좋아. 뜨끈한 국밥 한 그릇 먹으면 몸이 싹 녹을 것 같아.
오늘 저녁엔 삼겹살 구워서 목에 낀 먼지 좀 내려보내야지.
홈파티도 재밌지! 비 오면 빔프로젝터 들고 너네 집 갈게.
알았어 맛있는 파전 먹을 생각하면서 남은 시간 버텨본다!"
983,일반 대화,"와 오늘 미세먼지 최악이다. 하늘 누렇게 변한 거 봤어?
제습기 틀어도 뽀송해지지가 않네. 빨리 장마 끝났으면.
내일 영하 10도까지 떨어진대. 외출 금지령 내려야 할 판.
내일도 계속 공기 안 좋대? 뉴스에서 혹시 뭐라고 하던?
막걸리는 내가 살게! 저번에 갔던 그 전집으로 가면 되겠다.
콜! 늦으면 자리 꽉 차니까 퇴근하자마자 엄청 달려야 해.
비 오고 나면 또 추워질 테니까 따뜻하게 챙겨 입어야겠다.
오늘 저녁엔 삼겹살 구워서 목에 낀 먼지 좀 내려보내야지.
삼겹살 좋지. 핑계 훌륭하다. 맛있게 먹고 먼지 싹 내려.
그것도 좋은 플랜이네. 날씨 어떻게 되나 같이 지켜보자!"
984,일반 대화,"오늘 날씨 진짜 춥지 않아? 귀가 떨어져 나가는 줄 알았어.
제습기 틀어도 뽀송해지지가 않네. 빨리 장마 끝났으면.
비 오니까 파전에 막걸리 땡겨. 오늘 퇴근하고 한잔 어때?
내일도 계속 공기 안 좋대? 뉴스에서 혹시 뭐라고 하던?
핫팩도 챙겨. 요새 감기 걸리면 병원 가기도 힘드니까.
너도 감기 조심해. 이따 점심엔 따뜻한 국물 있는 거 먹자.
좋아. 뜨끈한 국밥 한 그릇 먹으면 몸이 싹 녹을 것 같아.
오늘 저녁엔 삼겹살 구워서 목에 낀 먼지 좀 내려보내야지.
내가 미리 메뉴도 정해놨어. 수육 국밥으로 통일하는 거콜?
완벽해. 점심시간에 따뜻하게 몸 녹이자. 이따 식당에서 봐!"
985,일반 대화,"비가 며칠째 계속 내리네. 끈적거려서 기분 완전 별로야.
제습기 틀어도 뽀송해지지가 않네. 빨리 장마 끝났으면.
비 오니까 파전에 막걸리 땡겨. 오늘 퇴근하고 한잔 어때?
내일도 계속 공기 안 좋대? 뉴스에서 혹시 뭐라고 하던?
핫팩도 챙겨. 요새 감기 걸리면 병원 가기도 힘드니까.
콜! 늦으면 자리 꽉 차니까 퇴근하자마자 엄청 달려야 해.
비 오고 나면 또 추워질 테니까 따뜻하게 챙겨 입어야겠다.
오 센스쟁이! 나도 최대한 빨리 업무 마무리하고 넘어갈게.
조심히 오고 비 많이 오니까 우산 튼튼한 걸로 잘 챙겨 와.
내일 맑은 하늘 볼 수 있기를 기대하면서 오늘 푹 쉬자!"
986,일반 대화,"와 오늘 미세먼지 최악이다. 하늘 누렇게 변한 거 봤어?
마스크 안 썼으면 큰일 날 뻔했어. 숨쉬기도 너무 답답해.
이런 날씨엔 한강 가서 돗자리 깔고 누워있어야 하는데 휴.
주말까지 이 날씨가 계속 유지되어야 할 텐데 걱정이네.
주말에 비 온다는 소식 있던데? 기상청 예보 다시 확인해봐.
콜! 늦으면 자리 꽉 차니까 퇴근하자마자 엄청 달려야 해.
내가 5분 일찍 나가서 미리 자리 잡고 주문할 테니까 와.
오 센스쟁이! 나도 최대한 빨리 업무 마무리하고 넘어갈게.
내가 미리 메뉴도 정해놨어. 수육 국밥으로 통일하는 거콜?
알았어 맛있는 파전 먹을 생각하면서 남은 시간 버텨본다!"
987,일반 대화,"와 오늘 미세먼지 최악이다. 하늘 누렇게 변한 거 봤어?
제습기 틀어도 뽀송해지지가 않네. 빨리 장마 끝났으면.
내일 영하 10도까지 떨어진대. 외출 금지령 내려야 할 판.
파전 완전 좋지! 비 오는 날엔 기름진 거 먹어줘야 해.
핫팩도 챙겨. 요새 감기 걸리면 병원 가기도 힘드니까.
콜! 늦으면 자리 꽉 차니까 퇴근하자마자 엄청 달려야 해.
요새 기상청 자주 틀리니까 너무 걱정 마. 비 안 올 거야.
생각만 해도 좋다. 12시 땡 치면 바로 국밥집으로 뛰어가자.
홈파티도 재밌지! 비 오면 빔프로젝터 들고 너네 집 갈게.
완벽해. 점심시간에 따뜻하게 몸 녹이자. 이따 식당에서 봐!"
988,일반 대화,"비가 며칠째 계속 내리네. 끈적거려서 기분 완전 별로야.
나도 패딩 입을까 하다가 코트 입었는데 완전 후회 중이야.
내일 영하 10도까지 떨어진대. 외출 금지령 내려야 할 판.
내일도 계속 공기 안 좋대? 뉴스에서 혹시 뭐라고 하던?
내일 오후부터는 비 오면서 씻겨 내려간대. 완전 다행이지.
콜! 늦으면 자리 꽉 차니까 퇴근하자마자 엄청 달려야 해.
비 오고 나면 또 추워질 테니까 따뜻하게 챙겨 입어야겠다.
생각만 해도 좋다. 12시 땡 치면 바로 국밥집으로 뛰어가자.
홈파티도 재밌지! 비 오면 빔프로젝터 들고 너네 집 갈게.
그것도 좋은 플랜이네. 날씨 어떻게 되나 같이 지켜보자!"
989,일반 대화,"와 오늘 미세먼지 최악이다. 하늘 누렇게 변한 거 봤어?
아침에 출근할 때 보니까 기분 좋더라. 막 놀러 가고 싶고.
이런 날씨엔 한강 가서 돗자리 깔고 누워있어야 하는데 휴.
내일 무조건 롱패딩 입고 목도리랑 장갑까지 챙겨야겠다.
내일 오후부터는 비 오면서 씻겨 내려간대. 완전 다행이지.
콜! 늦으면 자리 꽉 차니까 퇴근하자마자 엄청 달려야 해.
내가 5분 일찍 나가서 미리 자리 잡고 주문할 테니까 와.
오 센스쟁이! 나도 최대한 빨리 업무 마무리하고 넘어갈게.
조심히 오고 비 많이 오니까 우산 튼튼한 걸로 잘 챙겨 와.
내일 맑은 하늘 볼 수 있기를 기대하면서 오늘 푹 쉬자!"
990,일반 대화,"오늘 날씨 진짜 춥지 않아? 귀가 떨어져 나가는 줄 알았어.
아침에 출근할 때 보니까 기분 좋더라. 막 놀러 가고 싶고.
비 오니까 파전에 막걸리 땡겨. 오늘 퇴근하고 한잔 어때?
주말까지 이 날씨가 계속 유지되어야 할 텐데 걱정이네.
핫팩도 챙겨. 요새 감기 걸리면 병원 가기도 힘드니까.
헐 진짜? 주말에 캠핑 예약 다 해놨는데 제발 아니었으면.
비 오고 나면 또 추워질 테니까 따뜻하게 챙겨 입어야겠다.
그랬으면 좋겠다. 만약 비 오면 집에서 홈파티나 해야지 뭐.
삼겹살 좋지. 핑계 훌륭하다. 맛있게 먹고 먼지 싹 내려.
완벽해. 점심시간에 따뜻하게 몸 녹이자. 이따 식당에서 봐!"
991,일반 대화,"비가 며칠째 계속 내리네. 끈적거려서 기분 완전 별로야.
나도 패딩 입을까 하다가 코트 입었는데 완전 후회 중이야.
이런 날은 집에 박혀서 공기청정기 풀가동하고 있어야 해.
내일도 계속 공기 안 좋대? 뉴스에서 혹시 뭐라고 하던?
내일 오후부터는 비 오면서 씻겨 내려간대. 완전 다행이지.
헐 진짜? 주말에 캠핑 예약 다 해놨는데 제발 아니었으면.
좋아. 뜨끈한 국밥 한 그릇 먹으면 몸이 싹 녹을 것 같아.
생각만 해도 좋다. 12시 땡 치면 바로 국밥집으로 뛰어가자.
홈파티도 재밌지! 비 오면 빔프로젝터 들고 너네 집 갈게.
알았어 맛있는 파전 먹을 생각하면서 남은 시간 버텨본다!"
992,일반 대화,"오늘 날씨 진짜 춥지 않아? 귀가 떨어져 나가는 줄 알았어.
나도 패딩 입을까 하다가 코트 입었는데 완전 후회 중이야.
이런 날은 집에 박혀서 공기청정기 풀가동하고 있어야 해.
파전 완전 좋지! 비 오는 날엔 기름진 거 먹어줘야 해.
막걸리는 내가 살게! 저번에 갔던 그 전집으로 가면 되겠다.
헐 진짜? 주말에 캠핑 예약 다 해놨는데 제발 아니었으면.
내가 5분 일찍 나가서 미리 자리 잡고 주문할 테니까 와.
그랬으면 좋겠다. 만약 비 오면 집에서 홈파티나 해야지 뭐.
홈파티도 재밌지! 비 오면 빔프로젝터 들고 너네 집 갈게.
내일 맑은 하늘 볼 수 있기를 기대하면서 오늘 푹 쉬자!"
993,일반 대화,"와 오늘 미세먼지 최악이다. 하늘 누렇게 변한 거 봤어?
제습기 틀어도 뽀송해지지가 않네. 빨리 장마 끝났으면.
이런 날씨엔 한강 가서 돗자리 깔고 누워있어야 하는데 휴.
파전 완전 좋지! 비 오는 날엔 기름진 거 먹어줘야 해.
막걸리는 내가 살게! 저번에 갔던 그 전집으로 가면 되겠다.
헐 진짜? 주말에 캠핑 예약 다 해놨는데 제발 아니었으면.
좋아. 뜨끈한 국밥 한 그릇 먹으면 몸이 싹 녹을 것 같아.
오늘 저녁엔 삼겹살 구워서 목에 낀 먼지 좀 내려보내야지.
내가 미리 메뉴도 정해놨어. 수육 국밥으로 통일하는 거콜?
내일 맑은 하늘 볼 수 있기를 기대하면서 오늘 푹 쉬자!"
994,일반 대화,"비가 며칠째 계속 내리네. 끈적거려서 기분 완전 별로야.
마스크 안 썼으면 큰일 날 뻔했어. 숨쉬기도 너무 답답해.
이런 날은 집에 박혀서 공기청정기 풀가동하고 있어야 해.
내일도 계속 공기 안 좋대? 뉴스에서 혹시 뭐라고 하던?
핫팩도 챙겨. 요새 감기 걸리면 병원 가기도 힘드니까.
비 오는 건 싫지만 미세먼지 없어지면 환영이야 다행이다.
좋아. 뜨끈한 국밥 한 그릇 먹으면 몸이 싹 녹을 것 같아.
오 센스쟁이! 나도 최대한 빨리 업무 마무리하고 넘어갈게.
삼겹살 좋지. 핑계 훌륭하다. 맛있게 먹고 먼지 싹 내려.
완벽해. 점심시간에 따뜻하게 몸 녹이자. 이따 식당에서 봐!"
995,일반 대화,"비가 며칠째 계속 내리네. 끈적거려서 기분 완전 별로야.
제습기 틀어도 뽀송해지지가 않네. 빨리 장마 끝났으면.
비 오니까 파전에 막걸리 땡겨. 오늘 퇴근하고 한잔 어때?
파전 완전 좋지! 비 오는 날엔 기름진 거 먹어줘야 해.
주말에 비 온다는 소식 있던데? 기상청 예보 다시 확인해봐.
콜! 늦으면 자리 꽉 차니까 퇴근하자마자 엄청 달려야 해.
내가 5분 일찍 나가서 미리 자리 잡고 주문할 테니까 와.
오늘 저녁엔 삼겹살 구워서 목에 낀 먼지 좀 내려보내야지.
삼겹살 좋지. 핑계 훌륭하다. 맛있게 먹고 먼지 싹 내려.
그것도 좋은 플랜이네. 날씨 어떻게 되나 같이 지켜보자!"
996,일반 대화,"오늘 하늘 맑은 거 봤어? 구름 한 점 없고 진짜 가을 하늘.
아침에 출근할 때 보니까 기분 좋더라. 막 놀러 가고 싶고.
이런 날은 집에 박혀서 공기청정기 풀가동하고 있어야 해.
주말까지 이 날씨가 계속 유지되어야 할 텐데 걱정이네.
핫팩도 챙겨. 요새 감기 걸리면 병원 가기도 힘드니까.
비 오는 건 싫지만 미세먼지 없어지면 환영이야 다행이다.
좋아. 뜨끈한 국밥 한 그릇 먹으면 몸이 싹 녹을 것 같아.
생각만 해도 좋다. 12시 땡 치면 바로 국밥집으로 뛰어가자.
홈파티도 재밌지! 비 오면 빔프로젝터 들고 너네 집 갈게.
그것도 좋은 플랜이네. 날씨 어떻게 되나 같이 지켜보자!"
997,일반 대화,"비가 며칠째 계속 내리네. 끈적거려서 기분 완전 별로야.
나도 패딩 입을까 하다가 코트 입었는데 완전 후회 중이야.
이런 날씨엔 한강 가서 돗자리 깔고 누워있어야 하는데 휴.
내일도 계속 공기 안 좋대? 뉴스에서 혹시 뭐라고 하던?
막걸리는 내가 살게! 저번에 갔던 그 전집으로 가면 되겠다.
헐 진짜? 주말에 캠핑 예약 다 해놨는데 제발 아니었으면.
비 오고 나면 또 추워질 테니까 따뜻하게 챙겨 입어야겠다.
그랬으면 좋겠다. 만약 비 오면 집에서 홈파티나 해야지 뭐.
조심히 오고 비 많이 오니까 우산 튼튼한 걸로 잘 챙겨 와.
그것도 좋은 플랜이네. 날씨 어떻게 되나 같이 지켜보자!"
998,일반 대화,"오늘 하늘 맑은 거 봤어? 구름 한 점 없고 진짜 가을 하늘.
아침에 출근할 때 보니까 기분 좋더라. 막 놀러 가고 싶고.
이런 날씨엔 한강 가서 돗자리 깔고 누워있어야 하는데 휴.
주말까지 이 날씨가 계속 유지되어야 할 텐데 걱정이네.
내일 오후부터는 비 오면서 씻겨 내려간대. 완전 다행이지.
헐 진짜? 주말에 캠핑 예약 다 해놨는데 제발 아니었으면.
내가 5분 일찍 나가서 미리 자리 잡고 주문할 테니까 와.
생각만 해도 좋다. 12시 땡 치면 바로 국밥집으로 뛰어가자.
홈파티도 재밌지! 비 오면 빔프로젝터 들고 너네 집 갈게.
내일 맑은 하늘 볼 수 있기를 기대하면서 오늘 푹 쉬자!"
999,일반 대화,"비가 며칠째 계속 내리네. 끈적거려서 기분 완전 별로야.
나도 패딩 입을까 하다가 코트 입었는데 완전 후회 중이야.
이런 날씨엔 한강 가서 돗자리 깔고 누워있어야 하는데 휴.
내일도 계속 공기 안 좋대? 뉴스에서 혹시 뭐라고 하던?
내일 오후부터는 비 오면서 씻겨 내려간대. 완전 다행이지.
너도 감기 조심해. 이따 점심엔 따뜻한 국물 있는 거 먹자.
비 오고 나면 또 추워질 테니까 따뜻하게 챙겨 입어야겠다.
그랬으면 좋겠다. 만약 비 오면 집에서 홈파티나 해야지 뭐.
내가 미리 메뉴도 정해놨어. 수육 국밥으로 통일하는 거콜?
알았어 맛있는 파전 먹을 생각하면서 남은 시간 버텨본다!"